DATE_TIME,SOURCE_KEY,DC_POWER,AC_POWER,DAILY_YIELD,TOTAL_YIELD
10-06-2020 19:00,uHbuxQJl8lW7ozc,0.0,0.0,6645.0,7240508.0
28-05-2020 00:15,rGa61gmuvPhdLxV,0.0,0.0,0.0,7206549.0
17-05-2020 15:15,sjndEbLyjtCKgGv,7333.875,718.0625,6442.0,7036055.0
01-06-2020 04:15,ih0vzX44oOqAx2f,0.0,0.0,0.0,6308232.0
17-05-2020 09:00,z9Y9gH1T5YWrNuG,7665.5,750.4375,961.375,7021701.375
11-06-2020 20:30,ih0vzX44oOqAx2f,0.0,0.0,5521.0,6386553.0
22-05-2020 01:30,ih0vzX44oOqAx2f,0.0,0.0,0.0,6233543.0
31-05-2020 13:45,1BY6WEcLGh8j5v7,3661.142857,358.7142857,4605.857143,6376733.857
10-06-2020 14:45,zVJPv84UY57bAof,962.875,93.5125,5609.75,7316065.75
21-05-2020 16:00,adLQvlD726eNBSB,4058.75,398.6875,7573.125,6321188.125
14-06-2020 17:45,3PZuoBAID5Wc2HD,568.0,54.9625,7480.125,7218199.125
26-05-2020 12:15,bvBOhCH3iADSZry,11830.14286,1153.828571,4028.142857,6396364.143
11-06-2020 07:00,pkci93gMrogZuBj,822.8571429,79.85714286,35.14285714,7369329.143
01-06-2020 19:45,ZoEaEvLYb1n2sOq,0.0,0.0,5796.0,7228440.0
01-06-2020 08:00,uHbuxQJl8lW7ozc,6027.714286,590.6142857,482.1428571,7165835.143
22-05-2020 20:15,ZnxXDlPa8U1GXgE,0.0,0.0,7275.0,6579139.0
22-05-2020 06:45,sjndEbLyjtCKgGv,1182.0,114.9428571,55.14285714,7065941.143
31-05-2020 07:45,3PZuoBAID5Wc2HD,2253.125,220.8875,197.875,7109685.875
15-05-2020 22:45,WRmjgnKYAwPKWDb,0.0,0.0,0.0,7034815.0
19-05-2020 13:30,rGa61gmuvPhdLxV,7763.428571,759.9285714,4325.285714,7141227.286
31-05-2020 01:15,1IF53ai7Xc0U56Y,0.0,0.0,0.0,6305543.0
29-05-2020 19:00,WRmjgnKYAwPKWDb,0.0,0.0,8038.0,7140899.0
15-05-2020 01:15,McdE0feGgRqW7Ca,0.0,0.0,0.0,7158964.0
08-06-2020 18:15,zBIq5rxdHJRwDNY,453.625,43.875,8350.5,6523261.5
17-06-2020 04:30,ih0vzX44oOqAx2f,0.0,0.0,0.0,6420371.0
04-06-2020 18:00,WRmjgnKYAwPKWDb,780.8571429,75.77142857,8022.0,7182649.0
27-05-2020 13:00,1BY6WEcLGh8j5v7,7683.0,751.625,4121.375,6347790.375
25-05-2020 20:30,pkci93gMrogZuBj,0.0,0.0,8812.0,7250519.0
04-06-2020 05:00,wCURE6d3bPkepu2,0.0,0.0,0.0,6930776.0
08-06-2020 20:00,McdE0feGgRqW7Ca,0.0,0.0,8580.0,7346782.0
02-06-2020 14:00,pkci93gMrogZuBj,6763.875,662.4875,5415.625,7305715.625
30-05-2020 03:30,uHbuxQJl8lW7ozc,0.0,0.0,0.0,7151932.0
19-05-2020 19:30,ZoEaEvLYb1n2sOq,0.0,0.0,6805.0,7130332.0
16-06-2020 10:45,WRmjgnKYAwPKWDb,8655.285714,846.4714286,2375.142857,7263690.143
27-05-2020 23:30,ih0vzX44oOqAx2f,0.0,0.0,6564.0,6278855.0
23-05-2020 02:45,bvBOhCH3iADSZry,0.0,0.0,0.0,6368908.0
14-06-2020 03:00,iCRJl6heRkivqQ3,0.0,0.0,0.0,7399855.0
08-06-2020 05:15,zVJPv84UY57bAof,0.0,0.0,0.0,7293790.0
23-05-2020 07:45,bvBOhCH3iADSZry,3447.857143,338.9571429,214.5714286,6369122.571
27-05-2020 04:45,1IF53ai7Xc0U56Y,0.0,0.0,0.0,6274638.0
15-06-2020 22:15,1IF53ai7Xc0U56Y,0.0,0.0,6846.0,6421214.0
12-06-2020 04:15,wCURE6d3bPkepu2,0.0,0.0,0.0,6988054.0
17-05-2020 12:30,3PZuoBAID5Wc2HD,7456.125,729.225,4564.5,7005253.5
31-05-2020 07:30,ZoEaEvLYb1n2sOq,1954.285714,191.5714286,142.1428571,7216990.143
25-05-2020 02:00,zVJPv84UY57bAof,0.0,0.0,0.0,7188796.0
13-06-2020 23:30,3PZuoBAID5Wc2HD,0.0,0.0,8633.0,7210719.0
15-06-2020 14:30,wCURE6d3bPkepu2,10571.28571,1032.071429,5366.571429,7015064.571
28-05-2020 08:30,zBIq5rxdHJRwDNY,6311.428571,618.3428571,652.0,6434735.0
25-05-2020 10:15,z9Y9gH1T5YWrNuG,11050.14286,1079.857143,2174.285714,7082812.286
11-06-2020 12:00,uHbuxQJl8lW7ozc,9306.0,910.2571429,2308.0,7242816.0
11-06-2020 15:00,wCURE6d3bPkepu2,7624.5,746.325,4481.75,6986884.75
17-06-2020 23:30,McdE0feGgRqW7Ca,0.0,0.0,5992.0,7408587.0
12-06-2020 17:15,VHMLBKoKgIrUVDU,1816.142857,178.0,5757.428571,7420768.429
02-06-2020 14:45,WRmjgnKYAwPKWDb,8506.142857,831.4285714,5969.857143,7165669.857
17-06-2020 14:15,1BY6WEcLGh8j5v7,5533.857143,542.4571429,4516.428571,6484314.429
23-05-2020 08:45,uHbuxQJl8lW7ozc,7643.571429,748.3,825.1428571,7096078.143
17-05-2020 10:15,1BY6WEcLGh8j5v7,9028.142857,883.1857143,1888.714286,6273493.714
07-06-2020 20:30,wCURE6d3bPkepu2,0.0,0.0,6433.0,6959527.0
11-06-2020 16:00,1IF53ai7Xc0U56Y,4941.5,484.725,5173.25,6391793.25
16-05-2020 20:15,WRmjgnKYAwPKWDb,0.0,0.0,6615.0,7041430.0
29-05-2020 15:15,McdE0feGgRqW7Ca,7511.625,735.425,7099.5,7272055.5
24-05-2020 14:30,bvBOhCH3iADSZry,6492.0,635.7,6034.714286,6382806.714
05-06-2020 06:45,1IF53ai7Xc0U56Y,1527.857143,149.3714286,43.85714286,6340898.857
16-06-2020 20:30,VHMLBKoKgIrUVDU,0.0,0.0,6332.0,7450201.0
09-06-2020 18:00,pkci93gMrogZuBj,869.7142857,84.44285714,8216.571429,7362692.571
14-06-2020 21:15,WRmjgnKYAwPKWDb,0.0,0.0,7405.0,7254584.0
06-06-2020 10:15,McdE0feGgRqW7Ca,9571.714286,934.9285714,2044.428571,7326725.429
16-06-2020 09:15,adLQvlD726eNBSB,6755.857143,661.7,1084.142857,6513086.143
31-05-2020 22:45,sjndEbLyjtCKgGv,0.0,0.0,5987.0,7142242.0
17-05-2020 23:15,iCRJl6heRkivqQ3,0.0,0.0,7519.0,7198367.0
09-06-2020 19:30,pkci93gMrogZuBj,0.0,0.0,8240.0,7362716.0
16-05-2020 23:45,ZnxXDlPa8U1GXgE,0.0,0.0,6676.0,6535152.0
13-06-2020 11:30,7JYdWkrLSPkdwr4,11094.5,1082.4375,3570.25,7815987.25
16-05-2020 10:30,YxYtjZvoooNbGkE,9287.285714,908.3714286,1870.428571,7188127.429
07-06-2020 10:00,VHMLBKoKgIrUVDU,6926.875,678.4,1511.5,7379500.5
19-05-2020 16:45,McdE0feGgRqW7Ca,3799.285714,373.3857143,6804.142857,7191895.143
07-06-2020 13:00,VHMLBKoKgIrUVDU,12663.42857,1234.685714,4976.714286,7382965.714
17-06-2020 17:00,VHMLBKoKgIrUVDU,1340.0,130.4,5868.0,7456069.0
01-06-2020 17:15,ih0vzX44oOqAx2f,976.4285714,94.85714286,5685.857143,6313917.857
13-06-2020 04:45,adLQvlD726eNBSB,0.0,0.0,0.0,6488722.0
02-06-2020 08:45,1BY6WEcLGh8j5v7,7080.571429,693.3285714,833.1428571,6384272.143
19-05-2020 16:30,VHMLBKoKgIrUVDU,4654.375,456.7125,6685.75,7239239.75
02-06-2020 09:30,ZnxXDlPa8U1GXgE,9799.0,957.3857143,1488.285714,6656931.286
05-06-2020 20:30,z9Y9gH1T5YWrNuG,0.0,0.0,7739.0,7171001.0
24-05-2020 09:30,1BY6WEcLGh8j5v7,8408.125,822.65,1285.125,6321688.125
03-06-2020 12:30,pkci93gMrogZuBj,11015.42857,1075.585714,3758.142857,7311408.143
26-05-2020 04:30,VHMLBKoKgIrUVDU,0.0,0.0,0.0,7289525.0
18-05-2020 12:30,uHbuxQJl8lW7ozc,8626.125,844.0625,2056.625,7060849.625
15-06-2020 09:00,WRmjgnKYAwPKWDb,8168.125,799.325,1120.5,7255704.5
21-05-2020 21:15,ih0vzX44oOqAx2f,0.0,0.0,0.0,6233543.0
07-06-2020 16:15,iCRJl6heRkivqQ3,6557.25,642.3,7691.875,7355925.875
13-06-2020 04:45,zBIq5rxdHJRwDNY,0.0,0.0,0.0,6549387.0
11-06-2020 03:45,iCRJl6heRkivqQ3,0.0,0.0,0.0,7379779.0
06-06-2020 13:45,7JYdWkrLSPkdwr4,9546.5,932.575,4960.5,7769100.5
02-06-2020 17:15,wCURE6d3bPkepu2,1572.0,153.6571429,7450.0,6922794.0
08-06-2020 18:00,uHbuxQJl8lW7ozc,855.1428571,82.98571429,8380.857143,7225529.857
20-05-2020 08:00,bvBOhCH3iADSZry,4833.125,474.125,375.0,6347282.0
12-06-2020 23:30,ih0vzX44oOqAx2f,0.0,0.0,5710.0,6392263.0
13-06-2020 03:45,adLQvlD726eNBSB,0.0,0.0,0.0,6488722.0
11-06-2020 14:30,uHbuxQJl8lW7ozc,9690.285714,946.8428571,4114.428571,7244622.429
31-05-2020 03:45,z9Y9gH1T5YWrNuG,0.0,0.0,0.0,7127597.0
30-05-2020 20:30,VHMLBKoKgIrUVDU,0.0,0.0,7270.0,7328329.0
21-05-2020 23:15,1BY6WEcLGh8j5v7,0.0,0.0,7243.0,6305589.0
31-05-2020 15:45,ih0vzX44oOqAx2f,3019.285714,296.5857143,5540.571429,6307807.571
07-06-2020 06:15,7JYdWkrLSPkdwr4,415.0,40.125,5.625,7770462.625
09-06-2020 16:15,z9Y9gH1T5YWrNuG,5627.142857,551.4571429,7064.857143,7198488.857
06-06-2020 04:45,pkci93gMrogZuBj,0.0,0.0,0.0,7331487.0
17-05-2020 20:15,3PZuoBAID5Wc2HD,0.0,0.0,7794.0,7008483.0
14-06-2020 01:45,bvBOhCH3iADSZry,0.0,0.0,0.0,6517642.0
06-06-2020 15:30,pkci93gMrogZuBj,4472.375,438.975,6063.75,7337550.75
16-05-2020 08:30,WRmjgnKYAwPKWDb,5936.857143,581.7571429,580.7142857,7035395.714
05-06-2020 19:45,pkci93gMrogZuBj,0.0,0.0,7796.0,7331487.0
27-05-2020 15:15,3PZuoBAID5Wc2HD,5357.0,525.2285714,5719.142857,7084430.143
16-06-2020 10:30,wCURE6d3bPkepu2,8568.0,838.3428571,2143.714286,7018587.714
08-06-2020 05:30,adLQvlD726eNBSB,0.0,0.0,0.0,6453384.0
05-06-2020 05:15,adLQvlD726eNBSB,0.0,0.0,0.0,6430581.0
04-06-2020 03:30,ZoEaEvLYb1n2sOq,0.0,0.0,0.0,7243501.0
26-05-2020 14:00,sjndEbLyjtCKgGv,9399.625,917.875,6021.625,7104132.625
01-06-2020 14:00,bvBOhCH3iADSZry,2696.571429,264.0857143,4654.714286,6437921.714
09-06-2020 06:45,3PZuoBAID5Wc2HD,1618.625,158.2375,55.625,7175788.625
16-05-2020 03:00,z9Y9gH1T5YWrNuG,0.0,0.0,0.0,7014252.0
14-06-2020 00:30,zBIq5rxdHJRwDNY,0.0,0.0,0.0,6557822.0
16-06-2020 08:30,ZnxXDlPa8U1GXgE,5789.285714,567.3857143,590.4285714,6759094.429
23-05-2020 17:15,sjndEbLyjtCKgGv,2882.285714,282.8428571,8316.857143,7081278.857
06-06-2020 04:45,YxYtjZvoooNbGkE,0.0,0.0,0.0,7342489.0
02-06-2020 10:30,uHbuxQJl8lW7ozc,7532.0,737.3,2311.0,7173253.0
17-06-2020 07:15,adLQvlD726eNBSB,2119.571429,207.8285714,61.42857143,6518459.429
05-06-2020 01:00,wCURE6d3bPkepu2,0.0,0.0,0.0,6939021.0
21-05-2020 09:00,wCURE6d3bPkepu2,8051.25,788.05,962.625,6825206.625
21-05-2020 14:15,VHMLBKoKgIrUVDU,8533.0,833.5285714,6248.142857,7254772.143
16-06-2020 10:45,sjndEbLyjtCKgGv,9520.375,930.5375,2346.5,7251885.5
17-05-2020 11:15,1BY6WEcLGh8j5v7,10160.14286,991.8285714,2945.142857,6274550.143
26-05-2020 08:00,ih0vzX44oOqAx2f,4994.857143,489.7285714,407.7142857,6264986.714
03-06-2020 05:15,ZoEaEvLYb1n2sOq,0.0,0.0,0.0,7235727.0
29-05-2020 08:45,1IF53ai7Xc0U56Y,5765.857143,565.0571429,680.1428571,6290638.143
07-06-2020 13:00,ZnxXDlPa8U1GXgE,12618.75,1230.3125,4942.125,6697996.125
29-05-2020 15:45,McdE0feGgRqW7Ca,7475.0,731.8625,7445.5,7272401.5
22-05-2020 22:00,iCRJl6heRkivqQ3,0.0,0.0,0.0,7234593.0
05-06-2020 13:00,ih0vzX44oOqAx2f,8035.25,786.4625,3961.0,6340980.0
17-06-2020 06:45,VHMLBKoKgIrUVDU,471.0,45.7,0.0,7450201.0
04-06-2020 22:00,uHbuxQJl8lW7ozc,0.0,0.0,0.0,7194535.0
17-06-2020 06:00,pkci93gMrogZuBj,0.0,0.0,0.0,7409478.0
03-06-2020 13:45,uHbuxQJl8lW7ozc,9056.5,885.95,5009.0,7183414.0
24-05-2020 23:45,ZoEaEvLYb1n2sOq,0.0,0.0,7985.0,7170169.0
25-05-2020 13:45,ZnxXDlPa8U1GXgE,11796.14286,1150.128571,6383.285714,6602139.286
11-06-2020 04:15,1IF53ai7Xc0U56Y,0.0,0.0,0.0,6386620.0
09-06-2020 09:15,WRmjgnKYAwPKWDb,7182.125,703.075,1311.75,7214312.75
28-05-2020 15:00,ih0vzX44oOqAx2f,9909.75,968.9875,7045.625,6285900.625
20-05-2020 05:15,1IF53ai7Xc0U56Y,0.0,0.0,0.0,6216430.0
06-06-2020 09:45,YxYtjZvoooNbGkE,7203.25,704.7375,1529.625,7344018.625
05-06-2020 07:00,1BY6WEcLGh8j5v7,1306.625,127.225,70.25,6405450.25
21-05-2020 07:45,z9Y9gH1T5YWrNuG,3321.0,326.28,312.6,7049573.6
18-05-2020 12:00,ZnxXDlPa8U1GXgE,8239.75,806.3625,1634.0,6544372.0
01-06-2020 00:45,iCRJl6heRkivqQ3,0.0,0.0,0.0,7304567.0
30-05-2020 16:15,adLQvlD726eNBSB,5647.25,553.45,6912.5,6394264.5
19-05-2020 23:45,z9Y9gH1T5YWrNuG,0.0,0.0,6892.0,7040465.0
06-06-2020 11:30,sjndEbLyjtCKgGv,7884.375,770.05,3101.125,7182378.125
14-06-2020 09:15,3PZuoBAID5Wc2HD,8665.125,847.8125,1088.5,7211807.5
11-06-2020 00:30,7JYdWkrLSPkdwr4,0.0,0.0,0.0,7801091.0
16-05-2020 05:45,ih0vzX44oOqAx2f,0.0,0.0,0.0,6191360.0
15-05-2020 22:45,zVJPv84UY57bAof,0.0,0.0,5965.0,7122116.0
13-06-2020 07:30,pkci93gMrogZuBj,3245.875,318.85,187.625,7380994.625
02-06-2020 22:15,ih0vzX44oOqAx2f,0.0,0.0,0.0,6321311.0
30-05-2020 17:00,7JYdWkrLSPkdwr4,3250.857143,319.5428571,6952.285714,7721787.286
16-05-2020 06:00,WRmjgnKYAwPKWDb,55.375,5.35,0.0,7034815.0
15-06-2020 00:45,WRmjgnKYAwPKWDb,0.0,0.0,0.0,7254584.0
16-05-2020 17:30,z9Y9gH1T5YWrNuG,1176.375,114.375,6443.75,7020695.75
22-05-2020 03:15,adLQvlD726eNBSB,0.0,0.0,0.0,6321573.0
27-05-2020 13:45,sjndEbLyjtCKgGv,4185.75,411.1875,4883.625,7110772.625
21-05-2020 13:00,z9Y9gH1T5YWrNuG,12289.85714,1198.671429,4912.571429,7054173.571
16-06-2020 22:00,WRmjgnKYAwPKWDb,0.0,0.0,6264.0,7267579.0
13-06-2020 19:15,1BY6WEcLGh8j5v7,0.0,0.0,7984.0,6463663.0
06-06-2020 16:45,z9Y9gH1T5YWrNuG,1283.875,124.9125,6214.125,7177215.125
29-05-2020 10:00,zVJPv84UY57bAof,9679.75,945.625,1600.875,7222073.875
23-05-2020 08:00,1IF53ai7Xc0U56Y,4667.142857,457.9857143,346.1428571,6240880.143
02-06-2020 10:15,ZnxXDlPa8U1GXgE,7320.285714,716.6857143,2188.714286,6657631.714
11-06-2020 08:30,7JYdWkrLSPkdwr4,3018.875,296.4625,326.25,7801417.25
08-06-2020 08:45,uHbuxQJl8lW7ozc,7230.375,707.9875,701.0,7217850.0
16-05-2020 13:45,McdE0feGgRqW7Ca,7624.625,746.325,4768.75,7170203.75
17-05-2020 00:00,bvBOhCH3iADSZry,0.0,0.0,0.0,6328648.0
11-06-2020 17:30,iCRJl6heRkivqQ3,1441.5,140.6125,5626.875,7385405.875
03-06-2020 20:30,zBIq5rxdHJRwDNY,0.0,0.0,7888.0,6484342.0
16-06-2020 09:45,uHbuxQJl8lW7ozc,8998.142857,880.2428571,1414.142857,7276157.143
11-06-2020 18:00,VHMLBKoKgIrUVDU,630.5,61.05,5700.375,7414995.375
17-06-2020 13:45,YxYtjZvoooNbGkE,8591.571429,840.0142857,4492.0,7424048.0
29-05-2020 11:45,1BY6WEcLGh8j5v7,11271.5,1100.0375,3223.75,6361033.75
15-06-2020 20:00,bvBOhCH3iADSZry,0.0,0.0,6192.0,6527792.0
02-06-2020 09:00,ih0vzX44oOqAx2f,6324.714286,619.6,1044.142857,6315027.143
22-05-2020 16:00,WRmjgnKYAwPKWDb,3257.0,320.2714286,6912.285714,7084270.286
14-06-2020 07:45,VHMLBKoKgIrUVDU,4609.571429,452.2714286,310.5714286,7429876.571
30-05-2020 10:30,uHbuxQJl8lW7ozc,5310.75,520.575,1404.25,7153336.25
17-05-2020 22:45,1BY6WEcLGh8j5v7,0.0,0.0,7045.0,6278650.0
03-06-2020 15:00,z9Y9gH1T5YWrNuG,12308.57143,1201.157143,6376.714286,7153650.714
24-05-2020 05:45,McdE0feGgRqW7Ca,0.0,0.0,0.0,7224636.0
02-06-2020 12:45,sjndEbLyjtCKgGv,11006.14286,1075.014286,4129.428571,7152137.429
04-06-2020 13:45,ih0vzX44oOqAx2f,10719.57143,1047.071429,5275.428571,6334285.429
02-06-2020 23:45,wCURE6d3bPkepu2,0.0,0.0,2821.875,6922869.0
05-06-2020 21:15,McdE0feGgRqW7Ca,0.0,0.0,7920.0,7324681.0
11-06-2020 21:15,3PZuoBAID5Wc2HD,0.0,0.0,5717.0,7196186.0
24-05-2020 00:45,pkci93gMrogZuBj,0.0,0.0,0.0,7233675.0
20-05-2020 21:30,VHMLBKoKgIrUVDU,0.0,0.0,8982.0,7248524.0
16-05-2020 04:45,1IF53ai7Xc0U56Y,0.0,0.0,0.0,6190002.0
28-05-2020 10:15,zBIq5rxdHJRwDNY,10181.25,995.35,2113.125,6436196.125
09-06-2020 16:30,rGa61gmuvPhdLxV,5310.125,520.5125,7792.375,7303756.375
10-06-2020 06:45,wCURE6d3bPkepu2,1310.285714,127.7,46.57142857,6976026.571
17-05-2020 00:30,ZnxXDlPa8U1GXgE,0.0,0.0,0.0,6535152.0
15-06-2020 19:15,pkci93gMrogZuBj,0.0,0.0,6795.0,7403217.0
15-06-2020 09:15,uHbuxQJl8lW7ozc,8879.875,868.7125,1309.875,7269146.875
12-06-2020 07:00,rGa61gmuvPhdLxV,941.4285714,91.47142857,40.57142857,7316472.571
26-05-2020 02:30,VHMLBKoKgIrUVDU,0.0,0.0,0.0,7289525.0
02-06-2020 18:15,pkci93gMrogZuBj,290.625,28.0875,7344.5,7307644.5
18-05-2020 22:15,zVJPv84UY57bAof,0.0,0.0,5390.0,7141405.0
24-05-2020 05:30,ZnxXDlPa8U1GXgE,0.0,0.0,0.0,6587728.0
31-05-2020 04:00,zBIq5rxdHJRwDNY,0.0,0.0,0.0,6457301.0
12-06-2020 22:45,VHMLBKoKgIrUVDU,0.0,0.0,5903.0,7420914.0
31-05-2020 16:30,sjndEbLyjtCKgGv,1812.428571,177.6428571,5745.0,7142000.0
12-06-2020 15:30,McdE0feGgRqW7Ca,5915.428571,579.6571429,5275.857143,7372648.857
18-05-2020 00:45,ZoEaEvLYb1n2sOq,0.0,0.0,0.0,7118208.0
23-05-2020 20:45,WRmjgnKYAwPKWDb,0.0,0.0,8431.0,7093026.0
20-05-2020 22:45,ih0vzX44oOqAx2f,0.0,0.0,8664.0,6225941.0
02-06-2020 11:30,7JYdWkrLSPkdwr4,6328.75,620.025,3004.375,7736628.375
27-05-2020 17:45,sjndEbLyjtCKgGv,620.4285714,60.07142857,6665.142857,7112554.143
19-05-2020 08:00,sjndEbLyjtCKgGv,1944.142857,190.4571429,319.7142857,7042724.714
15-06-2020 04:15,VHMLBKoKgIrUVDU,0.0,0.0,0.0,7437055.0
16-05-2020 04:00,McdE0feGgRqW7Ca,0.0,0.0,0.0,7165435.0
17-06-2020 09:00,YxYtjZvoooNbGkE,5087.428571,498.7285714,689.7142857,7420245.714
10-06-2020 14:15,VHMLBKoKgIrUVDU,9083.142857,888.4714286,5245.428571,7408061.429
11-06-2020 12:00,z9Y9gH1T5YWrNuG,9448.0,924.0714286,2273.285714,7207738.286
13-06-2020 08:15,1BY6WEcLGh8j5v7,5900.875,578.2125,518.875,6456197.875
04-06-2020 20:30,sjndEbLyjtCKgGv,0.0,0.0,0.0,7171518.0
10-06-2020 01:30,zBIq5rxdHJRwDNY,0.0,0.0,0.0,6531405.0
19-05-2020 03:15,bvBOhCH3iADSZry,0.0,0.0,0.0,6340538.0
19-05-2020 17:15,ZoEaEvLYb1n2sOq,1815.857143,177.9142857,6738.714286,7130265.714
22-05-2020 01:15,bvBOhCH3iADSZry,0.0,0.0,0.0,6362148.0
21-05-2020 16:45,ZoEaEvLYb1n2sOq,2599.125,254.9375,7510.5,7146578.5
27-05-2020 00:30,z9Y9gH1T5YWrNuG,0.0,0.0,0.0,7097183.0
27-05-2020 08:45,YxYtjZvoooNbGkE,7634.125,747.4,822.875,7270155.875
10-06-2020 09:15,1BY6WEcLGh8j5v7,6528.0,639.5285714,971.8571429,6440041.857
23-05-2020 19:15,z9Y9gH1T5YWrNuG,0.0,0.0,8543.0,7072762.0
14-06-2020 14:45,ih0vzX44oOqAx2f,6361.5,623.2,5832.125,6406350.125
20-05-2020 10:45,zVJPv84UY57bAof,11063.28571,1081.142857,2693.142857,7151030.143
11-06-2020 23:00,wCURE6d3bPkepu2,0.0,0.0,5651.0,6988054.0
28-05-2020 14:45,7JYdWkrLSPkdwr4,7921.714286,775.2,6811.428571,7705361.429
22-05-2020 04:15,wCURE6d3bPkepu2,0.0,0.0,0.0,6832055.0
30-05-2020 03:30,zVJPv84UY57bAof,0.0,0.0,0.0,7228687.0
04-06-2020 12:00,pkci93gMrogZuBj,13048.57143,1272.214286,3585.857143,7319021.857
06-06-2020 08:45,iCRJl6heRkivqQ3,6326.857143,619.8142857,925.0,7342728.0
13-06-2020 02:00,bvBOhCH3iADSZry,0.0,0.0,0.0,6509779.0
21-05-2020 15:30,1IF53ai7Xc0U56Y,7926.125,775.7375,7150.625,6232577.625
06-06-2020 14:45,pkci93gMrogZuBj,2457.857143,241.1,5740.571429,7337227.571
16-05-2020 22:45,zVJPv84UY57bAof,0.0,0.0,6419.0,7128535.0
07-06-2020 19:15,ih0vzX44oOqAx2f,0.0,0.0,8019.0,6358692.0
26-05-2020 05:00,zVJPv84UY57bAof,0.0,0.0,0.0,7197609.0
18-05-2020 10:15,uHbuxQJl8lW7ozc,2257.75,221.375,680.125,7059473.125
14-06-2020 13:30,ZoEaEvLYb1n2sOq,9934.285714,971.3571429,4606.714286,7320369.714
28-05-2020 03:30,sjndEbLyjtCKgGv,0.0,0.0,0.0,7112565.0
15-06-2020 12:15,adLQvlD726eNBSB,5961.285714,584.1142857,4142.571429,6509228.571
08-06-2020 04:00,adLQvlD726eNBSB,0.0,0.0,0.0,6453384.0
07-06-2020 05:00,zBIq5rxdHJRwDNY,0.0,0.0,0.0,6506728.0
15-06-2020 13:30,ih0vzX44oOqAx2f,3468.625,340.4625,4728.625,6412411.625
21-05-2020 17:45,ZnxXDlPa8U1GXgE,438.375,42.3875,7806.625,6571851.625
13-06-2020 19:30,bvBOhCH3iADSZry,0.0,0.0,7863.0,6517642.0
03-06-2020 21:00,ZoEaEvLYb1n2sOq,0.0,0.0,7774.0,7243501.0
05-06-2020 16:30,uHbuxQJl8lW7ozc,6255.428571,612.8285714,7234.142857,7201769.143
05-06-2020 05:00,zVJPv84UY57bAof,0.0,0.0,0.0,7271273.0
26-05-2020 08:30,z9Y9gH1T5YWrNuG,6734.714286,659.6714286,695.2857143,7090135.286
31-05-2020 08:15,bvBOhCH3iADSZry,3302.0,324.35,308.75,6427989.75
21-05-2020 16:30,1BY6WEcLGh8j5v7,3912.125,384.2125,7058.25,6305404.25
06-06-2020 11:45,zBIq5rxdHJRwDNY,5812.5,568.225,3262.75,6503564.75
04-06-2020 21:45,7JYdWkrLSPkdwr4,0.0,0.0,7999.0,7756621.0
29-05-2020 16:15,1BY6WEcLGh8j5v7,5846.571429,572.9428571,7132.142857,6364942.143
13-06-2020 00:15,3PZuoBAID5Wc2HD,0.0,0.0,0.0,7202086.0
28-05-2020 18:15,uHbuxQJl8lW7ozc,280.4285714,27.1,8370.428571,7143628.429
03-06-2020 07:15,1IF53ai7Xc0U56Y,2287.25,224.2625,108.75,6324892.75
20-05-2020 18:15,WRmjgnKYAwPKWDb,347.375,33.5875,8788.5,7069720.5
22-05-2020 02:00,YxYtjZvoooNbGkE,0.0,0.0,0.0,7229034.0
12-06-2020 15:15,uHbuxQJl8lW7ozc,4921.714286,482.5571429,5081.428571,7251287.429
22-05-2020 15:30,sjndEbLyjtCKgGv,4268.375,418.9125,6545.0,7072431.0
14-06-2020 14:45,wCURE6d3bPkepu2,6499.142857,636.6428571,5953.285714,7008322.286
31-05-2020 05:30,3PZuoBAID5Wc2HD,0.0,0.0,0.0,7109488.0
22-05-2020 06:15,ZoEaEvLYb1n2sOq,564.1428571,54.58571429,11.42857143,7146696.429
11-06-2020 13:45,adLQvlD726eNBSB,6528.5,639.5125,3614.125,6480558.125
12-06-2020 04:45,ih0vzX44oOqAx2f,0.0,0.0,0.0,6386553.0
13-06-2020 16:15,wCURE6d3bPkepu2,3241.5,317.975,8123.0,7002031.0
06-06-2020 02:45,uHbuxQJl8lW7ozc,0.0,0.0,0.0,7202373.0
13-06-2020 16:15,McdE0feGgRqW7Ca,3289.0,322.65,8250.125,7381578.125
20-05-2020 08:15,adLQvlD726eNBSB,6322.25,619.375,582.5,6305095.5
17-06-2020 19:00,1IF53ai7Xc0U56Y,0.0,0.0,6034.0,6433566.0
28-05-2020 18:30,3PZuoBAID5Wc2HD,81.14285714,7.828571429,8527.714286,7093978.714
21-05-2020 17:00,iCRJl6heRkivqQ3,1067.375,103.75,7770.5,7227375.5
16-05-2020 14:00,z9Y9gH1T5YWrNuG,6762.142857,662.2285714,4904.857143,7019156.857
17-06-2020 13:15,7JYdWkrLSPkdwr4,9432.142857,922.1714286,4024.285714,7844989.286
25-05-2020 15:00,sjndEbLyjtCKgGv,10245.57143,1001.685714,7558.0,7096909.0
17-06-2020 19:45,1IF53ai7Xc0U56Y,0.0,0.0,6034.0,6433566.0
19-05-2020 11:15,7JYdWkrLSPkdwr4,7358.428571,719.5142857,2326.285714,7630698.286
25-05-2020 13:00,rGa61gmuvPhdLxV,12427.0,1211.6375,5413.5,7188708.5
10-06-2020 05:00,iCRJl6heRkivqQ3,0.0,0.0,0.0,7373220.0
05-06-2020 17:30,uHbuxQJl8lW7ozc,3849.857143,378.3285714,7685.285714,7202220.286
10-06-2020 10:30,adLQvlD726eNBSB,7217.375,706.25,1987.5,6472264.5
25-05-2020 04:45,VHMLBKoKgIrUVDU,0.0,0.0,0.0,7280512.0
31-05-2020 21:00,zBIq5rxdHJRwDNY,0.0,0.0,0.0,6463239.0
17-05-2020 18:45,3PZuoBAID5Wc2HD,0.0,0.0,7794.0,7008483.0
07-06-2020 00:45,uHbuxQJl8lW7ozc,0.0,0.0,0.0,7208855.0
07-06-2020 14:15,ZoEaEvLYb1n2sOq,9206.571429,899.2714286,6122.857143,7271490.857
24-05-2020 20:45,1BY6WEcLGh8j5v7,0.0,0.0,7537.0,6327940.0
16-05-2020 17:00,sjndEbLyjtCKgGv,1964.375,192.55,6309.5,7029491.5
23-05-2020 18:30,ZoEaEvLYb1n2sOq,31.375,3.0125,8470.875,7162183.875
13-06-2020 20:45,rGa61gmuvPhdLxV,0.0,0.0,8389.0,7330670.0
22-05-2020 17:30,rGa61gmuvPhdLxV,708.25,68.625,6714.5,7167113.5
13-06-2020 19:45,zBIq5rxdHJRwDNY,0.0,0.0,8435.0,6557822.0
29-05-2020 06:45,adLQvlD726eNBSB,1596.375,156.0625,51.0,6379060.0
15-06-2020 05:15,WRmjgnKYAwPKWDb,0.0,0.0,0.0,7254584.0
05-06-2020 10:45,adLQvlD726eNBSB,11010.75,1074.975,2515.5,6433096.5
22-05-2020 11:30,rGa61gmuvPhdLxV,13087.33333,1276.0,2691.666667,7163013.0
17-06-2020 18:15,McdE0feGgRqW7Ca,344.0,33.2375,5985.375,7408580.375
02-06-2020 02:15,z9Y9gH1T5YWrNuG,0.0,0.0,0.0,7139828.0
02-06-2020 10:30,zBIq5rxdHJRwDNY,6970.285714,682.5285714,2250.714286,6471283.714
05-06-2020 16:30,rGa61gmuvPhdLxV,6669.285714,653.2428571,7133.428571,7272482.429
23-05-2020 20:45,sjndEbLyjtCKgGv,0.0,0.0,8487.0,7081449.0
21-05-2020 17:30,uHbuxQJl8lW7ozc,599.125,57.975,7835.875,7087946.875
13-06-2020 07:00,3PZuoBAID5Wc2HD,2039.0,199.8714286,80.57142857,7202166.571
28-05-2020 07:00,3PZuoBAID5Wc2HD,2186.5,214.3875,98.375,7085549.375
18-05-2020 00:00,1BY6WEcLGh8j5v7,0.0,0.0,0.0,6278650.0
05-06-2020 01:15,rGa61gmuvPhdLxV,0.0,0.0,0.0,7265349.0
12-06-2020 11:00,3PZuoBAID5Wc2HD,6257.571429,613.0571429,1789.142857,7197975.143
29-05-2020 17:00,pkci93gMrogZuBj,3366.875,330.875,8113.125,7281371.125
31-05-2020 12:30,7JYdWkrLSPkdwr4,7417.571429,725.4285714,3495.142857,7725473.143
22-05-2020 08:30,iCRJl6heRkivqQ3,2633.625,258.275,678.125,7228120.125
18-05-2020 16:15,1IF53ai7Xc0U56Y,4213.428571,413.8,5079.714286,6209432.714
31-05-2020 07:30,z9Y9gH1T5YWrNuG,1985.5,194.6375,141.75,7127738.75
17-06-2020 23:15,z9Y9gH1T5YWrNuG,0.0,0.0,5819.0,7251204.0
06-06-2020 17:00,WRmjgnKYAwPKWDb,892.75,86.6875,6288.75,7196558.75
28-05-2020 12:30,sjndEbLyjtCKgGv,10861.14286,1059.771429,4682.285714,7117247.286
14-06-2020 17:00,iCRJl6heRkivqQ3,1774.875,173.95,7249.375,7407104.375
14-06-2020 09:30,pkci93gMrogZuBj,7766.714286,760.3142857,1252.857143,7390413.857
10-06-2020 21:30,1IF53ai7Xc0U56Y,0.0,0.0,6598.0,6386620.0
04-06-2020 07:30,pkci93gMrogZuBj,2426.571429,237.9714286,191.7142857,7315627.714
13-06-2020 03:00,uHbuxQJl8lW7ozc,0.0,0.0,0.0,7252094.0
25-05-2020 01:45,zBIq5rxdHJRwDNY,0.0,0.0,0.0,6411758.0
17-05-2020 20:00,zVJPv84UY57bAof,0.0,0.0,7480.0,7136015.0
22-05-2020 17:45,WRmjgnKYAwPKWDb,510.5,49.3875,7221.375,7084579.375
22-05-2020 04:15,7JYdWkrLSPkdwr4,0.0,0.0,0.0,7651635.0
22-05-2020 11:15,McdE0feGgRqW7Ca,7530.0,736.2625,2125.5,7211180.5
05-06-2020 08:30,ih0vzX44oOqAx2f,6685.571429,654.8714286,491.0,6337510.0
17-05-2020 16:30,VHMLBKoKgIrUVDU,4341.5,425.875,7412.25,7226792.25
15-06-2020 09:45,McdE0feGgRqW7Ca,9134.0,893.1571429,1812.714286,7391170.714
05-06-2020 12:15,1BY6WEcLGh8j5v7,3853.5,378.5,3493.0,6408873.0
09-06-2020 23:00,WRmjgnKYAwPKWDb,0.0,0.0,7977.0,7220978.0
27-05-2020 01:45,McdE0feGgRqW7Ca,0.0,0.0,0.0,7249560.0
12-06-2020 08:45,sjndEbLyjtCKgGv,4084.142857,401.2142857,370.2857143,7221624.286
22-05-2020 20:15,ih0vzX44oOqAx2f,0.0,0.0,7000.0,6240543.0
01-06-2020 02:45,rGa61gmuvPhdLxV,0.0,0.0,0.0,7236332.0
17-05-2020 21:30,z9Y9gH1T5YWrNuG,0.0,0.0,7486.0,7028226.0
27-05-2020 09:15,ih0vzX44oOqAx2f,7342.0,718.76,1183.6,6273478.667
31-05-2020 03:00,YxYtjZvoooNbGkE,0.0,0.0,0.0,7299769.0
06-06-2020 00:00,bvBOhCH3iADSZry,0.0,0.0,0.0,6467251.0
09-06-2020 20:00,VHMLBKoKgIrUVDU,0.0,0.0,8120.0,7402816.0
16-05-2020 06:15,iCRJl6heRkivqQ3,332.75,32.15,3.75,7184413.75
05-06-2020 06:00,wCURE6d3bPkepu2,99.57142857,9.614285714,0.0,6939021.0
26-05-2020 09:45,wCURE6d3bPkepu2,10161.25,993.475,1719.625,6866369.625
02-06-2020 02:45,ih0vzX44oOqAx2f,0.0,0.0,0.0,6313983.0
06-06-2020 07:45,adLQvlD726eNBSB,5015.0,491.6428571,398.0,6438826.0
28-05-2020 05:45,z9Y9gH1T5YWrNuG,0.0,0.0,0.0,7103885.0
07-06-2020 00:45,pkci93gMrogZuBj,0.0,0.0,0.0,7337918.0
06-06-2020 12:45,iCRJl6heRkivqQ3,9894.5,966.075,4122.25,7345925.25
29-05-2020 07:15,7JYdWkrLSPkdwr4,1990.875,195.175,141.375,7706969.375
15-05-2020 19:45,YxYtjZvoooNbGkE,0.0,0.0,6291.0,7186257.0
01-06-2020 17:45,sjndEbLyjtCKgGv,697.1428571,67.55714286,5736.857143,7147978.857
02-06-2020 21:15,1BY6WEcLGh8j5v7,0.0,0.0,7029.0,6390468.0
15-06-2020 23:45,ih0vzX44oOqAx2f,0.0,0.0,6564.0,6414247.0
16-06-2020 14:00,zVJPv84UY57bAof,6645.285714,650.7714286,4624.428571,7355724.429
28-05-2020 01:15,rGa61gmuvPhdLxV,0.0,0.0,0.0,7206549.0
15-05-2020 05:00,sjndEbLyjtCKgGv,0.0,0.0,0.0,7016832.0
07-06-2020 16:45,3PZuoBAID5Wc2HD,5013.142857,491.5428571,7908.428571,7166890.429
21-05-2020 15:00,zBIq5rxdHJRwDNY,9491.25,927.8,6729.125,6387591.125
30-05-2020 01:45,WRmjgnKYAwPKWDb,0.0,0.0,0.0,7140899.0
07-06-2020 00:30,adLQvlD726eNBSB,0.0,0.0,0.0,6445031.0
15-06-2020 01:30,WRmjgnKYAwPKWDb,0.0,0.0,0.0,7254584.0
30-05-2020 21:00,wCURE6d3bPkepu2,0.0,0.0,7278.0,6903158.0
15-06-2020 04:15,ZnxXDlPa8U1GXgE,0.0,0.0,0.0,6751747.0
01-06-2020 08:15,iCRJl6heRkivqQ3,6093.125,597.0625,633.5,7305200.5
11-06-2020 09:30,adLQvlD726eNBSB,4589.875,450.4125,726.25,6477670.25
17-05-2020 14:00,adLQvlD726eNBSB,7420.25,725.625,5915.375,6290358.375
17-05-2020 13:45,uHbuxQJl8lW7ozc,7982.875,780.175,5310.0,7056649.0
07-06-2020 21:30,1IF53ai7Xc0U56Y,0.0,0.0,8239.0,6363338.0
17-06-2020 03:30,ZnxXDlPa8U1GXgE,0.0,0.0,0.0,6764808.0
06-06-2020 15:30,iCRJl6heRkivqQ3,4378.5,429.775,6065.25,7347868.25
21-05-2020 15:45,uHbuxQJl8lW7ozc,5287.571429,518.4428571,7367.0,7087478.0
04-06-2020 00:30,wCURE6d3bPkepu2,0.0,0.0,0.0,6930776.0
13-06-2020 03:00,adLQvlD726eNBSB,0.0,0.0,0.0,6488722.0
31-05-2020 14:00,ZnxXDlPa8U1GXgE,11248.125,1097.7875,5038.75,6648421.75
01-06-2020 01:00,7JYdWkrLSPkdwr4,0.0,0.0,0.0,7727821.0
22-05-2020 23:30,sjndEbLyjtCKgGv,0.0,0.0,0.0,7072962.0
09-06-2020 14:45,z9Y9gH1T5YWrNuG,7729.714286,756.5,5933.857143,7197357.857
13-06-2020 20:45,adLQvlD726eNBSB,0.0,0.0,8774.0,6497496.0
09-06-2020 13:00,zBIq5rxdHJRwDNY,10314.42857,1006.928571,4950.142857,6528219.143
09-06-2020 12:15,1BY6WEcLGh8j5v7,8553.5,835.4625,3960.375,6435574.375
15-05-2020 11:00,rGa61gmuvPhdLxV,10648.85714,1039.528571,2089.285714,7113582.286
02-06-2020 11:15,ZnxXDlPa8U1GXgE,7024.285714,687.8285714,2986.857143,6658429.857
09-06-2020 01:30,wCURE6d3bPkepu2,0.0,0.0,0.0,6967970.0
27-05-2020 21:45,7JYdWkrLSPkdwr4,0.0,0.0,6638.0,7698550.0
17-05-2020 10:15,bvBOhCH3iADSZry,8921.571429,872.8285714,1861.857143,6330509.857
09-06-2020 07:45,7JYdWkrLSPkdwr4,2536.375,248.925,294.5,7787087.5
08-06-2020 23:00,zVJPv84UY57bAof,0.0,0.0,8377.0,7302167.0
29-05-2020 16:00,7JYdWkrLSPkdwr4,6745.142857,660.6714286,7389.142857,7714217.143
14-06-2020 22:30,zVJPv84UY57bAof,0.0,0.0,7320.0,7344280.0
21-05-2020 23:00,McdE0feGgRqW7Ca,0.0,0.0,7993.0,7209055.0
26-05-2020 07:30,ih0vzX44oOqAx2f,3285.428571,322.8714286,202.0,6264781.0
11-06-2020 14:00,wCURE6d3bPkepu2,6695.75,655.8125,3664.625,6986067.625
10-06-2020 06:45,iCRJl6heRkivqQ3,1300.75,126.525,47.75,7373267.75
16-06-2020 20:00,z9Y9gH1T5YWrNuG,0.0,0.0,6201.0,7245385.0
05-06-2020 04:30,WRmjgnKYAwPKWDb,0.0,0.0,0.0,7182665.0
27-05-2020 12:00,ZnxXDlPa8U1GXgE,10654.0,1040.225,3711.875,6616360.875
08-06-2020 01:45,YxYtjZvoooNbGkE,0.0,0.0,0.0,7356967.0
29-05-2020 08:45,WRmjgnKYAwPKWDb,5657.714286,554.4857143,670.8571429,7133531.857
26-05-2020 07:15,wCURE6d3bPkepu2,2418.625,237.175,128.75,6864778.75
20-05-2020 21:45,1IF53ai7Xc0U56Y,0.0,0.0,8997.0,6225427.0
08-06-2020 16:30,McdE0feGgRqW7Ca,5275.714286,517.3,8109.714286,7346311.714
12-06-2020 06:45,z9Y9gH1T5YWrNuG,690.7142857,66.92857143,20.14285714,7211084.143
06-06-2020 16:45,uHbuxQJl8lW7ozc,1329.428571,129.3714286,6406.857143,7208779.857
20-05-2020 19:30,sjndEbLyjtCKgGv,0.0,0.0,8777.0,7058061.0
25-05-2020 12:15,1IF53ai7Xc0U56Y,12899.0,1257.657143,4689.0,6262169.0
22-05-2020 01:30,McdE0feGgRqW7Ca,0.0,0.0,0.0,7209055.0
07-06-2020 16:30,ZnxXDlPa8U1GXgE,3471.571429,340.7428571,7767.428571,6700821.429
07-06-2020 03:00,YxYtjZvoooNbGkE,0.0,0.0,0.0,7348812.0
13-06-2020 05:15,ih0vzX44oOqAx2f,0.0,0.0,0.0,6392263.0
21-05-2020 11:45,zVJPv84UY57bAof,12390.875,1208.475,3589.75,7160768.75
06-06-2020 18:00,WRmjgnKYAwPKWDb,231.7142857,22.35714286,6336.0,7196606.0
28-05-2020 20:30,WRmjgnKYAwPKWDb,0.0,0.0,8323.0,7132861.0
08-06-2020 07:30,adLQvlD726eNBSB,2755.857143,270.3714286,187.7142857,6453571.714
12-06-2020 03:30,YxYtjZvoooNbGkE,0.0,0.0,0.0,7385279.0
03-06-2020 01:45,iCRJl6heRkivqQ3,0.0,0.0,0.0,7317813.0
08-06-2020 12:15,zBIq5rxdHJRwDNY,8525.857143,834.1285714,4273.857143,6519184.857
02-06-2020 19:15,bvBOhCH3iADSZry,0.0,0.0,6842.0,6445487.0
08-06-2020 22:00,YxYtjZvoooNbGkE,0.0,0.0,8343.0,7365310.0
27-05-2020 17:45,ih0vzX44oOqAx2f,614.7142857,59.51428571,6546.285714,6278837.286
20-05-2020 10:00,pkci93gMrogZuBj,10207.25,997.9375,1881.125,7203230.125
16-05-2020 21:45,uHbuxQJl8lW7ozc,0.0,0.0,6271.0,7051339.0
26-05-2020 10:45,adLQvlD726eNBSB,12155.75,1185.9125,2949.0,6358243.0
18-05-2020 09:00,iCRJl6heRkivqQ3,1754.714286,172.0,471.7142857,7198838.714
25-05-2020 09:15,McdE0feGgRqW7Ca,9138.625,893.9875,1214.625,7233905.625
26-05-2020 00:00,uHbuxQJl8lW7ozc,0.0,0.0,0.0,7120696.0
29-05-2020 08:30,ZoEaEvLYb1n2sOq,5019.125,492.175,523.0,7202061.0
23-05-2020 22:15,YxYtjZvoooNbGkE,0.0,0.0,8559.0,7244680.0
28-05-2020 15:15,sjndEbLyjtCKgGv,9106.0,890.775,7278.5,7119843.5
22-05-2020 18:45,VHMLBKoKgIrUVDU,0.0,0.0,7360.0,7263721.0
26-05-2020 10:45,z9Y9gH1T5YWrNuG,12196.375,1189.825,2826.125,7092266.125
11-06-2020 08:00,YxYtjZvoooNbGkE,2555.625,250.625,186.0,7379873.0
10-06-2020 07:00,3PZuoBAID5Wc2HD,2226.375,218.2875,97.875,7184016.875
16-05-2020 21:45,iCRJl6heRkivqQ3,0.0,0.0,6438.0,7190848.0
21-05-2020 11:45,pkci93gMrogZuBj,12264.75,1196.1875,3542.75,7213740.75
14-06-2020 17:30,1IF53ai7Xc0U56Y,1050.625,102.2375,7443.25,6414324.25
24-05-2020 20:30,1IF53ai7Xc0U56Y,0.0,0.0,8273.0,6257480.0
23-05-2020 15:30,wCURE6d3bPkepu2,8893.0,870.075,7467.5,6846692.5
23-05-2020 23:15,pkci93gMrogZuBj,0.0,0.0,8475.0,7233675.0
08-06-2020 12:45,7JYdWkrLSPkdwr4,6412.714286,628.1142857,4784.571429,7783294.571
03-06-2020 05:00,ZoEaEvLYb1n2sOq,0.0,0.0,0.0,7235727.0
25-05-2020 00:15,uHbuxQJl8lW7ozc,0.0,0.0,0.0,7111852.0
13-06-2020 16:30,iCRJl6heRkivqQ3,3595.25,353.1,8234.75,7399593.75
30-05-2020 08:30,YxYtjZvoooNbGkE,3543.75,348.3625,478.875,7292981.875
25-05-2020 14:00,YxYtjZvoooNbGkE,11448.375,1117.55,6597.5,7259248.5
08-06-2020 11:45,1BY6WEcLGh8j5v7,9205.714286,900.3428571,3585.428571,6427335.429
18-05-2020 22:45,McdE0feGgRqW7Ca,0.0,0.0,5464.0,7185091.0
16-06-2020 13:30,wCURE6d3bPkepu2,8425.25,824.125,4323.125,7020767.125
31-05-2020 18:45,7JYdWkrLSPkdwr4,0.0,0.0,5843.0,7727821.0
15-05-2020 10:15,ZnxXDlPa8U1GXgE,7869.857143,769.8428571,1494.857143,6523666.857
17-05-2020 17:45,7JYdWkrLSPkdwr4,855.1428571,82.98571429,7506.714286,7623043.714
01-06-2020 11:30,1IF53ai7Xc0U56Y,13064.85714,1274.528571,3526.714286,6314958.714
13-06-2020 07:30,VHMLBKoKgIrUVDU,3515.571429,345.6,208.5714286,7421122.571
02-06-2020 04:00,7JYdWkrLSPkdwr4,0.0,0.0,0.0,7733624.0
31-05-2020 17:00,WRmjgnKYAwPKWDb,1972.285714,193.3571429,5685.0,7153714.0
15-05-2020 13:15,z9Y9gH1T5YWrNuG,6558.285714,642.4142857,3836.0,7011702.0
04-06-2020 22:15,zBIq5rxdHJRwDNY,0.0,0.0,0.0,6492579.0
17-05-2020 05:00,wCURE6d3bPkepu2,0.0,0.0,0.0,6795470.0
27-05-2020 21:00,iCRJl6heRkivqQ3,0.0,0.0,0.0,7274692.0
27-05-2020 18:45,ih0vzX44oOqAx2f,0.0,0.0,6564.0,6278855.0
26-05-2020 01:00,VHMLBKoKgIrUVDU,0.0,0.0,0.0,7289525.0
15-06-2020 15:00,1BY6WEcLGh8j5v7,6067.0,594.5,5336.0,6473011.0
14-06-2020 18:45,wCURE6d3bPkepu2,0.0,0.0,7329.0,7009698.0
08-06-2020 15:45,1IF53ai7Xc0U56Y,6095.625,597.025,7703.375,6371041.375
17-06-2020 12:30,rGa61gmuvPhdLxV,10173.5,993.9125,3441.75,7354388.75
16-06-2020 23:00,pkci93gMrogZuBj,0.0,0.0,6261.0,7409478.0
22-05-2020 13:00,uHbuxQJl8lW7ozc,9309.142857,908.9142857,4425.571429,7092401.571
25-05-2020 12:15,3PZuoBAID5Wc2HD,12885.42857,1256.342857,4711.714286,7066279.714
17-05-2020 21:30,ZnxXDlPa8U1GXgE,0.0,0.0,7586.0,6542738.0
16-05-2020 07:00,YxYtjZvoooNbGkE,1531.0,149.55,70.0,7186327.0
27-05-2020 10:45,zVJPv84UY57bAof,9090.25,888.0375,2324.875,7207707.875
31-05-2020 22:00,YxYtjZvoooNbGkE,0.0,0.0,5970.0,7305739.0
20-05-2020 17:30,7JYdWkrLSPkdwr4,1805.0,176.9,8702.0,7643910.0
11-06-2020 18:45,z9Y9gH1T5YWrNuG,0.0,0.0,5599.0,7211064.0
21-05-2020 22:00,7JYdWkrLSPkdwr4,0.0,0.0,0.0,7651635.0
02-06-2020 13:15,bvBOhCH3iADSZry,11322.0,1105.0875,4316.75,6442961.75
17-06-2020 19:00,uHbuxQJl8lW7ozc,0.0,0.0,5967.0,7287002.0
10-06-2020 06:00,uHbuxQJl8lW7ozc,87.125,8.4,0.5,7233863.5
21-05-2020 14:00,YxYtjZvoooNbGkE,9593.25,936.775,5927.0,7227221.0
01-06-2020 23:00,iCRJl6heRkivqQ3,0.0,0.0,5781.0,7310348.0
18-05-2020 04:15,wCURE6d3bPkepu2,0.0,0.0,0.0,6803000.0
12-06-2020 21:00,1IF53ai7Xc0U56Y,0.0,0.0,5903.0,6398227.0
31-05-2020 22:15,3PZuoBAID5Wc2HD,0.0,0.0,5816.0,7115304.0
15-05-2020 10:15,zBIq5rxdHJRwDNY,7940.0,776.375,1551.75,6340931.75
15-05-2020 05:30,uHbuxQJl8lW7ozc,0.0,0.0,0.0,7038681.0
02-06-2020 08:45,z9Y9gH1T5YWrNuG,7483.285714,732.5857143,885.0,7140713.0
24-05-2020 10:45,wCURE6d3bPkepu2,11412.0,1113.425,2295.625,6850125.625
24-05-2020 02:15,ZnxXDlPa8U1GXgE,0.0,0.0,0.0,6587728.0
01-06-2020 06:30,bvBOhCH3iADSZry,892.625,86.6625,21.375,6433288.375
06-06-2020 05:15,3PZuoBAID5Wc2HD,0.0,0.0,0.0,7152486.0
05-06-2020 15:45,bvBOhCH3iADSZry,8329.285714,815.1142857,6064.714286,6466250.714
10-06-2020 23:00,YxYtjZvoooNbGkE,0.0,0.0,6419.0,7379687.0
11-06-2020 20:45,3PZuoBAID5Wc2HD,0.0,0.0,5717.0,7196186.0
01-06-2020 14:00,WRmjgnKYAwPKWDb,2602.142857,254.9428571,5033.571429,7158899.571
17-06-2020 01:30,WRmjgnKYAwPKWDb,0.0,0.0,0.0,7267579.0
10-06-2020 08:15,bvBOhCH3iADSZry,2748.857143,269.9285714,460.5714286,6493807.571
18-05-2020 19:30,WRmjgnKYAwPKWDb,0.0,0.0,5348.0,7054452.0
28-05-2020 10:30,rGa61gmuvPhdLxV,9549.625,933.3,2426.0,7208975.0
31-05-2020 05:30,sjndEbLyjtCKgGv,0.0,0.0,0.0,7136255.0
12-06-2020 15:45,ZnxXDlPa8U1GXgE,4629.0,454.1875,5340.75,6735242.75
07-06-2020 18:15,sjndEbLyjtCKgGv,309.7142857,29.88571429,6892.285714,7192548.286
18-05-2020 06:00,ZnxXDlPa8U1GXgE,92.75,8.95,0.625,6542738.625
30-05-2020 17:45,iCRJl6heRkivqQ3,1038.714286,100.9428571,7309.0,7298562.0
31-05-2020 01:00,wCURE6d3bPkepu2,0.0,0.0,0.0,6903158.0
03-06-2020 04:45,ZnxXDlPa8U1GXgE,0.0,0.0,0.0,6662968.0
10-06-2020 12:15,ZnxXDlPa8U1GXgE,9920.571429,968.8857143,3292.142857,6721064.143
06-06-2020 04:45,7JYdWkrLSPkdwr4,0.0,0.0,0.0,7764140.0
10-06-2020 06:00,wCURE6d3bPkepu2,95.625,9.2375,0.375,6975980.375
15-05-2020 07:45,iCRJl6heRkivqQ3,2000.142857,196.0857143,222.7142857,7178214.714
19-05-2020 17:00,wCURE6d3bPkepu2,2700.25,265.0125,6835.125,6815228.125
30-05-2020 18:00,YxYtjZvoooNbGkE,663.25,64.2375,7250.375,7299753.375
28-05-2020 05:15,bvBOhCH3iADSZry,0.0,0.0,0.0,6405833.0
23-05-2020 07:30,zVJPv84UY57bAof,3245.857143,319.0571429,148.1428571,7172442.143
16-05-2020 12:30,ZoEaEvLYb1n2sOq,10442.85714,1020.657143,3474.142857,7107834.143
04-06-2020 01:45,sjndEbLyjtCKgGv,0.0,0.0,0.0,7163293.0
17-05-2020 19:00,z9Y9gH1T5YWrNuG,0.0,0.0,7486.0,7028226.0
08-06-2020 11:45,adLQvlD726eNBSB,10296.42857,1005.542857,3987.571429,6457371.571
05-06-2020 04:45,zBIq5rxdHJRwDNY,0.0,0.0,0.0,6492579.0
07-06-2020 11:30,WRmjgnKYAwPKWDb,11819.625,1153.6,3069.0,7199680.0
30-05-2020 20:00,1IF53ai7Xc0U56Y,0.0,0.0,7332.0,6305543.0
25-05-2020 17:45,wCURE6d3bPkepu2,488.375,47.2375,8836.75,6864627.75
17-06-2020 15:30,sjndEbLyjtCKgGv,846.4285714,82.12857143,5448.857143,7261242.857
23-05-2020 20:00,rGa61gmuvPhdLxV,0.0,0.0,8152.0,7175293.0
17-06-2020 03:00,ih0vzX44oOqAx2f,0.0,0.0,0.0,6420371.0
11-06-2020 05:15,adLQvlD726eNBSB,0.0,0.0,0.0,6476944.0
17-05-2020 12:30,adLQvlD726eNBSB,7258.875,710.3875,4622.25,6289065.25
16-06-2020 05:15,wCURE6d3bPkepu2,0.0,0.0,0.0,7016444.0
04-06-2020 11:15,iCRJl6heRkivqQ3,9839.714286,961.0714286,2874.0,7328570.0
28-05-2020 08:45,zBIq5rxdHJRwDNY,7130.625,698.2875,822.125,6434905.125
01-06-2020 15:00,WRmjgnKYAwPKWDb,3005.571429,295.0142857,5387.714286,7159253.714
21-05-2020 08:15,zBIq5rxdHJRwDNY,5642.875,553.0375,475.875,6381337.875
05-06-2020 20:45,ih0vzX44oOqAx2f,0.0,0.0,0.0,6344476.0
12-06-2020 10:00,z9Y9gH1T5YWrNuG,5799.375,568.3125,1046.75,7212110.75
04-06-2020 23:15,zVJPv84UY57bAof,0.0,0.0,0.0,7271273.0
18-05-2020 19:30,pkci93gMrogZuBj,0.0,0.0,5364.0,7194411.0
18-05-2020 07:45,adLQvlD726eNBSB,1814.857143,177.7857143,285.4285714,6292595.429
15-06-2020 06:45,z9Y9gH1T5YWrNuG,1475.5,144.025,53.375,7232521.375
30-05-2020 15:00,VHMLBKoKgIrUVDU,9569.714286,935.9142857,5825.571429,7326884.571
10-06-2020 14:15,wCURE6d3bPkepu2,9190.0,898.9125,5203.375,6981183.375
16-06-2020 14:15,wCURE6d3bPkepu2,4477.285714,439.5,4781.142857,7021225.143
18-05-2020 05:45,zVJPv84UY57bAof,0.0,0.0,0.0,7136015.0
05-06-2020 06:45,iCRJl6heRkivqQ3,1372.285714,133.7571429,37.0,7334037.0
15-05-2020 07:15,YxYtjZvoooNbGkE,2022.0,198.225,125.25,7180091.25
07-06-2020 13:00,z9Y9gH1T5YWrNuG,0.0,0.0,4021.0,7181310.0
31-05-2020 18:00,zVJPv84UY57bAof,677.7142857,65.7,6032.571429,7242009.571
14-06-2020 17:00,zBIq5rxdHJRwDNY,1789.375,175.3625,7196.125,6565018.125
19-05-2020 19:15,1BY6WEcLGh8j5v7,0.0,0.0,6449.0,6290097.0
31-05-2020 19:15,uHbuxQJl8lW7ozc,0.0,0.0,6081.0,7165353.0
29-05-2020 20:30,WRmjgnKYAwPKWDb,0.0,0.0,8038.0,7140899.0
30-05-2020 23:00,1BY6WEcLGh8j5v7,0.0,0.0,6754.0,6372128.0
17-06-2020 09:45,ih0vzX44oOqAx2f,5563.875,545.3125,1095.375,6421466.375
22-05-2020 09:00,zBIq5rxdHJRwDNY,5259.375,515.575,869.125,6389468.125
17-06-2020 05:45,1BY6WEcLGh8j5v7,0.0,0.0,0.0,6479798.0
22-05-2020 13:00,wCURE6d3bPkepu2,9934.142857,969.8,4309.0,6836364.0
13-06-2020 02:30,z9Y9gH1T5YWrNuG,0.0,0.0,0.0,7216867.0
31-05-2020 14:15,zVJPv84UY57bAof,7180.0,701.6857143,5210.571429,7241187.571
12-06-2020 18:45,VHMLBKoKgIrUVDU,0.0,0.0,5903.0,7420914.0
30-05-2020 05:30,ZnxXDlPa8U1GXgE,0.0,0.0,0.0,6636066.0
28-05-2020 01:15,WRmjgnKYAwPKWDb,0.0,0.0,0.0,7124538.0
23-05-2020 18:45,YxYtjZvoooNbGkE,0.0,0.0,8559.0,7244680.0
02-06-2020 16:45,sjndEbLyjtCKgGv,3160.25,310.1875,7242.5,7155250.5
29-05-2020 16:30,ih0vzX44oOqAx2f,4015.714286,394.5714286,7615.857143,6294785.857
24-05-2020 19:00,WRmjgnKYAwPKWDb,0.0,0.0,8091.0,7101117.0
22-05-2020 13:15,ZoEaEvLYb1n2sOq,10332.57143,1008.714286,4495.428571,7151180.429
11-06-2020 04:15,ih0vzX44oOqAx2f,0.0,0.0,0.0,6381032.0
08-06-2020 05:45,sjndEbLyjtCKgGv,0.0,0.0,0.0,7192554.0
12-06-2020 00:15,z9Y9gH1T5YWrNuG,0.0,0.0,0.0,7211064.0
06-06-2020 23:30,3PZuoBAID5Wc2HD,0.0,0.0,6496.0,7158982.0
15-05-2020 17:15,zBIq5rxdHJRwDNY,2371.625,232.55,6318.375,6345698.375
12-06-2020 18:45,uHbuxQJl8lW7ozc,0.0,0.0,5888.0,7252094.0
19-05-2020 19:45,YxYtjZvoooNbGkE,0.0,0.0,6878.0,7212476.0
15-05-2020 22:15,McdE0feGgRqW7Ca,0.0,0.0,6471.0,7165435.0
08-06-2020 00:45,adLQvlD726eNBSB,0.0,0.0,0.0,6453384.0
17-05-2020 02:15,WRmjgnKYAwPKWDb,0.0,0.0,0.0,7041430.0
17-06-2020 17:30,McdE0feGgRqW7Ca,1369.8,133.32,5920.4,7408515.4
03-06-2020 21:00,McdE0feGgRqW7Ca,0.0,0.0,8010.0,7308369.0
02-06-2020 22:00,zBIq5rxdHJRwDNY,0.0,0.0,7421.0,6476454.0
17-05-2020 16:30,z9Y9gH1T5YWrNuG,4057.5,398.0625,7185.25,7027925.25
16-06-2020 16:45,7JYdWkrLSPkdwr4,2157.714286,211.5428571,5964.714286,7840763.714
03-06-2020 01:45,wCURE6d3bPkepu2,0.0,0.0,0.0,6922869.0
19-05-2020 06:00,wCURE6d3bPkepu2,0.0,0.0,0.0,6808393.0
22-05-2020 20:00,ZnxXDlPa8U1GXgE,0.0,0.0,7275.0,6579139.0
24-05-2020 14:45,ih0vzX44oOqAx2f,8336.0,815.5625,6426.25,6255364.25
02-06-2020 14:30,pkci93gMrogZuBj,9965.25,973.075,5780.625,7306080.625
13-06-2020 19:45,7JYdWkrLSPkdwr4,0.0,0.0,8435.0,7820852.0
20-05-2020 05:30,ZoEaEvLYb1n2sOq,0.0,0.0,0.0,7130332.0
22-05-2020 13:00,sjndEbLyjtCKgGv,9814.285714,1044.9,4280.0,7070166.0
04-06-2020 09:15,adLQvlD726eNBSB,7417.25,725.975,1180.0,6423447.0
03-06-2020 23:15,McdE0feGgRqW7Ca,0.0,0.0,8010.0,7308369.0
22-05-2020 18:15,bvBOhCH3iADSZry,104.0,10.0125,6758.875,6368906.875
22-05-2020 11:00,3PZuoBAID5Wc2HD,8699.857143,849.9857143,2279.571429,7039580.571
07-06-2020 00:00,bvBOhCH3iADSZry,0.0,0.0,0.0,6473124.0
17-06-2020 00:00,WRmjgnKYAwPKWDb,0.0,0.0,0.0,7267579.0
31-05-2020 00:00,YxYtjZvoooNbGkE,0.0,0.0,908.25,7299769.0
06-06-2020 01:30,1IF53ai7Xc0U56Y,0.0,0.0,0.0,6348557.0
09-06-2020 16:15,WRmjgnKYAwPKWDb,5357.0,525.1,7436.375,7220437.375
18-05-2020 19:00,1IF53ai7Xc0U56Y,0.0,0.0,5453.0,6209806.0
30-05-2020 07:00,sjndEbLyjtCKgGv,1702.0,166.6142857,74.42857143,7129103.429
15-05-2020 01:15,z9Y9gH1T5YWrNuG,0.0,0.0,0.0,7007866.0
09-06-2020 07:45,1BY6WEcLGh8j5v7,2376.714286,233.2,266.8571429,6431880.857
25-05-2020 19:15,zBIq5rxdHJRwDNY,0.0,0.0,8443.0,6420201.0
15-06-2020 21:30,pkci93gMrogZuBj,0.0,0.0,6795.0,7403217.0
19-05-2020 01:15,wCURE6d3bPkepu2,0.0,0.0,0.0,6808393.0
17-06-2020 22:00,pkci93gMrogZuBj,0.0,0.0,5952.0,7415430.0
03-06-2020 11:15,ih0vzX44oOqAx2f,9167.714286,896.7714286,2413.285714,6323724.286
28-05-2020 00:15,1IF53ai7Xc0U56Y,0.0,0.0,0.0,6281462.0
26-05-2020 17:00,ih0vzX44oOqAx2f,4187.571429,410.7428571,7607.142857,6272186.143
07-06-2020 02:00,3PZuoBAID5Wc2HD,0.0,0.0,0.0,7158982.0
09-06-2020 15:00,1IF53ai7Xc0U56Y,8264.375,808.775,6724.625,6378557.625
24-05-2020 03:00,z9Y9gH1T5YWrNuG,0.0,0.0,0.0,7072762.0
23-05-2020 14:30,7JYdWkrLSPkdwr4,7499.285714,734.2,6672.0,7665442.0
03-06-2020 14:15,YxYtjZvoooNbGkE,9647.142857,943.4142857,5630.571429,7324559.571
03-06-2020 02:00,z9Y9gH1T5YWrNuG,0.0,0.0,0.0,7147274.0
16-06-2020 07:45,uHbuxQJl8lW7ozc,3635.125,357.075,249.0,7274992.0
11-06-2020 23:15,1IF53ai7Xc0U56Y,0.0,0.0,5704.0,6392324.0
08-06-2020 18:45,rGa61gmuvPhdLxV,0.0,0.0,8291.0,7295964.0
30-05-2020 23:30,VHMLBKoKgIrUVDU,0.0,0.0,7270.0,7328329.0
31-05-2020 16:30,3PZuoBAID5Wc2HD,1840.714286,180.4285714,5570.142857,7115058.143
17-05-2020 04:30,ZoEaEvLYb1n2sOq,0.0,0.0,0.0,7110744.0
15-06-2020 12:15,VHMLBKoKgIrUVDU,5811.857143,569.5142857,4094.857143,7441149.857
16-05-2020 10:45,ZoEaEvLYb1n2sOq,8363.625,818.35,2074.5,7106434.5
24-05-2020 13:15,1IF53ai7Xc0U56Y,12267.71429,1196.085714,5411.428571,6254618.429
20-05-2020 21:00,z9Y9gH1T5YWrNuG,0.0,0.0,8796.0,7049261.0
18-05-2020 15:00,z9Y9gH1T5YWrNuG,7691.428571,752.9714286,4129.428571,7032355.429
20-05-2020 20:15,7JYdWkrLSPkdwr4,0.0,0.0,8772.0,7643980.0
15-05-2020 22:45,wCURE6d3bPkepu2,0.0,0.0,6329.0,6788927.0
17-06-2020 18:30,zBIq5rxdHJRwDNY,74.85714286,7.228571429,5816.142857,6583368.143
30-05-2020 13:00,1BY6WEcLGh8j5v7,8013.428571,784.3285714,3431.571429,6368805.571
10-06-2020 11:00,WRmjgnKYAwPKWDb,5167.142857,506.5428571,2211.714286,7223189.714
23-05-2020 17:45,uHbuxQJl8lW7ozc,1622.428571,158.8714286,8424.714286,7103677.714
01-06-2020 01:15,1BY6WEcLGh8j5v7,0.0,0.0,0.0,6377931.0
16-05-2020 20:45,ih0vzX44oOqAx2f,0.0,0.0,6450.0,6197810.0
15-05-2020 22:00,iCRJl6heRkivqQ3,0.0,0.0,6418.0,7184410.0
13-06-2020 13:45,iCRJl6heRkivqQ3,9233.0,902.6857143,5914.428571,7397273.429
03-06-2020 16:15,z9Y9gH1T5YWrNuG,4170.5,409.1,7296.875,7154570.875
24-05-2020 11:30,McdE0feGgRqW7Ca,11529.57143,1124.971429,3154.714286,7227790.714
04-06-2020 20:00,7JYdWkrLSPkdwr4,0.0,0.0,7999.0,7756621.0
22-05-2020 07:30,bvBOhCH3iADSZry,4205.875,413.175,232.875,6362380.875
22-05-2020 00:30,sjndEbLyjtCKgGv,0.0,0.0,0.0,7065886.0
24-05-2020 19:00,ih0vzX44oOqAx2f,0.0,0.0,7556.0,6256494.0
16-05-2020 17:15,pkci93gMrogZuBj,1610.285714,157.5428571,6093.857143,7181570.857
15-06-2020 13:00,3PZuoBAID5Wc2HD,10453.14286,1020.9,4594.428571,7222817.429
17-05-2020 19:30,zVJPv84UY57bAof,0.0,0.0,7480.0,7136015.0
06-06-2020 00:45,YxYtjZvoooNbGkE,0.0,0.0,0.0,7342489.0
13-06-2020 20:00,rGa61gmuvPhdLxV,0.0,0.0,8389.0,7330670.0
16-05-2020 23:15,McdE0feGgRqW7Ca,0.0,0.0,6586.0,7172021.0
25-05-2020 09:45,z9Y9gH1T5YWrNuG,10197.5,996.9875,1671.875,7082309.875
30-05-2020 06:30,ZnxXDlPa8U1GXgE,716.25,69.425,17.75,6636083.75
21-05-2020 17:00,bvBOhCH3iADSZry,992.375,96.4375,7048.125,6362086.125
24-05-2020 08:30,McdE0feGgRqW7Ca,7403.0,724.8428571,670.8571429,7225306.857
01-06-2020 10:45,YxYtjZvoooNbGkE,11344.625,1106.8625,2500.25,7308239.25
28-05-2020 08:15,sjndEbLyjtCKgGv,5782.142857,566.6142857,541.4285714,7113106.429
04-06-2020 06:00,ZoEaEvLYb1n2sOq,66.57142857,6.428571429,0.142857143,7243501.143
22-05-2020 00:00,adLQvlD726eNBSB,0.0,0.0,0.0,6321573.0
06-06-2020 02:00,zVJPv84UY57bAof,0.0,0.0,0.0,7279090.0
15-06-2020 03:30,zVJPv84UY57bAof,0.0,0.0,0.0,7344280.0
02-06-2020 22:30,3PZuoBAID5Wc2HD,0.0,0.0,0.0,7128614.0
04-06-2020 18:00,z9Y9gH1T5YWrNuG,882.5714286,85.68571429,8131.571429,7163244.571
31-05-2020 13:30,adLQvlD726eNBSB,5175.75,506.95,4442.5,6399213.5
08-06-2020 01:30,VHMLBKoKgIrUVDU,0.0,0.0,0.0,7386208.0
17-05-2020 03:00,VHMLBKoKgIrUVDU,0.0,0.0,0.0,7219380.0
24-05-2020 04:45,adLQvlD726eNBSB,0.0,0.0,0.0,6337734.0
18-05-2020 17:15,zBIq5rxdHJRwDNY,1668.375,163.2875,5309.5,6364966.5
04-06-2020 15:45,iCRJl6heRkivqQ3,9108.875,891.0375,7222.25,7332918.25
28-05-2020 02:15,wCURE6d3bPkepu2,0.0,0.0,0.0,6879195.0
30-05-2020 11:30,pkci93gMrogZuBj,7394.142857,724.0,2080.714286,7283615.714
15-06-2020 17:00,7JYdWkrLSPkdwr4,2761.714286,271.1714286,6470.714286,7834628.714
25-05-2020 16:00,uHbuxQJl8lW7ozc,7474.857143,731.7285714,8474.428571,7120326.429
06-06-2020 12:00,1IF53ai7Xc0U56Y,7979.285714,779.6142857,3574.857143,6352131.857
17-06-2020 03:30,zBIq5rxdHJRwDNY,0.0,0.0,0.0,6577552.0
29-05-2020 14:30,VHMLBKoKgIrUVDU,8037.142857,786.6571429,6400.428571,7319287.429
07-06-2020 06:15,VHMLBKoKgIrUVDU,420.5,40.65,5.5,7377994.5
18-05-2020 03:15,YxYtjZvoooNbGkE,0.0,0.0,0.0,7200229.0
15-06-2020 02:30,ZoEaEvLYb1n2sOq,0.0,0.0,0.0,7323052.0
27-05-2020 17:15,ZnxXDlPa8U1GXgE,1763.0,172.45,6660.875,6619309.875
26-05-2020 10:15,ih0vzX44oOqAx2f,8728.285714,852.9714286,2194.142857,6266773.143
15-06-2020 09:45,iCRJl6heRkivqQ3,8585.375,840.0125,1763.0,7408987.0
30-05-2020 18:45,sjndEbLyjtCKgGv,0.0,0.0,7226.0,7136255.0
13-06-2020 00:15,wCURE6d3bPkepu2,0.0,0.0,0.0,6993908.0
07-06-2020 05:00,sjndEbLyjtCKgGv,0.0,0.0,0.0,7185656.0
01-06-2020 01:00,ZoEaEvLYb1n2sOq,0.0,0.0,0.0,7222644.0
08-06-2020 09:45,3PZuoBAID5Wc2HD,11790.5,1150.816667,1696.166667,7168920.167
30-05-2020 21:15,ZnxXDlPa8U1GXgE,0.0,0.0,7317.0,6643383.0
17-05-2020 07:30,zBIq5rxdHJRwDNY,2800.142857,274.9714286,156.4285714,6352306.429
15-06-2020 10:30,iCRJl6heRkivqQ3,10234.125,998.8625,2494.5,7409718.5
19-05-2020 18:45,7JYdWkrLSPkdwr4,0.0,0.0,6836.0,7635208.0
08-06-2020 03:15,7JYdWkrLSPkdwr4,0.0,0.0,0.0,7778510.0
24-05-2020 04:45,1IF53ai7Xc0U56Y,0.0,0.0,0.0,6249207.0
15-05-2020 14:00,YxYtjZvoooNbGkE,10150.71429,992.4142857,4338.428571,7184304.429
01-06-2020 14:00,1BY6WEcLGh8j5v7,2878.571429,281.9285714,4787.571429,6382718.571
23-05-2020 14:30,wCURE6d3bPkepu2,7614.375,745.4875,6719.0,6845944.0
24-05-2020 04:00,uHbuxQJl8lW7ozc,0.0,0.0,0.0,7103746.0
16-06-2020 17:15,rGa61gmuvPhdLxV,1761.714286,172.6714286,6132.857143,7350836.857
24-05-2020 13:45,zVJPv84UY57bAof,11762.42857,1147.185714,5642.142857,7186480.143
02-06-2020 00:15,zVJPv84UY57bAof,0.0,0.0,0.0,7247766.0
04-06-2020 21:45,sjndEbLyjtCKgGv,0.0,0.0,0.0,7171518.0
20-05-2020 00:00,bvBOhCH3iADSZry,0.0,0.0,0.0,6346907.0
15-06-2020 19:45,rGa61gmuvPhdLxV,0.0,0.0,6732.0,7344704.0
14-06-2020 10:45,zVJPv84UY57bAof,11137.42857,1087.785714,2318.857143,7339278.857
06-06-2020 06:45,VHMLBKoKgIrUVDU,1564.571429,152.8285714,48.14285714,7371602.143
01-06-2020 00:45,z9Y9gH1T5YWrNuG,0.0,0.0,0.0,7133897.0
24-05-2020 16:45,1IF53ai7Xc0U56Y,3876.0,380.3,7971.875,6257178.875
08-06-2020 10:45,adLQvlD726eNBSB,12051.85714,1175.5,2858.142857,6456242.143
01-06-2020 02:45,adLQvlD726eNBSB,0.0,0.0,0.0,6400704.0
16-06-2020 06:00,z9Y9gH1T5YWrNuG,0.0,0.0,0.0,7239184.0
23-05-2020 11:15,wCURE6d3bPkepu2,13006.625,1268.15,3057.625,6842282.625
24-05-2020 18:15,sjndEbLyjtCKgGv,382.75,36.9875,7892.625,7089341.625
16-06-2020 14:30,1IF53ai7Xc0U56Y,10074.28571,983.9142857,4998.285714,6426212.286
19-05-2020 11:30,McdE0feGgRqW7Ca,4099.25,402.775,2490.5,7187581.5
04-06-2020 04:15,ih0vzX44oOqAx2f,0.0,0.0,0.0,6329010.0
19-05-2020 23:45,VHMLBKoKgIrUVDU,0.0,0.0,6988.0,7239542.0
30-05-2020 19:30,z9Y9gH1T5YWrNuG,0.0,0.0,7142.0,7127597.0
04-06-2020 17:15,sjndEbLyjtCKgGv,3943.428571,387.4571429,8022.142857,7171315.143
17-06-2020 10:15,iCRJl6heRkivqQ3,6762.0,662.325,1436.5,7421742.5
27-05-2020 09:15,zBIq5rxdHJRwDNY,7728.285714,756.4857143,1136.571429,6428838.571
26-05-2020 00:15,pkci93gMrogZuBj,0.0,0.0,0.0,7250519.0
29-05-2020 23:00,ZoEaEvLYb1n2sOq,0.0,0.0,0.0,7209600.0
25-05-2020 22:00,WRmjgnKYAwPKWDb,0.0,0.0,8879.0,7109996.0
27-05-2020 20:30,uHbuxQJl8lW7ozc,0.0,0.0,0.0,7135258.0
11-06-2020 04:15,wCURE6d3bPkepu2,0.0,0.0,0.0,6982403.0
14-06-2020 02:00,1BY6WEcLGh8j5v7,0.0,0.0,0.0,6463663.0
15-06-2020 11:00,zBIq5rxdHJRwDNY,11527.625,1124.975,2946.5,6568083.5
11-06-2020 00:45,z9Y9gH1T5YWrNuG,0.0,0.0,0.0,7205465.0
04-06-2020 04:00,uHbuxQJl8lW7ozc,0.0,0.0,0.0,7186255.0
31-05-2020 17:30,WRmjgnKYAwPKWDb,1402.428571,136.9142857,5772.285714,7153801.286
02-06-2020 20:15,WRmjgnKYAwPKWDb,0.0,0.0,0.0,7166917.0
26-05-2020 19:45,sjndEbLyjtCKgGv,0.0,0.0,0.0,7105889.0
15-05-2020 11:45,z9Y9gH1T5YWrNuG,8481.285714,828.9,2652.428571,7010518.429
11-06-2020 16:30,adLQvlD726eNBSB,3797.125,373.175,5468.125,6482412.125
09-06-2020 23:45,VHMLBKoKgIrUVDU,0.0,0.0,8120.0,7402816.0
14-06-2020 04:45,WRmjgnKYAwPKWDb,0.0,0.0,0.0,7247179.0
27-05-2020 17:45,McdE0feGgRqW7Ca,628.0,60.82857143,6817.714286,7256377.714
02-06-2020 15:45,ih0vzX44oOqAx2f,7208.375,705.65,6607.375,6320590.375
05-06-2020 03:30,iCRJl6heRkivqQ3,0.0,0.0,0.0,7334000.0
08-06-2020 00:30,ZoEaEvLYb1n2sOq,0.0,0.0,0.0,7273453.0
16-05-2020 19:15,iCRJl6heRkivqQ3,0.0,0.0,6438.0,7190848.0
13-06-2020 17:00,iCRJl6heRkivqQ3,1674.875,163.925,8353.75,7399712.75
24-05-2020 01:15,ZoEaEvLYb1n2sOq,0.0,0.0,0.0,7162184.0
13-06-2020 13:45,zVJPv84UY57bAof,8999.0,879.95,5870.0,7334420.0
20-05-2020 04:45,adLQvlD726eNBSB,0.0,0.0,0.0,6304513.0
16-06-2020 17:00,sjndEbLyjtCKgGv,1944.714286,190.6142857,6098.571429,7255637.571
31-05-2020 17:45,ih0vzX44oOqAx2f,1040.714286,101.1428571,5930.714286,6308197.714
15-05-2020 09:45,McdE0feGgRqW7Ca,7631.625,746.9625,1167.0,7160131.0
14-06-2020 07:45,1IF53ai7Xc0U56Y,4595.571429,450.9857143,310.5714286,6407191.571
11-06-2020 19:45,pkci93gMrogZuBj,0.0,0.0,5662.0,7374956.0
24-05-2020 01:30,wCURE6d3bPkepu2,0.0,0.0,0.0,6847830.0
16-06-2020 10:30,adLQvlD726eNBSB,8756.375,856.7625,2239.5,6514241.5
11-06-2020 15:00,zVJPv84UY57bAof,7455.714286,729.8285714,4484.714286,7321500.714
13-06-2020 23:15,adLQvlD726eNBSB,0.0,0.0,8774.0,6497496.0
11-06-2020 00:30,pkci93gMrogZuBj,0.0,0.0,0.0,7369294.0
10-06-2020 02:15,bvBOhCH3iADSZry,0.0,0.0,0.0,6493347.0
02-06-2020 22:45,7JYdWkrLSPkdwr4,0.0,0.0,0.0,7740873.0
27-05-2020 20:30,ZnxXDlPa8U1GXgE,0.0,0.0,6727.0,6619376.0
17-06-2020 20:15,sjndEbLyjtCKgGv,0.0,0.0,5887.0,7261681.0
05-06-2020 22:45,sjndEbLyjtCKgGv,0.0,0.0,7759.0,7179277.0
27-05-2020 14:00,VHMLBKoKgIrUVDU,4304.428571,422.6285714,5004.428571,7302619.429
02-06-2020 12:00,adLQvlD726eNBSB,8525.714286,834.2571429,3425.571429,6410256.571
10-06-2020 20:30,adLQvlD726eNBSB,0.0,0.0,6667.0,6476944.0
28-05-2020 13:30,zBIq5rxdHJRwDNY,6591.0,645.2,5526.75,6439609.75
01-06-2020 16:15,z9Y9gH1T5YWrNuG,1926.0,188.8,5718.25,7139615.25
26-05-2020 19:45,ih0vzX44oOqAx2f,0.0,0.0,0.0,6272291.0
06-06-2020 20:00,ZoEaEvLYb1n2sOq,0.0,0.0,0.0,7265368.0
10-06-2020 20:45,zVJPv84UY57bAof,0.0,0.0,6560.0,7317016.0
18-05-2020 17:00,z9Y9gH1T5YWrNuG,2241.125,219.7125,5217.5,7033443.5
18-05-2020 13:30,zVJPv84UY57bAof,11172.14286,1090.871429,2919.428571,7138934.429
27-05-2020 13:00,WRmjgnKYAwPKWDb,7968.125,779.4875,4332.625,7122212.625
31-05-2020 00:30,ZoEaEvLYb1n2sOq,0.0,0.0,0.0,7216848.0
09-06-2020 03:00,sjndEbLyjtCKgGv,0.0,0.0,0.0,7200925.0
03-06-2020 10:45,ZoEaEvLYb1n2sOq,10687.5,1044.225,1942.5,7237669.5
26-05-2020 13:00,1IF53ai7Xc0U56Y,7681.714286,751.1142857,5331.714286,6271859.714
22-05-2020 17:30,pkci93gMrogZuBj,790.375,76.65,7192.625,7225168.625
15-05-2020 01:30,1IF53ai7Xc0U56Y,0.0,0.0,0.0,6183645.0
10-06-2020 07:15,1IF53ai7Xc0U56Y,2820.285714,276.8571429,156.1428571,6380178.143
12-06-2020 13:45,adLQvlD726eNBSB,9945.428571,972.4714286,4141.142857,6486875.143
17-06-2020 03:30,rGa61gmuvPhdLxV,0.0,0.0,0.0,7350947.0
04-06-2020 04:45,ih0vzX44oOqAx2f,0.0,0.0,0.0,6329010.0
06-06-2020 11:00,1IF53ai7Xc0U56Y,11159.875,1089.5625,2771.25,6351328.25
24-05-2020 02:00,zBIq5rxdHJRwDNY,0.0,0.0,0.0,6404481.0
04-06-2020 10:00,iCRJl6heRkivqQ3,8622.75,842.5125,1618.25,7327314.25
15-06-2020 16:30,rGa61gmuvPhdLxV,3503.5,344.4125,6378.875,7344350.875
18-05-2020 19:00,YxYtjZvoooNbGkE,0.0,0.0,5369.0,7205598.0
13-06-2020 17:45,uHbuxQJl8lW7ozc,971.1428571,94.37142857,8402.428571,7260496.429
22-05-2020 02:00,VHMLBKoKgIrUVDU,0.0,0.0,0.0,7256361.0
23-05-2020 15:45,ih0vzX44oOqAx2f,7633.857143,747.3571429,7476.142857,6248019.143
08-06-2020 02:45,VHMLBKoKgIrUVDU,0.0,0.0,0.0,7386208.0
12-06-2020 13:00,1BY6WEcLGh8j5v7,7438.75,728.35,3174.75,6453412.75
26-05-2020 09:30,adLQvlD726eNBSB,9992.0,977.0142857,1604.714286,6356898.714
25-05-2020 05:00,ZnxXDlPa8U1GXgE,0.0,0.0,0.0,6595756.0
02-06-2020 23:00,1IF53ai7Xc0U56Y,0.0,0.0,0.0,6324784.0
14-06-2020 08:00,VHMLBKoKgIrUVDU,4318.5,424.0625,419.0,7429985.0
12-06-2020 17:15,7JYdWkrLSPkdwr4,1786.285714,175.0857143,5608.0,7812272.0
17-06-2020 16:15,ih0vzX44oOqAx2f,3507.142857,344.4857143,5497.857143,6425868.857
09-06-2020 00:30,iCRJl6heRkivqQ3,0.0,0.0,0.0,7364955.0
17-05-2020 01:00,ih0vzX44oOqAx2f,0.0,0.0,0.0,6197810.0
15-05-2020 21:45,pkci93gMrogZuBj,0.0,0.0,6375.0,7175477.0
26-05-2020 01:15,wCURE6d3bPkepu2,0.0,0.0,0.0,6864650.0
13-06-2020 20:15,ZoEaEvLYb1n2sOq,0.0,0.0,8378.0,7315763.0
25-05-2020 02:15,ih0vzX44oOqAx2f,0.0,0.0,0.0,6256494.0
28-05-2020 14:00,ZnxXDlPa8U1GXgE,9801.833333,956.6166667,6523.5,6625899.5
02-06-2020 22:00,z9Y9gH1T5YWrNuG,0.0,0.0,7446.0,7147274.0
16-06-2020 01:15,3PZuoBAID5Wc2HD,0.0,0.0,0.0,7225042.0
01-06-2020 12:30,bvBOhCH3iADSZry,6133.857143,600.9428571,3716.142857,6436983.143
26-05-2020 23:30,ZnxXDlPa8U1GXgE,0.0,0.0,0.0,6612649.0
17-06-2020 10:30,z9Y9gH1T5YWrNuG,7476.857143,732.0285714,1592.285714,7246977.286
11-06-2020 09:30,uHbuxQJl8lW7ozc,4527.0,444.35,710.375,7241218.375
27-05-2020 06:45,pkci93gMrogZuBj,1453.75,141.875,47.125,7258341.125
26-05-2020 01:45,WRmjgnKYAwPKWDb,0.0,0.0,0.0,7109996.0
07-06-2020 05:15,WRmjgnKYAwPKWDb,0.0,0.0,0.0,7196611.0
04-06-2020 01:15,iCRJl6heRkivqQ3,0.0,0.0,0.0,7325696.0
12-06-2020 03:15,3PZuoBAID5Wc2HD,0.0,0.0,0.0,7196186.0
13-06-2020 18:45,z9Y9gH1T5YWrNuG,0.0,0.0,8363.0,7225230.0
09-06-2020 07:15,VHMLBKoKgIrUVDU,2872.375,281.9,165.625,7394861.625
15-05-2020 15:45,McdE0feGgRqW7Ca,5024.0,492.4,5780.714286,7164744.714
26-05-2020 04:00,YxYtjZvoooNbGkE,0.0,0.0,0.0,7261464.0
19-05-2020 11:15,sjndEbLyjtCKgGv,7425.857143,726.3857143,2359.142857,7044764.143
28-05-2020 09:15,McdE0feGgRqW7Ca,9006.285714,881.1142857,1304.428571,7257693.429
28-05-2020 02:45,McdE0feGgRqW7Ca,0.0,0.0,0.0,7256389.0
15-06-2020 03:15,sjndEbLyjtCKgGv,0.0,0.0,0.0,7242811.0
31-05-2020 08:45,zVJPv84UY57bAof,7239.625,708.625,563.25,7236540.25
15-06-2020 10:45,iCRJl6heRkivqQ3,11262.85714,1099.457143,2713.571429,7409937.571
25-05-2020 21:45,1BY6WEcLGh8j5v7,0.0,0.0,8268.0,6336208.0
16-06-2020 07:15,uHbuxQJl8lW7ozc,2371.0,232.4625,107.25,7274850.25
10-06-2020 06:00,McdE0feGgRqW7Ca,100.625,9.7,0.875,7355017.875
23-05-2020 00:45,VHMLBKoKgIrUVDU,0.0,0.0,0.0,7263721.0
11-06-2020 04:00,ZoEaEvLYb1n2sOq,0.0,0.0,0.0,7296071.0
29-05-2020 15:15,rGa61gmuvPhdLxV,7329.25,717.625,7083.0,7221898.0
18-05-2020 07:15,adLQvlD726eNBSB,2786.0,273.3571429,133.0,6292443.0
21-05-2020 15:15,ih0vzX44oOqAx2f,5485.25,537.675,6805.375,6232746.375
05-06-2020 20:30,1BY6WEcLGh8j5v7,0.0,0.0,7162.0,6412542.0
07-06-2020 03:30,zBIq5rxdHJRwDNY,0.0,0.0,0.0,6506728.0
07-06-2020 04:00,pkci93gMrogZuBj,0.0,0.0,0.0,7337918.0
01-06-2020 03:15,rGa61gmuvPhdLxV,0.0,0.0,0.0,7236332.0
27-05-2020 11:00,VHMLBKoKgIrUVDU,8034.125,785.525,2684.375,7300299.375
01-06-2020 14:30,pkci93gMrogZuBj,5180.857143,507.9,4894.857143,7299685.857
18-05-2020 07:30,rGa61gmuvPhdLxV,3490.285714,342.8571429,207.5714286,7131744.571
30-05-2020 04:45,7JYdWkrLSPkdwr4,0.0,0.0,0.0,7714835.0
19-05-2020 21:00,wCURE6d3bPkepu2,0.0,0.0,6956.0,6815349.0
31-05-2020 22:15,zVJPv84UY57bAof,0.0,0.0,6047.0,7242024.0
03-06-2020 05:30,WRmjgnKYAwPKWDb,0.0,0.0,0.0,7166917.0
25-05-2020 15:30,zVJPv84UY57bAof,7894.857143,772.7857143,8039.0,7196835.0
07-06-2020 18:15,uHbuxQJl8lW7ozc,314.7142857,30.44285714,8288.857143,7217143.857
17-06-2020 16:15,iCRJl6heRkivqQ3,3519.285714,345.7142857,5693.571429,7425999.571
27-05-2020 15:30,WRmjgnKYAwPKWDb,7771.375,760.675,5812.125,7123692.125
13-06-2020 11:00,sjndEbLyjtCKgGv,11604.375,1132.0875,2851.125,7229952.125
15-05-2020 11:45,zBIq5rxdHJRwDNY,6566.125,643.1,2611.625,6341991.625
15-05-2020 21:15,ZnxXDlPa8U1GXgE,0.0,0.0,0.0,6528476.0
21-05-2020 13:15,ZnxXDlPa8U1GXgE,13269.66667,1293.8,5198.5,6569243.5
02-06-2020 20:30,wCURE6d3bPkepu2,0.0,0.0,7525.0,6922869.0
09-06-2020 14:30,McdE0feGgRqW7Ca,9175.125,896.825,6305.25,7353087.25
11-06-2020 00:00,bvBOhCH3iADSZry,0.0,0.0,0.0,6499210.0
15-06-2020 06:45,ZnxXDlPa8U1GXgE,1482.0,144.65,53.75,6751800.75
30-05-2020 10:45,YxYtjZvoooNbGkE,5344.5,523.85,1509.0,7294012.0
19-05-2020 07:15,VHMLBKoKgIrUVDU,2711.125,266.0125,119.125,7232673.125
23-05-2020 17:30,WRmjgnKYAwPKWDb,1981.125,194.2,8323.625,7092918.625
25-05-2020 16:30,1BY6WEcLGh8j5v7,1868.428571,182.8714286,8127.714286,6336067.714
20-05-2020 08:45,zVJPv84UY57bAof,6897.625,675.5875,854.75,7149191.75
15-06-2020 17:15,adLQvlD726eNBSB,2320.75,227.55,6799.625,6511885.625
14-06-2020 16:15,sjndEbLyjtCKgGv,4213.285714,413.7,6991.571429,7242495.571
16-06-2020 02:15,7JYdWkrLSPkdwr4,0.0,0.0,0.0,7834799.0
15-05-2020 09:30,zBIq5rxdHJRwDNY,3741.875,367.4625,1034.5,6340414.5
02-06-2020 04:45,VHMLBKoKgIrUVDU,0.0,0.0,0.0,7340314.0
21-05-2020 07:45,rGa61gmuvPhdLxV,3203.6,314.76,302.2,7152935.2
30-05-2020 21:30,7JYdWkrLSPkdwr4,0.0,0.0,7143.0,7721978.0
17-05-2020 11:30,sjndEbLyjtCKgGv,12412.71429,1210.671429,3351.142857,7032964.143
29-05-2020 23:00,VHMLBKoKgIrUVDU,0.0,0.0,8172.0,7321059.0
26-05-2020 01:00,rGa61gmuvPhdLxV,0.0,0.0,0.0,7192102.0
28-05-2020 15:45,VHMLBKoKgIrUVDU,5835.0,571.7,7836.714286,7312214.714
11-06-2020 14:45,3PZuoBAID5Wc2HD,5857.125,573.975,4386.75,7194855.75
26-05-2020 03:30,7JYdWkrLSPkdwr4,0.0,0.0,0.0,7684020.0
13-06-2020 00:15,adLQvlD726eNBSB,0.0,0.0,0.0,6488722.0
30-05-2020 15:00,pkci93gMrogZuBj,9737.285714,952.2,5814.0,7287349.0
16-05-2020 09:15,3PZuoBAID5Wc2HD,5961.375,584.15,1070.0,6995103.0
01-06-2020 09:30,3PZuoBAID5Wc2HD,6396.0,626.5375,1509.5,7116813.5
09-06-2020 08:15,VHMLBKoKgIrUVDU,6553.5,641.975,550.375,7395246.375
06-06-2020 21:15,sjndEbLyjtCKgGv,0.0,0.0,0.0,7185656.0
08-06-2020 18:30,pkci93gMrogZuBj,130.25,12.575,8343.0,7354475.0
23-05-2020 16:30,VHMLBKoKgIrUVDU,5539.75,543.0125,8161.375,7271882.375
15-06-2020 17:00,zVJPv84UY57bAof,2840.714286,278.9142857,6644.857143,7350924.857
20-05-2020 11:00,wCURE6d3bPkepu2,11715.875,1142.9,2985.5,6818334.5
15-05-2020 21:30,wCURE6d3bPkepu2,0.0,0.0,6329.0,6788927.0
10-06-2020 00:00,wCURE6d3bPkepu2,0.0,0.0,0.0,6975980.0
07-06-2020 13:15,zBIq5rxdHJRwDNY,12720.28571,1240.228571,5193.857143,6511921.857
28-05-2020 04:30,zVJPv84UY57bAof,0.0,0.0,0.0,7212082.0
15-06-2020 14:00,3PZuoBAID5Wc2HD,4190.857143,411.5428571,5083.0,7223306.0
22-05-2020 22:00,WRmjgnKYAwPKWDb,0.0,0.0,7237.0,7084595.0
27-05-2020 05:45,iCRJl6heRkivqQ3,0.0,0.0,0.0,7267996.0
28-05-2020 10:00,pkci93gMrogZuBj,9731.285714,951.4857143,1954.0,7266939.0
10-06-2020 02:45,WRmjgnKYAwPKWDb,0.0,0.0,0.0,7220978.0
21-05-2020 08:00,zBIq5rxdHJRwDNY,4822.2,472.82,298.4,6381222.333
14-06-2020 16:30,ih0vzX44oOqAx2f,2868.75,281.6625,6938.75,6407456.75
14-06-2020 22:45,ZnxXDlPa8U1GXgE,0.0,0.0,7404.0,6751747.0
27-05-2020 07:00,sjndEbLyjtCKgGv,1892.125,185.4625,90.375,7105979.375
29-05-2020 22:30,sjndEbLyjtCKgGv,0.0,0.0,0.0,7129029.0
15-06-2020 18:30,7JYdWkrLSPkdwr4,15.25,1.475,6641.0,7834799.0
28-05-2020 12:30,VHMLBKoKgIrUVDU,11344.28571,1106.942857,4965.428571,7309343.429
24-05-2020 21:30,1IF53ai7Xc0U56Y,0.0,0.0,8273.0,6257480.0
22-05-2020 22:45,1IF53ai7Xc0U56Y,0.0,0.0,7287.0,6240534.0
30-05-2020 06:45,ZoEaEvLYb1n2sOq,1183.0,115.0285714,38.14285714,7209638.143
22-05-2020 08:45,1BY6WEcLGh8j5v7,3656.428571,359.2428571,724.2857143,6306313.286
02-06-2020 04:45,1BY6WEcLGh8j5v7,0.0,0.0,0.0,6383439.0
30-05-2020 11:45,sjndEbLyjtCKgGv,8529.428571,834.2142857,2300.428571,7131329.429
16-06-2020 07:45,z9Y9gH1T5YWrNuG,3485.125,342.2625,243.625,7239427.625
17-05-2020 23:30,adLQvlD726eNBSB,0.0,0.0,7867.0,6292310.0
18-05-2020 15:15,wCURE6d3bPkepu2,8128.625,795.55,4360.125,6807360.125
14-06-2020 04:15,1BY6WEcLGh8j5v7,0.0,0.0,0.0,6463663.0
09-06-2020 23:00,1BY6WEcLGh8j5v7,0.0,0.0,7456.0,6439070.0
09-06-2020 19:15,z9Y9gH1T5YWrNuG,0.0,0.0,7629.0,7199053.0
18-05-2020 20:45,ZnxXDlPa8U1GXgE,0.0,0.0,5424.0,6548162.0
13-06-2020 14:30,rGa61gmuvPhdLxV,9310.625,910.0875,6637.0,7328918.0
17-06-2020 02:15,z9Y9gH1T5YWrNuG,0.0,0.0,0.0,7245385.0
10-06-2020 03:15,bvBOhCH3iADSZry,0.0,0.0,0.0,6493347.0
22-05-2020 01:15,VHMLBKoKgIrUVDU,0.0,0.0,0.0,7256361.0
05-06-2020 22:15,7JYdWkrLSPkdwr4,0.0,0.0,0.0,7764140.0
07-06-2020 03:45,ih0vzX44oOqAx2f,0.0,0.0,0.0,6350673.0
24-05-2020 19:45,ZnxXDlPa8U1GXgE,0.0,0.0,8028.0,6595756.0
16-06-2020 23:30,bvBOhCH3iADSZry,0.0,0.0,5757.0,6533549.0
05-06-2020 15:45,wCURE6d3bPkepu2,8552.875,836.8,6641.75,6945662.75
20-05-2020 09:00,adLQvlD726eNBSB,8305.571429,812.8285714,1122.285714,6305635.286
08-06-2020 08:00,ih0vzX44oOqAx2f,4033.125,396.175,355.375,6359047.375
22-05-2020 03:00,pkci93gMrogZuBj,0.0,0.0,0.0,7217976.0
13-06-2020 08:45,1BY6WEcLGh8j5v7,6928.75,678.625,837.875,6456516.875
05-06-2020 17:15,7JYdWkrLSPkdwr4,3764.25,369.6375,7294.0,7763915.0
06-06-2020 23:00,zBIq5rxdHJRwDNY,0.0,0.0,0.0,6506728.0
02-06-2020 12:30,adLQvlD726eNBSB,8756.125,856.2875,3849.25,6410680.25
13-06-2020 13:45,1BY6WEcLGh8j5v7,6757.714286,661.7142857,5614.285714,6461293.286
12-06-2020 10:00,ZnxXDlPa8U1GXgE,5884.5,576.625,1055.375,6730957.375
27-05-2020 05:45,1IF53ai7Xc0U56Y,0.0,0.0,0.0,6274638.0
07-06-2020 13:00,zVJPv84UY57bAof,12688.5,1237.1125,4939.125,7290469.125
02-06-2020 03:45,sjndEbLyjtCKgGv,0.0,0.0,0.0,7148008.0
31-05-2020 11:00,pkci93gMrogZuBj,11849.875,1156.2125,2397.625,7291273.625
03-06-2020 04:30,uHbuxQJl8lW7ozc,0.0,0.0,0.0,7178405.0
19-05-2020 15:15,7JYdWkrLSPkdwr4,6051.714286,593.0142857,5838.571429,7634210.571
30-05-2020 07:15,z9Y9gH1T5YWrNuG,2186.0,214.3142857,122.1428571,7120577.143
01-06-2020 12:15,YxYtjZvoooNbGkE,7261.0,710.4571429,3792.0,7309531.0
03-06-2020 00:45,rGa61gmuvPhdLxV,0.0,0.0,0.0,7249330.0
31-05-2020 20:00,iCRJl6heRkivqQ3,0.0,0.0,5969.0,7304567.0
16-06-2020 08:45,zVJPv84UY57bAof,5816.428571,570.0,735.8571429,7351835.857
20-05-2020 05:30,iCRJl6heRkivqQ3,0.0,0.0,0.0,7210718.0
14-06-2020 20:45,ZnxXDlPa8U1GXgE,0.0,0.0,7404.0,6751747.0
10-06-2020 08:00,rGa61gmuvPhdLxV,4375.571429,429.4857143,399.8571429,7304603.857
23-05-2020 10:45,wCURE6d3bPkepu2,8335.5,814.9,2528.5,6841753.5
25-05-2020 16:45,uHbuxQJl8lW7ozc,1346.125,131.0,8729.25,7120581.25
14-06-2020 17:00,bvBOhCH3iADSZry,1626.875,159.3125,3850.125,6521492.125
17-06-2020 23:00,pkci93gMrogZuBj,0.0,0.0,5952.0,7415430.0
11-06-2020 07:15,WRmjgnKYAwPKWDb,1208.25,117.5,57.25,7227424.25
15-06-2020 14:45,pkci93gMrogZuBj,7302.428571,714.8857143,5573.285714,7401995.286
21-05-2020 16:30,ih0vzX44oOqAx2f,4292.857143,421.4142857,7406.857143,6233347.857
17-06-2020 04:45,iCRJl6heRkivqQ3,0.0,0.0,0.0,7420306.0
10-06-2020 10:15,1BY6WEcLGh8j5v7,6561.714286,642.7857143,1591.714286,6440661.714
16-06-2020 19:45,bvBOhCH3iADSZry,0.0,0.0,5757.0,6533549.0
04-06-2020 14:45,1IF53ai7Xc0U56Y,10267.42857,1002.785714,6269.142857,6338928.143
24-05-2020 08:45,sjndEbLyjtCKgGv,4841.375,474.9875,806.125,7082255.125
24-05-2020 01:30,uHbuxQJl8lW7ozc,0.0,0.0,0.0,7103746.0
04-06-2020 06:00,iCRJl6heRkivqQ3,48.14285714,4.657142857,0.0,7325696.0
07-06-2020 01:15,VHMLBKoKgIrUVDU,0.0,0.0,0.0,7377989.0
10-06-2020 15:30,YxYtjZvoooNbGkE,4724.714286,463.6,5685.0,7378953.0
04-06-2020 22:45,iCRJl6heRkivqQ3,0.0,0.0,0.0,7334000.0
22-05-2020 16:45,YxYtjZvoooNbGkE,1950.0,191.1625,6951.25,7235985.25
09-06-2020 18:00,sjndEbLyjtCKgGv,867.1428571,84.15714286,8147.428571,7209072.429
12-06-2020 05:30,YxYtjZvoooNbGkE,0.0,0.0,0.0,7385279.0
18-05-2020 22:45,sjndEbLyjtCKgGv,0.0,0.0,5351.0,7042405.0
31-05-2020 18:45,1BY6WEcLGh8j5v7,0.0,0.0,5803.0,6377931.0
25-05-2020 10:00,ZnxXDlPa8U1GXgE,10733.0,1049.0125,1937.875,6597693.875
10-06-2020 13:15,wCURE6d3bPkepu2,7833.75,766.2625,4288.875,6980268.875
25-05-2020 13:15,ih0vzX44oOqAx2f,11737.71429,1144.428571,5093.0,6261587.0
17-05-2020 20:00,pkci93gMrogZuBj,0.0,0.0,7397.0,7189047.0
15-05-2020 12:30,uHbuxQJl8lW7ozc,8398.0,821.2,3270.571429,7041951.571
12-06-2020 13:45,ZnxXDlPa8U1GXgE,9648.75,943.5875,4037.875,6733939.875
04-06-2020 18:00,sjndEbLyjtCKgGv,921.4285714,89.47142857,8206.857143,7171499.857
26-05-2020 10:45,7JYdWkrLSPkdwr4,11801.0,1151.275,2813.25,7686833.25
04-06-2020 05:00,iCRJl6heRkivqQ3,0.0,0.0,0.0,7325696.0
31-05-2020 18:30,z9Y9gH1T5YWrNuG,24.5,2.3625,6300.0,7133897.0
02-06-2020 10:15,uHbuxQJl8lW7ozc,6763.125,662.3125,2150.625,7173092.625
04-06-2020 18:30,rGa61gmuvPhdLxV,46.25,4.45,8212.0,7265349.0
28-05-2020 16:30,VHMLBKoKgIrUVDU,4097.625,401.675,8162.875,7312540.875
17-06-2020 05:45,zVJPv84UY57bAof,0.0,0.0,0.0,7357362.0
05-06-2020 02:00,YxYtjZvoooNbGkE,0.0,0.0,0.0,7334886.0
01-06-2020 10:15,iCRJl6heRkivqQ3,9235.75,902.45,1955.25,7306522.25
07-06-2020 20:45,YxYtjZvoooNbGkE,0.0,0.0,8155.0,7356967.0
11-06-2020 11:15,WRmjgnKYAwPKWDb,7782.857143,761.8714286,1700.0,7229067.0
25-05-2020 16:30,zBIq5rxdHJRwDNY,1932.571429,189.1857143,8296.714286,6420054.714
23-05-2020 08:15,7JYdWkrLSPkdwr4,6818.571429,667.7,464.2857143,7659234.286
22-05-2020 16:30,iCRJl6heRkivqQ3,2250.25,220.6375,6964.125,7234406.125
25-05-2020 20:30,wCURE6d3bPkepu2,0.0,0.0,8859.0,6864650.0
27-05-2020 10:15,WRmjgnKYAwPKWDb,5927.125,580.65,2082.625,7119962.625
11-06-2020 03:45,1BY6WEcLGh8j5v7,0.0,0.0,0.0,6444981.0
06-06-2020 11:45,rGa61gmuvPhdLxV,5380.875,526.425,3230.25,7276320.25
15-05-2020 02:30,bvBOhCH3iADSZry,0.0,0.0,0.0,6316803.0
15-06-2020 04:15,uHbuxQJl8lW7ozc,0.0,0.0,0.0,7267837.0
21-05-2020 10:15,ih0vzX44oOqAx2f,5802.714286,568.4857143,1974.857143,6227915.857
17-05-2020 14:30,WRmjgnKYAwPKWDb,5169.375,506.5125,6058.75,7047488.75
11-06-2020 13:45,iCRJl6heRkivqQ3,6617.25,648.1875,3533.75,7383312.75
25-05-2020 21:30,rGa61gmuvPhdLxV,0.0,0.0,8807.0,7192102.0
25-05-2020 00:00,zBIq5rxdHJRwDNY,0.0,0.0,909.625,6411758.0
10-06-2020 16:00,ZnxXDlPa8U1GXgE,4201.571429,412.6428571,5890.428571,6723662.429
10-06-2020 05:45,adLQvlD726eNBSB,0.0,0.0,0.0,6470277.0
21-05-2020 11:30,WRmjgnKYAwPKWDb,11656.0,1137.328571,3376.571429,7073101.571
04-06-2020 21:15,bvBOhCH3iADSZry,0.0,0.0,7462.0,6460186.0
25-05-2020 12:15,pkci93gMrogZuBj,12587.57143,1227.3,4467.428571,7246174.429
05-06-2020 04:30,bvBOhCH3iADSZry,0.0,0.0,0.0,6460186.0
15-06-2020 14:00,bvBOhCH3iADSZry,3896.375,382.8625,4620.375,6526220.375
31-05-2020 06:15,ZoEaEvLYb1n2sOq,458.375,44.3375,6.875,7216854.875
27-05-2020 15:00,YxYtjZvoooNbGkE,4398.142857,431.8285714,5547.0,7274880.0
30-05-2020 03:45,3PZuoBAID5Wc2HD,0.0,0.0,0.0,7102189.0
14-06-2020 20:15,YxYtjZvoooNbGkE,0.0,0.0,7263.0,7406702.0
06-06-2020 19:45,1BY6WEcLGh8j5v7,0.0,0.0,5940.0,6418482.0
12-06-2020 19:15,sjndEbLyjtCKgGv,0.0,0.0,5847.0,7227101.0
22-05-2020 19:45,1BY6WEcLGh8j5v7,0.0,0.0,6848.0,6312437.0
07-06-2020 19:30,z9Y9gH1T5YWrNuG,0.0,0.0,6342.0,7183631.0
28-05-2020 10:00,7JYdWkrLSPkdwr4,10414.125,1017.9625,2009.625,7700559.625
30-05-2020 08:30,McdE0feGgRqW7Ca,3607.125,354.5625,483.625,7273696.625
17-05-2020 02:30,zBIq5rxdHJRwDNY,0.0,0.0,0.0,6352150.0
30-05-2020 19:30,ZnxXDlPa8U1GXgE,0.0,0.0,7317.0,6643383.0
17-06-2020 11:15,McdE0feGgRqW7Ca,8201.142857,802.6714286,2149.285714,7404744.286
29-05-2020 14:00,rGa61gmuvPhdLxV,6619.428571,648.4142857,6057.285714,7220872.286
07-06-2020 03:30,7JYdWkrLSPkdwr4,0.0,0.0,0.0,7770457.0
23-05-2020 09:30,WRmjgnKYAwPKWDb,9069.5,887.2,1493.375,7086088.375
09-06-2020 01:30,7JYdWkrLSPkdwr4,0.0,0.0,0.0,7786793.0
24-05-2020 22:15,rGa61gmuvPhdLxV,0.0,0.0,8002.0,7183295.0
13-06-2020 05:00,VHMLBKoKgIrUVDU,0.0,0.0,0.0,7420914.0
11-06-2020 00:45,ZnxXDlPa8U1GXgE,0.0,0.0,0.0,6724210.0
11-06-2020 16:45,YxYtjZvoooNbGkE,3137.0,308.0714286,5365.571429,7385052.571
30-05-2020 03:30,z9Y9gH1T5YWrNuG,0.0,0.0,0.0,7120455.0
27-05-2020 23:15,7JYdWkrLSPkdwr4,0.0,0.0,6638.0,7698550.0
13-06-2020 09:15,7JYdWkrLSPkdwr4,9493.625,928.4625,1319.875,7813736.875
01-06-2020 20:15,1BY6WEcLGh8j5v7,0.0,0.0,5508.0,6383439.0
17-06-2020 19:45,zVJPv84UY57bAof,0.0,0.0,5910.0,7363272.0
15-05-2020 01:00,McdE0feGgRqW7Ca,0.0,0.0,0.0,7158964.0
15-06-2020 07:45,z9Y9gH1T5YWrNuG,3683.0,361.5714286,260.5714286,7232728.571
15-05-2020 06:15,z9Y9gH1T5YWrNuG,312.7142857,30.18571429,3.428571429,7007869.429
05-06-2020 17:00,z9Y9gH1T5YWrNuG,4219.375,413.75,7398.75,7170660.75
25-05-2020 14:30,McdE0feGgRqW7Ca,10213.0,998.3428571,7262.571429,7239953.571
04-06-2020 12:45,zBIq5rxdHJRwDNY,8205.5,802.2375,4326.375,6488668.375
03-06-2020 16:45,ih0vzX44oOqAx2f,3893.875,382.1,7330.875,6328641.875
04-06-2020 23:15,McdE0feGgRqW7Ca,0.0,0.0,0.0,7316761.0
31-05-2020 16:15,iCRJl6heRkivqQ3,2179.571429,213.6571429,5676.857143,7304274.857
16-06-2020 01:30,ZoEaEvLYb1n2sOq,0.0,0.0,0.0,7329691.0
07-06-2020 14:15,wCURE6d3bPkepu2,10590.375,1033.95,4435.25,6957529.25
16-06-2020 08:30,3PZuoBAID5Wc2HD,6262.428571,613.4714286,615.4285714,7225657.429
17-06-2020 05:45,zBIq5rxdHJRwDNY,0.0,0.0,0.0,6577552.0
01-06-2020 14:00,zVJPv84UY57bAof,2950.714286,288.9857143,4964.857143,7246988.857
10-06-2020 11:00,1BY6WEcLGh8j5v7,4566.5,447.975,2036.5,6441106.5
25-05-2020 03:15,1IF53ai7Xc0U56Y,0.0,0.0,0.0,6257480.0
07-06-2020 03:30,McdE0feGgRqW7Ca,0.0,0.0,0.0,7331160.0
12-06-2020 12:30,zBIq5rxdHJRwDNY,7135.25,698.725,3015.625,6546565.625
03-06-2020 14:45,z9Y9gH1T5YWrNuG,9851.375,962.6625,6097.375,7153371.375
19-05-2020 10:45,7JYdWkrLSPkdwr4,7851.0,768.1857143,1873.0,7630245.0
22-05-2020 05:30,uHbuxQJl8lW7ozc,0.0,0.0,0.0,7087976.0
18-05-2020 19:30,3PZuoBAID5Wc2HD,0.0,0.0,5435.0,7013918.0
09-06-2020 07:00,McdE0feGgRqW7Ca,2221.0,217.7428571,95.71428571,7346877.714
29-05-2020 22:15,iCRJl6heRkivqQ3,0.0,0.0,0.0,7291253.0
24-05-2020 15:30,ZnxXDlPa8U1GXgE,3859.714286,378.6714286,7220.714286,6594948.714
07-06-2020 20:45,zBIq5rxdHJRwDNY,0.0,0.0,8183.0,6514911.0
01-06-2020 02:00,sjndEbLyjtCKgGv,0.0,0.0,0.0,7142242.0
13-06-2020 16:45,ZoEaEvLYb1n2sOq,2153.714286,211.0428571,8193.428571,7315578.429
31-05-2020 15:30,3PZuoBAID5Wc2HD,3342.571429,328.5285714,5303.571429,7114791.571
13-06-2020 21:30,ih0vzX44oOqAx2f,0.0,0.0,8255.0,6400518.0
10-06-2020 19:45,McdE0feGgRqW7Ca,0.0,0.0,6606.0,7361623.0
14-06-2020 04:30,adLQvlD726eNBSB,0.0,0.0,0.0,6497496.0
26-05-2020 05:00,rGa61gmuvPhdLxV,0.0,0.0,0.0,7192102.0
03-06-2020 18:45,3PZuoBAID5Wc2HD,0.0,0.0,7874.0,7136488.0
31-05-2020 16:45,YxYtjZvoooNbGkE,1813.375,177.75,5772.125,7305541.125
16-06-2020 05:00,zBIq5rxdHJRwDNY,0.0,0.0,0.0,6571833.0
04-06-2020 10:00,YxYtjZvoooNbGkE,8104.625,792.3375,1592.875,7328348.875
25-05-2020 15:30,1BY6WEcLGh8j5v7,8066.428571,789.5285714,7544.714286,6335484.714
19-05-2020 11:00,ih0vzX44oOqAx2f,10343.14286,1009.728571,2071.571429,6212558.571
18-05-2020 02:30,iCRJl6heRkivqQ3,0.0,0.0,0.0,7198367.0
02-06-2020 13:30,wCURE6d3bPkepu2,10834.71429,1058.257143,4996.0,6920340.0
25-05-2020 02:45,7JYdWkrLSPkdwr4,0.0,0.0,0.0,7675241.0
04-06-2020 06:00,ih0vzX44oOqAx2f,78.125,7.525,0.75,6329010.75
24-05-2020 01:45,1BY6WEcLGh8j5v7,0.0,0.0,0.0,6320403.0
31-05-2020 22:30,uHbuxQJl8lW7ozc,0.0,0.0,6081.0,7165353.0
20-05-2020 22:45,1IF53ai7Xc0U56Y,0.0,0.0,8997.0,6225427.0
01-06-2020 10:15,ZoEaEvLYb1n2sOq,9376.125,916.675,1950.0,7224594.0
18-05-2020 07:45,1BY6WEcLGh8j5v7,1606.571429,157.0571429,253.4285714,6278903.429
15-05-2020 03:15,VHMLBKoKgIrUVDU,0.0,0.0,0.0,7206408.0
06-06-2020 20:45,wCURE6d3bPkepu2,0.0,0.0,0.0,6953094.0
07-06-2020 12:30,1BY6WEcLGh8j5v7,0.0,0.0,3634.0,6422116.0
29-05-2020 16:15,VHMLBKoKgIrUVDU,6219.5,609.3375,7705.75,7320592.75
30-05-2020 13:00,rGa61gmuvPhdLxV,9507.0,929.65,3674.5,7226748.5
12-06-2020 19:00,YxYtjZvoooNbGkE,0.0,0.0,5780.0,7391059.0
01-06-2020 12:15,iCRJl6heRkivqQ3,9067.428571,885.7142857,3768.714286,7308335.714
25-05-2020 11:30,uHbuxQJl8lW7ozc,12262.0,1195.5375,3593.375,7115445.375
17-06-2020 10:00,3PZuoBAID5Wc2HD,6346.285714,621.7285714,1302.428571,7232675.429
27-05-2020 01:00,uHbuxQJl8lW7ozc,0.0,0.0,0.0,7128538.0
28-05-2020 09:30,rGa61gmuvPhdLxV,9397.857143,919.2,1482.857143,7208031.857
02-06-2020 04:00,1BY6WEcLGh8j5v7,0.0,0.0,0.0,6383439.0
27-05-2020 05:00,ZnxXDlPa8U1GXgE,0.0,0.0,0.0,6612649.0
31-05-2020 05:45,pkci93gMrogZuBj,0.0,0.0,0.0,7288876.0
26-05-2020 08:15,bvBOhCH3iADSZry,5507.125,539.7625,509.5,6392845.5
17-06-2020 02:00,zVJPv84UY57bAof,0.0,0.0,0.0,7357362.0
24-05-2020 13:45,McdE0feGgRqW7Ca,11971.14286,1167.171429,5813.142857,7230449.143
20-05-2020 11:15,1BY6WEcLGh8j5v7,11327.14286,1106.585714,3088.428571,6293185.429
29-05-2020 09:15,ih0vzX44oOqAx2f,8691.428571,850.3714286,996.2857143,6288166.286
13-06-2020 04:45,7JYdWkrLSPkdwr4,0.0,0.0,0.0,7812417.0
07-06-2020 10:15,adLQvlD726eNBSB,7913.571429,774.6285714,1705.142857,6446736.143
27-05-2020 11:15,zVJPv84UY57bAof,11079.71429,1081.114286,2741.428571,7208124.429
18-05-2020 11:15,1BY6WEcLGh8j5v7,6454.75,632.325,1092.625,6279742.625
21-05-2020 07:45,wCURE6d3bPkepu2,3253.0,319.6,304.0,6824548.0
03-06-2020 10:45,z9Y9gH1T5YWrNuG,10924.85714,1067.371429,1969.857143,7149243.857
19-05-2020 02:30,1BY6WEcLGh8j5v7,0.0,0.0,0.0,6283648.0
27-05-2020 04:30,VHMLBKoKgIrUVDU,0.0,0.0,0.0,7297615.0
27-05-2020 01:30,ZnxXDlPa8U1GXgE,0.0,0.0,0.0,6612649.0
06-06-2020 03:45,YxYtjZvoooNbGkE,0.0,0.0,0.0,7342489.0
12-06-2020 00:30,bvBOhCH3iADSZry,0.0,0.0,0.0,6504407.0
24-05-2020 11:00,adLQvlD726eNBSB,10582.0,1033.1125,2832.25,6340566.25
23-05-2020 07:30,z9Y9gH1T5YWrNuG,3208.5,315.4,147.875,7064366.875
07-06-2020 12:45,1BY6WEcLGh8j5v7,0.0,0.0,3634.0,6422116.0
26-05-2020 11:15,z9Y9gH1T5YWrNuG,6268.142857,614.1428571,3321.714286,7092761.714
14-06-2020 09:30,ZoEaEvLYb1n2sOq,7937.625,776.975,1222.375,7316985.375
30-05-2020 17:45,rGa61gmuvPhdLxV,1074.125,104.45,7327.0,7230401.0
23-05-2020 03:30,z9Y9gH1T5YWrNuG,0.0,0.0,0.0,7064219.0
16-06-2020 07:00,WRmjgnKYAwPKWDb,1467.428571,143.1428571,61.57142857,7261376.571
01-06-2020 07:00,bvBOhCH3iADSZry,1971.5,193.2625,91.125,6433358.125
04-06-2020 01:45,1IF53ai7Xc0U56Y,0.0,0.0,0.0,6332659.0
14-06-2020 15:15,iCRJl6heRkivqQ3,10146.625,990.4125,6436.0,7406291.0
24-05-2020 22:45,adLQvlD726eNBSB,0.0,0.0,8397.0,6346131.0
02-06-2020 05:45,wCURE6d3bPkepu2,0.0,0.0,0.0,6915344.0
09-06-2020 08:45,bvBOhCH3iADSZry,6366.857143,623.4428571,795.2857143,6486781.286
18-05-2020 10:15,bvBOhCH3iADSZry,2061.375,202.0875,629.625,6336205.625
15-05-2020 14:00,1IF53ai7Xc0U56Y,10326.375,1009.4875,4354.0,6187999.0
15-06-2020 12:30,pkci93gMrogZuBj,5718.285714,560.3714286,4152.571429,7400574.571
12-06-2020 17:45,zVJPv84UY57bAof,1604.375,156.675,5814.0,7328501.0
20-05-2020 18:30,ZoEaEvLYb1n2sOq,51.0,4.925,8735.75,7139067.75
16-06-2020 05:45,VHMLBKoKgIrUVDU,0.0,0.0,0.0,7443869.0
11-06-2020 02:00,rGa61gmuvPhdLxV,0.0,0.0,0.0,7310769.0
14-06-2020 02:15,iCRJl6heRkivqQ3,0.0,0.0,0.0,7399855.0
17-06-2020 15:45,pkci93gMrogZuBj,1433.857143,140.0571429,5546.571429,7415024.571
07-06-2020 22:00,1BY6WEcLGh8j5v7,0.0,0.0,5268.0,6423750.0
15-06-2020 18:15,ZoEaEvLYb1n2sOq,239.25,23.0875,6635.625,7329687.625
18-05-2020 17:00,1IF53ai7Xc0U56Y,2249.375,220.5625,5322.75,6209675.75
29-05-2020 15:00,uHbuxQJl8lW7ozc,7855.375,768.9625,6939.25,7150571.25
14-06-2020 02:45,WRmjgnKYAwPKWDb,0.0,0.0,0.0,7247179.0
11-06-2020 02:15,7JYdWkrLSPkdwr4,0.0,0.0,0.0,7801091.0
19-05-2020 10:45,rGa61gmuvPhdLxV,9084.375,887.65,1942.375,7138844.375
18-05-2020 14:30,1IF53ai7Xc0U56Y,6567.5,643.3,3889.0,6208242.0
15-06-2020 13:30,rGa61gmuvPhdLxV,3812.0,374.3125,4806.0,7342778.0
01-06-2020 12:30,McdE0feGgRqW7Ca,7852.285714,768.5571429,4113.714286,7290873.714
17-05-2020 14:30,ZoEaEvLYb1n2sOq,4942.714286,484.3,5859.285714,7116603.286
13-06-2020 23:30,7JYdWkrLSPkdwr4,0.0,0.0,8435.0,7820852.0
02-06-2020 17:15,sjndEbLyjtCKgGv,1532.0,149.6875,7366.875,7155374.875
15-06-2020 06:30,ZoEaEvLYb1n2sOq,964.75,93.7,23.875,7323075.875
17-06-2020 21:30,WRmjgnKYAwPKWDb,0.0,0.0,5953.0,7273532.0
16-06-2020 08:30,7JYdWkrLSPkdwr4,5931.142857,581.2142857,587.4285714,7835386.429
18-05-2020 07:45,zBIq5rxdHJRwDNY,1779.75,174.225,271.875,6359928.875
11-06-2020 13:15,ZnxXDlPa8U1GXgE,7356.375,720.275,3244.25,6727454.25
14-06-2020 14:30,1IF53ai7Xc0U56Y,7679.285714,751.6714286,5966.285714,6412847.286
17-06-2020 07:00,pkci93gMrogZuBj,1386.875,135.35,17.125,7409495.125
01-06-2020 14:00,wCURE6d3bPkepu2,3133.714286,307.0428571,5173.0,6914578.0
16-05-2020 20:30,ih0vzX44oOqAx2f,0.0,0.0,6450.0,6197810.0
06-06-2020 01:45,bvBOhCH3iADSZry,0.0,0.0,0.0,6467251.0
23-05-2020 20:00,bvBOhCH3iADSZry,0.0,0.0,7864.0,6376772.0
27-05-2020 21:00,rGa61gmuvPhdLxV,0.0,0.0,0.0,7206549.0
16-05-2020 16:00,3PZuoBAID5Wc2HD,3445.428571,338.7428571,6272.571429,7000305.571
01-06-2020 16:45,VHMLBKoKgIrUVDU,1641.428571,160.8428571,5776.285714,7340181.286
08-06-2020 23:30,ZoEaEvLYb1n2sOq,0.0,0.0,8271.0,7281724.0
27-05-2020 09:15,1BY6WEcLGh8j5v7,6772.285714,663.2285714,1131.428571,6344800.429
13-06-2020 20:45,wCURE6d3bPkepu2,0.0,0.0,8461.0,7002369.0
15-05-2020 06:30,iCRJl6heRkivqQ3,677.0,65.5875,14.5,7178006.5
30-05-2020 22:45,7JYdWkrLSPkdwr4,0.0,0.0,7143.0,7721978.0
07-06-2020 05:00,ZnxXDlPa8U1GXgE,0.0,0.0,0.0,6693054.0
14-06-2020 04:45,7JYdWkrLSPkdwr4,0.0,0.0,0.0,7820852.0
07-06-2020 12:15,rGa61gmuvPhdLxV,12969.85714,1264.571429,3893.714286,7283394.714
08-06-2020 01:15,WRmjgnKYAwPKWDb,0.0,0.0,0.0,7204682.0
23-05-2020 23:15,uHbuxQJl8lW7ozc,0.0,0.0,8493.0,7103746.0
05-06-2020 02:30,ZoEaEvLYb1n2sOq,0.0,0.0,0.0,7251540.0
20-05-2020 03:30,YxYtjZvoooNbGkE,0.0,0.0,0.0,7212476.0
15-05-2020 15:45,pkci93gMrogZuBj,5051.142857,495.1285714,5698.714286,7174800.714
19-05-2020 07:30,adLQvlD726eNBSB,2689.285714,263.7714286,189.7142857,6298005.714
23-05-2020 15:45,WRmjgnKYAwPKWDb,7544.375,738.65,7557.125,7092152.125
19-05-2020 10:30,3PZuoBAID5Wc2HD,6494.75,635.8375,1723.875,7015641.875
27-05-2020 00:15,z9Y9gH1T5YWrNuG,0.0,0.0,0.0,7097183.0
05-06-2020 10:45,sjndEbLyjtCKgGv,9508.571429,928.2571429,2380.285714,7173898.286
15-06-2020 12:45,zVJPv84UY57bAof,6877.857143,673.5142857,4353.428571,7348633.429
13-06-2020 15:15,ZnxXDlPa8U1GXgE,10637.0,1039.7,7540.714286,6743325.714
03-06-2020 07:00,zVJPv84UY57bAof,1434.0,139.8375,61.375,7255278.375
16-05-2020 08:15,sjndEbLyjtCKgGv,4707.857143,461.7571429,437.5714286,7023619.571
05-06-2020 12:00,iCRJl6heRkivqQ3,5694.875,557.8,3639.375,7337639.375
26-05-2020 15:45,wCURE6d3bPkepu2,7496.375,733.975,7009.875,6871659.875
26-05-2020 22:00,ih0vzX44oOqAx2f,0.0,0.0,0.0,6272291.0
10-06-2020 03:30,wCURE6d3bPkepu2,0.0,0.0,0.0,6975980.0
15-06-2020 20:15,sjndEbLyjtCKgGv,0.0,0.0,6728.0,7249539.0
25-05-2020 22:00,zVJPv84UY57bAof,0.0,0.0,8813.0,7197609.0
12-06-2020 21:00,VHMLBKoKgIrUVDU,0.0,0.0,5903.0,7420914.0
05-06-2020 10:15,ih0vzX44oOqAx2f,6350.125,622.05,1843.25,6338862.25
25-05-2020 18:30,rGa61gmuvPhdLxV,38.625,3.7375,8807.0,7192102.0
16-06-2020 13:15,WRmjgnKYAwPKWDb,7104.285714,695.7,4152.142857,7265467.143
16-06-2020 08:45,YxYtjZvoooNbGkE,5832.142857,571.5285714,730.5714286,7414065.571
28-05-2020 17:00,z9Y9gH1T5YWrNuG,3193.428571,313.5714286,8309.857143,7112194.857
21-05-2020 09:30,iCRJl6heRkivqQ3,9860.5,964.2375,1411.125,7221016.125
27-05-2020 14:00,adLQvlD726eNBSB,4477.857143,439.6,5022.0,6368538.0
15-06-2020 17:00,z9Y9gH1T5YWrNuG,2827.375,277.675,6540.25,7239008.25
16-06-2020 05:30,1IF53ai7Xc0U56Y,0.0,0.0,0.0,6421214.0
01-06-2020 09:15,ZnxXDlPa8U1GXgE,5974.857143,585.5,1268.428571,6650793.429
17-06-2020 15:45,McdE0feGgRqW7Ca,1412.5,137.875,5578.375,7408173.375
18-05-2020 13:00,VHMLBKoKgIrUVDU,8106.0,793.3428571,2497.142857,7229594.143
17-05-2020 00:30,7JYdWkrLSPkdwr4,0.0,0.0,0.0,7615537.0
28-05-2020 12:15,ZnxXDlPa8U1GXgE,13049.42857,1272.328571,4620.571429,6623996.571
17-06-2020 10:45,ZnxXDlPa8U1GXgE,6777.5,663.8125,1790.125,6766598.125
12-06-2020 13:30,wCURE6d3bPkepu2,8334.714286,815.6857143,3805.428571,6991859.429
24-05-2020 10:30,rGa61gmuvPhdLxV,8345.875,815.45,2012.875,7177305.875
26-05-2020 07:45,VHMLBKoKgIrUVDU,4409.125,432.875,313.875,7289838.875
17-06-2020 22:15,3PZuoBAID5Wc2HD,0.0,0.0,6052.0,7237425.0
09-06-2020 04:00,1IF53ai7Xc0U56Y,0.0,0.0,0.0,6371833.0
16-06-2020 01:00,rGa61gmuvPhdLxV,0.0,0.0,0.0,7344704.0
26-05-2020 09:15,iCRJl6heRkivqQ3,8847.428571,865.6,1264.428571,7261394.429
06-06-2020 12:00,YxYtjZvoooNbGkE,7928.285714,774.6285714,3401.428571,7345890.429
10-06-2020 08:45,1IF53ai7Xc0U56Y,6798.857143,665.9285714,743.2857143,6380765.286
26-05-2020 01:45,zBIq5rxdHJRwDNY,0.0,0.0,0.0,6420201.0
06-06-2020 05:30,McdE0feGgRqW7Ca,0.0,0.0,0.0,7324681.0
05-06-2020 09:30,ZoEaEvLYb1n2sOq,9438.142857,922.2714286,1256.285714,7252796.286
12-06-2020 06:00,WRmjgnKYAwPKWDb,0.0,0.0,0.0,7232986.0
27-05-2020 09:45,YxYtjZvoooNbGkE,9098.375,889.2625,1650.25,7270983.25
06-06-2020 23:30,uHbuxQJl8lW7ozc,0.0,0.0,0.0,7208855.0
02-06-2020 20:30,zBIq5rxdHJRwDNY,0.0,0.0,7421.0,6476454.0
16-05-2020 19:30,7JYdWkrLSPkdwr4,0.0,0.0,6461.0,7615537.0
21-05-2020 23:45,bvBOhCH3iADSZry,0.0,0.0,4062.857143,6362148.0
20-05-2020 00:45,pkci93gMrogZuBj,0.0,0.0,0.0,7201349.0
14-06-2020 12:15,WRmjgnKYAwPKWDb,7269.857143,711.8571429,3676.714286,7250855.714
05-06-2020 16:15,pkci93gMrogZuBj,6744.875,660.65,7015.625,7330706.625
05-06-2020 11:30,3PZuoBAID5Wc2HD,13261.14286,1293.357143,3271.857143,7147974.857
16-06-2020 19:00,pkci93gMrogZuBj,0.0,0.0,6261.0,7409478.0
21-05-2020 12:15,ZoEaEvLYb1n2sOq,11388.57143,1111.214286,4078.428571,7143146.429
02-06-2020 23:45,iCRJl6heRkivqQ3,0.0,0.0,7465.0,7317813.0
15-05-2020 09:15,WRmjgnKYAwPKWDb,2986.0,293.2285714,909.7142857,7029582.714
16-06-2020 02:00,bvBOhCH3iADSZry,0.0,0.0,0.0,6527792.0
17-06-2020 23:15,wCURE6d3bPkepu2,0.0,0.0,5883.0,7028601.0
20-05-2020 04:15,zBIq5rxdHJRwDNY,0.0,0.0,0.0,6371971.0
23-05-2020 14:45,wCURE6d3bPkepu2,7392.714286,723.8428571,6900.285714,6846125.286
17-05-2020 19:00,McdE0feGgRqW7Ca,0.0,0.0,7606.0,7179627.0
31-05-2020 16:45,bvBOhCH3iADSZry,1687.0,165.35,5403.375,6433084.375
06-06-2020 20:45,z9Y9gH1T5YWrNuG,0.0,0.0,0.0,7177289.0
30-05-2020 04:30,1IF53ai7Xc0U56Y,0.0,0.0,0.0,6298211.0
11-06-2020 18:45,WRmjgnKYAwPKWDb,0.0,0.0,5619.0,7232986.0
09-06-2020 00:30,bvBOhCH3iADSZry,0.0,0.0,0.0,6485986.0
19-05-2020 20:00,ZnxXDlPa8U1GXgE,0.0,0.0,6974.0,6555136.0
01-06-2020 22:00,sjndEbLyjtCKgGv,0.0,0.0,5766.0,7148008.0
06-06-2020 07:30,YxYtjZvoooNbGkE,3726.714286,366.2714286,253.0,7342742.0
24-05-2020 16:15,ih0vzX44oOqAx2f,3750.857143,367.6428571,7114.0,6256052.0
23-05-2020 00:00,WRmjgnKYAwPKWDb,0.0,0.0,0.0,7084595.0
08-06-2020 07:30,1IF53ai7Xc0U56Y,2662.857143,261.2571429,182.4285714,6363520.429
18-05-2020 14:15,sjndEbLyjtCKgGv,4947.5,485.1625,3660.625,7040714.625
16-05-2020 06:30,3PZuoBAID5Wc2HD,724.75,70.275,16.875,6994049.875
10-06-2020 02:15,McdE0feGgRqW7Ca,0.0,0.0,0.0,7355017.0
31-05-2020 17:00,uHbuxQJl8lW7ozc,1983.285714,194.4285714,5929.142857,7165201.143
29-05-2020 09:15,WRmjgnKYAwPKWDb,9104.285714,890.6,1023.571429,7133884.571
31-05-2020 22:00,1BY6WEcLGh8j5v7,0.0,0.0,5803.0,6377931.0
11-06-2020 05:00,ih0vzX44oOqAx2f,0.0,0.0,0.0,6381032.0
18-05-2020 22:00,ih0vzX44oOqAx2f,0.0,0.0,5286.0,6210487.0
01-06-2020 09:00,pkci93gMrogZuBj,6794.428571,665.4714286,1089.142857,7295880.143
20-05-2020 07:15,zVJPv84UY57bAof,2431.125,238.4125,117.75,7148454.75
31-05-2020 13:00,zBIq5rxdHJRwDNY,9422.857143,920.4142857,4145.714286,6461446.714
29-05-2020 21:00,3PZuoBAID5Wc2HD,0.0,0.0,8210.0,7102189.0
07-06-2020 01:15,1BY6WEcLGh8j5v7,0.0,0.0,0.0,6418482.0
15-05-2020 03:00,pkci93gMrogZuBj,0.0,0.0,0.0,7169102.0
28-05-2020 09:15,rGa61gmuvPhdLxV,8782.5,859.2875,1261.625,7207810.625
17-05-2020 23:45,sjndEbLyjtCKgGv,0.0,0.0,4252.0,7037054.0
24-05-2020 03:30,zVJPv84UY57bAof,0.0,0.0,0.0,7180838.0
12-06-2020 17:45,pkci93gMrogZuBj,1651.875,161.3375,5800.625,7380756.625
02-06-2020 02:00,7JYdWkrLSPkdwr4,0.0,0.0,0.0,7733624.0
01-06-2020 03:15,VHMLBKoKgIrUVDU,0.0,0.0,0.0,7334405.0
06-06-2020 03:15,zBIq5rxdHJRwDNY,0.0,0.0,0.0,6500302.0
14-06-2020 16:15,adLQvlD726eNBSB,4051.428571,397.9428571,7267.571429,6504763.571
15-05-2020 02:00,WRmjgnKYAwPKWDb,0.0,0.0,0.0,7028673.0
19-05-2020 11:15,bvBOhCH3iADSZry,7154.625,700.45,2108.875,6342646.875
23-05-2020 15:30,uHbuxQJl8lW7ozc,9408.857143,920.2714286,7387.0,7102640.0
29-05-2020 16:30,sjndEbLyjtCKgGv,4285.125,420.7875,7782.375,7128685.375
20-05-2020 07:00,VHMLBKoKgIrUVDU,1727.428571,169.0428571,76.57142857,7239618.571
26-05-2020 08:00,adLQvlD726eNBSB,5518.625,540.8875,460.75,6355754.75
23-05-2020 10:15,zVJPv84UY57bAof,7803.714286,763.8428571,2111.714286,7174405.714
17-06-2020 12:15,McdE0feGgRqW7Ca,13802.71429,1345.771429,3202.857143,7405797.857
07-06-2020 14:45,ZnxXDlPa8U1GXgE,4454.428571,437.3571429,6604.571429,6699658.571
21-05-2020 11:15,1BY6WEcLGh8j5v7,11500.0,1122.0,2802.375,6301148.375
07-06-2020 09:15,zBIq5rxdHJRwDNY,8398.0,821.8125,962.0,6507690.0
11-06-2020 22:45,1IF53ai7Xc0U56Y,0.0,0.0,5704.0,6392324.0
29-05-2020 23:30,adLQvlD726eNBSB,0.0,0.0,8343.0,6387352.0
02-06-2020 14:00,bvBOhCH3iADSZry,6191.0,606.5428571,5050.142857,6443695.143
02-06-2020 12:15,sjndEbLyjtCKgGv,9699.285714,948.2714286,3653.285714,7151661.286
17-05-2020 19:30,rGa61gmuvPhdLxV,0.0,0.0,7438.0,7131537.0
03-06-2020 17:30,adLQvlD726eNBSB,1929.571429,189.1285714,7914.142857,6422190.143
12-06-2020 11:45,zVJPv84UY57bAof,9777.428571,956.1285714,2385.571429,7325072.571
30-05-2020 15:15,McdE0feGgRqW7Ca,9101.125,890.3,6073.375,7279286.375
10-06-2020 19:15,zBIq5rxdHJRwDNY,0.0,0.0,6498.0,6537903.0
14-06-2020 14:00,uHbuxQJl8lW7ozc,14125.625,1377.25,5235.5,7265766.5
07-06-2020 08:15,rGa61gmuvPhdLxV,3547.125,348.675,390.75,7279891.75
14-06-2020 02:15,zBIq5rxdHJRwDNY,0.0,0.0,0.0,6557822.0
09-06-2020 07:30,ZnxXDlPa8U1GXgE,2617.875,257.025,227.625,6709925.625
07-06-2020 13:30,WRmjgnKYAwPKWDb,10956.28571,1069.442857,5453.714286,7202064.714
04-06-2020 23:00,ZnxXDlPa8U1GXgE,0.0,0.0,8178.0,6679062.0
22-05-2020 20:45,adLQvlD726eNBSB,0.0,0.0,7378.0,6328951.0
21-05-2020 22:00,iCRJl6heRkivqQ3,0.0,0.0,7837.0,7227442.0
06-06-2020 15:15,adLQvlD726eNBSB,5118.5,501.7875,6104.375,6444532.375
03-06-2020 05:15,z9Y9gH1T5YWrNuG,0.0,0.0,0.0,7147274.0
23-05-2020 17:00,zBIq5rxdHJRwDNY,3482.875,342.3625,8420.375,6404227.375
22-05-2020 15:15,7JYdWkrLSPkdwr4,7156.125,700.6125,6468.25,7658103.25
01-06-2020 14:30,McdE0feGgRqW7Ca,4809.0,471.6,5387.0,7292147.0
02-06-2020 13:30,WRmjgnKYAwPKWDb,9975.375,974.6125,4845.625,7164545.625
13-06-2020 05:15,zVJPv84UY57bAof,0.0,0.0,0.0,7328550.0
18-05-2020 13:45,rGa61gmuvPhdLxV,12468.875,1216.05,3199.5,7134736.5
31-05-2020 13:30,zVJPv84UY57bAof,6295.25,615.275,4612.625,7240589.625
16-06-2020 07:45,adLQvlD726eNBSB,3713.571429,364.6,258.0,6512260.0
14-06-2020 07:30,WRmjgnKYAwPKWDb,3364.857143,330.5714286,214.7142857,7247393.714
31-05-2020 14:00,ih0vzX44oOqAx2f,11110.75,1084.3875,4886.75,6307153.75
12-06-2020 00:30,3PZuoBAID5Wc2HD,0.0,0.0,0.0,7196186.0
30-05-2020 02:45,zBIq5rxdHJRwDNY,0.0,0.0,0.0,6449905.0
27-05-2020 22:15,3PZuoBAID5Wc2HD,0.0,0.0,6740.0,7085451.0
13-06-2020 15:00,1IF53ai7Xc0U56Y,10502.875,1026.65,7386.875,6405613.875
16-06-2020 16:15,YxYtjZvoooNbGkE,3476.125,341.525,5885.625,7419220.625
24-05-2020 10:45,ih0vzX44oOqAx2f,11673.85714,1139.342857,2284.571429,6251222.571
13-06-2020 18:00,YxYtjZvoooNbGkE,593.375,57.4375,8365.0,7399424.0
15-06-2020 17:45,sjndEbLyjtCKgGv,1279.0,124.5714286,6692.857143,7249503.857
10-06-2020 21:45,VHMLBKoKgIrUVDU,0.0,0.0,6479.0,7409295.0
26-05-2020 07:45,wCURE6d3bPkepu2,4049.0,397.8125,285.75,6864935.75
10-06-2020 01:45,zBIq5rxdHJRwDNY,0.0,0.0,0.0,6531405.0
05-06-2020 01:30,zVJPv84UY57bAof,0.0,0.0,0.0,7271273.0
28-05-2020 08:30,rGa61gmuvPhdLxV,6623.571429,648.8428571,684.2857143,7207233.286
14-06-2020 12:00,VHMLBKoKgIrUVDU,7406.571429,725.1714286,3524.428571,7433090.429
18-05-2020 16:00,z9Y9gH1T5YWrNuG,5866.571429,574.8857143,4855.571429,7033081.571
05-06-2020 08:30,zBIq5rxdHJRwDNY,7261.142857,711.0,509.7142857,6493088.714
20-05-2020 08:45,rGa61gmuvPhdLxV,6843.375,670.2625,848.25,7144660.25
15-06-2020 15:30,McdE0feGgRqW7Ca,5645.857143,553.3571429,6125.285714,7395483.286
18-05-2020 13:15,1IF53ai7Xc0U56Y,9926.5,969.9875,2718.375,6207071.375
17-05-2020 19:15,z9Y9gH1T5YWrNuG,0.0,0.0,7486.0,7028226.0
30-05-2020 15:15,ih0vzX44oOqAx2f,8754.571429,856.5714286,5913.428571,6301034.429
31-05-2020 22:45,zVJPv84UY57bAof,0.0,0.0,6047.0,7242024.0
02-06-2020 01:15,1BY6WEcLGh8j5v7,0.0,0.0,0.0,6383439.0
25-05-2020 13:00,ih0vzX44oOqAx2f,12031.125,1173.025,4800.625,6261294.625
30-05-2020 09:15,wCURE6d3bPkepu2,5533.375,542.425,757.5,6896637.5
16-05-2020 12:45,VHMLBKoKgIrUVDU,11725.375,1143.85,3971.625,7216637.625
16-06-2020 00:45,7JYdWkrLSPkdwr4,0.0,0.0,0.0,7834799.0
30-05-2020 12:15,adLQvlD726eNBSB,10800.85714,1054.728571,2979.571429,6390331.571
18-05-2020 20:15,1IF53ai7Xc0U56Y,0.0,0.0,5453.0,6209806.0
05-06-2020 23:00,rGa61gmuvPhdLxV,0.0,0.0,7741.0,7273090.0
25-05-2020 22:15,adLQvlD726eNBSB,0.0,0.0,9163.0,6355294.0
17-05-2020 05:15,pkci93gMrogZuBj,0.0,0.0,0.0,7181650.0
03-06-2020 01:00,ZoEaEvLYb1n2sOq,0.0,0.0,0.0,7235727.0
10-06-2020 19:30,zVJPv84UY57bAof,0.0,0.0,6560.0,7317016.0
16-05-2020 02:30,iCRJl6heRkivqQ3,0.0,0.0,0.0,7184410.0
09-06-2020 19:45,McdE0feGgRqW7Ca,0.0,0.0,8235.0,7355017.0
16-06-2020 06:15,sjndEbLyjtCKgGv,201.4285714,19.44285714,1.142857143,7249540.143
06-06-2020 04:30,ih0vzX44oOqAx2f,0.0,0.0,0.0,6344476.0
15-05-2020 21:45,zBIq5rxdHJRwDNY,0.0,0.0,6396.0,6345776.0
01-06-2020 19:00,3PZuoBAID5Wc2HD,0.0,0.0,5965.0,7121269.0
15-05-2020 21:45,3PZuoBAID5Wc2HD,0.0,0.0,0.0,6994033.0
24-05-2020 22:30,VHMLBKoKgIrUVDU,0.0,0.0,8180.0,7280512.0
28-05-2020 00:30,adLQvlD726eNBSB,0.0,0.0,0.0,6370373.0
14-06-2020 17:45,1IF53ai7Xc0U56Y,596.1428571,57.68571429,7461.857143,6414342.857
15-06-2020 22:00,bvBOhCH3iADSZry,0.0,0.0,6192.0,6527792.0
27-05-2020 08:00,1IF53ai7Xc0U56Y,4776.75,468.575,425.125,6275063.125
15-06-2020 18:15,bvBOhCH3iADSZry,215.375,20.8125,6188.75,6527788.75
08-06-2020 00:30,VHMLBKoKgIrUVDU,0.0,0.0,0.0,7386208.0
11-06-2020 17:30,z9Y9gH1T5YWrNuG,1407.625,137.2,5535.0,7211000.0
02-06-2020 22:45,zVJPv84UY57bAof,0.0,0.0,7451.0,7255217.0
06-06-2020 06:00,rGa61gmuvPhdLxV,122.625,11.8375,0.625,7273090.625
12-06-2020 09:30,ZoEaEvLYb1n2sOq,5270.428571,516.6142857,748.1428571,7302380.143
12-06-2020 12:45,VHMLBKoKgIrUVDU,7811.25,764.6375,3246.125,7418257.125
03-06-2020 01:30,zBIq5rxdHJRwDNY,0.0,0.0,0.0,6476454.0
31-05-2020 15:30,uHbuxQJl8lW7ozc,3183.0,312.7285714,5570.857143,7164842.857
24-05-2020 01:45,ih0vzX44oOqAx2f,0.0,0.0,0.0,6248938.0
12-06-2020 12:00,zVJPv84UY57bAof,10160.875,993.0625,2636.125,7325323.125
16-06-2020 23:15,1BY6WEcLGh8j5v7,0.0,0.0,5848.0,6479798.0
20-05-2020 19:15,pkci93gMrogZuBj,0.0,0.0,8849.0,7210198.0
12-06-2020 19:00,zVJPv84UY57bAof,0.0,0.0,5863.0,7328550.0
14-06-2020 10:45,YxYtjZvoooNbGkE,11288.0,1102.442857,2297.857143,7401736.857
23-05-2020 16:00,rGa61gmuvPhdLxV,6142.428571,601.8857143,7382.142857,7174523.143
16-05-2020 13:30,bvBOhCH3iADSZry,8715.285714,852.6857143,4304.428571,6326814.429
11-06-2020 21:45,ZnxXDlPa8U1GXgE,0.0,0.0,5692.0,6729902.0
25-05-2020 13:45,7JYdWkrLSPkdwr4,11507.28571,1122.957143,6311.0,7681552.0
25-05-2020 18:00,zVJPv84UY57bAof,440.5,42.5875,8800.875,7197596.875
04-06-2020 18:30,WRmjgnKYAwPKWDb,42.42857143,4.114285714,8037.857143,7182664.857
02-06-2020 19:00,pkci93gMrogZuBj,0.0,0.0,7350.0,7307650.0
14-06-2020 23:15,VHMLBKoKgIrUVDU,0.0,0.0,7489.0,7437055.0
02-06-2020 05:30,1BY6WEcLGh8j5v7,0.0,0.0,0.0,6383439.0
08-06-2020 07:30,zVJPv84UY57bAof,2313.571429,226.8714286,167.2857143,7293957.286
25-05-2020 18:45,bvBOhCH3iADSZry,0.0,0.0,8124.0,6392336.0
10-06-2020 23:30,rGa61gmuvPhdLxV,0.0,0.0,6565.0,7310769.0
01-06-2020 20:30,adLQvlD726eNBSB,0.0,0.0,6127.0,6406831.0
22-05-2020 06:30,adLQvlD726eNBSB,951.875,92.45,30.125,6321603.125
24-05-2020 15:15,sjndEbLyjtCKgGv,5510.428571,540.1142857,7027.714286,7088476.714
15-05-2020 01:45,adLQvlD726eNBSB,0.0,0.0,0.0,6271355.0
04-06-2020 02:45,z9Y9gH1T5YWrNuG,0.0,0.0,0.0,7155113.0
17-05-2020 19:30,1BY6WEcLGh8j5v7,0.0,0.0,7045.0,6278650.0
18-05-2020 09:15,YxYtjZvoooNbGkE,1716.5,168.225,512.125,7200741.125
17-06-2020 14:00,YxYtjZvoooNbGkE,6418.125,628.6,4665.875,7424221.875
11-06-2020 11:15,z9Y9gH1T5YWrNuG,7779.625,761.5625,1687.5,7207152.5
26-05-2020 17:00,rGa61gmuvPhdLxV,4388.428571,430.3571429,7659.285714,7199761.286
26-05-2020 06:00,zBIq5rxdHJRwDNY,124.25,12.0,0.75,6420201.75
15-06-2020 23:45,zBIq5rxdHJRwDNY,0.0,0.0,6696.0,6571833.0
23-05-2020 07:45,YxYtjZvoooNbGkE,3708.285714,364.4571429,230.0,7236351.0
30-05-2020 16:00,ZnxXDlPa8U1GXgE,6780.125,664.0875,6638.625,6642704.625
11-06-2020 07:00,adLQvlD726eNBSB,808.25,78.4375,35.375,6476979.375
08-06-2020 11:00,zBIq5rxdHJRwDNY,11506.375,1122.8625,2981.125,6517892.125
16-06-2020 11:45,1BY6WEcLGh8j5v7,7353.0,719.85,3028.75,6476978.75
22-05-2020 16:00,3PZuoBAID5Wc2HD,3279.714286,322.4714286,6987.285714,7044288.286
16-06-2020 03:45,rGa61gmuvPhdLxV,0.0,0.0,0.0,7344704.0
25-05-2020 20:45,ZnxXDlPa8U1GXgE,0.0,0.0,8910.0,6604666.0
03-06-2020 01:00,WRmjgnKYAwPKWDb,0.0,0.0,0.0,7166917.0
13-06-2020 17:30,rGa61gmuvPhdLxV,1266.875,123.5125,8328.875,7330609.875
15-06-2020 13:45,zBIq5rxdHJRwDNY,3449.857143,339.1714286,4886.142857,6570023.143
03-06-2020 14:45,ZnxXDlPa8U1GXgE,9827.5,960.325,6169.25,6669137.25
08-06-2020 15:45,7JYdWkrLSPkdwr4,6550.25,641.425,7491.5,7786001.5
30-05-2020 01:45,3PZuoBAID5Wc2HD,0.0,0.0,0.0,7102189.0
12-06-2020 04:00,rGa61gmuvPhdLxV,0.0,0.0,0.0,7316432.0
28-05-2020 06:00,YxYtjZvoooNbGkE,161.1428571,15.57142857,0.571428571,7276029.571
15-05-2020 13:30,YxYtjZvoooNbGkE,8100.285714,792.8428571,3932.571429,7183898.571
09-06-2020 23:15,zVJPv84UY57bAof,0.0,0.0,8289.0,7310456.0
04-06-2020 19:00,3PZuoBAID5Wc2HD,0.0,0.0,8215.0,7144703.0
14-06-2020 06:30,1IF53ai7Xc0U56Y,695.2857143,67.37142857,16.42857143,6406897.429
08-06-2020 22:15,ZnxXDlPa8U1GXgE,0.0,0.0,8435.0,6709698.0
13-06-2020 14:15,ZnxXDlPa8U1GXgE,11950.0,1165.885714,6514.714286,6742299.714
19-05-2020 02:15,1IF53ai7Xc0U56Y,0.0,0.0,0.0,6209806.0
17-06-2020 21:30,1BY6WEcLGh8j5v7,0.0,0.0,5521.0,6485319.0
27-05-2020 01:30,sjndEbLyjtCKgGv,0.0,0.0,0.0,7105889.0
15-06-2020 05:00,ZnxXDlPa8U1GXgE,0.0,0.0,0.0,6751747.0
16-05-2020 04:15,rGa61gmuvPhdLxV,0.0,0.0,0.0,7117866.0
15-06-2020 19:15,iCRJl6heRkivqQ3,0.0,0.0,6777.0,7414001.0
17-06-2020 02:00,McdE0feGgRqW7Ca,0.0,0.0,0.0,7402595.0
26-05-2020 08:15,rGa61gmuvPhdLxV,5759.75,564.45,528.375,7192630.375
27-05-2020 23:00,ih0vzX44oOqAx2f,0.0,0.0,6564.0,6278855.0
08-06-2020 20:45,7JYdWkrLSPkdwr4,0.0,0.0,8283.0,7786793.0
04-06-2020 16:45,ih0vzX44oOqAx2f,3866.125,379.575,7619.375,6336629.375
18-05-2020 11:30,adLQvlD726eNBSB,5328.428571,522.3,1366.714286,6293676.714
15-06-2020 14:15,McdE0feGgRqW7Ca,6224.375,609.0625,5248.0,7394606.0
23-05-2020 09:30,McdE0feGgRqW7Ca,7871.0,770.35,1482.0,7217434.0
09-06-2020 23:00,3PZuoBAID5Wc2HD,0.0,0.0,8186.0,7183919.0
29-05-2020 23:00,wCURE6d3bPkepu2,0.0,0.0,0.0,6895880.0
08-06-2020 00:15,3PZuoBAID5Wc2HD,0.0,0.0,0.0,7167224.0
07-06-2020 01:00,adLQvlD726eNBSB,0.0,0.0,0.0,6445031.0
15-06-2020 21:15,McdE0feGgRqW7Ca,0.0,0.0,6872.0,7396230.0
29-05-2020 15:15,zBIq5rxdHJRwDNY,7413.714286,725.8714286,6729.571429,6448723.571
06-06-2020 14:15,sjndEbLyjtCKgGv,12498.28571,1218.971429,5424.571429,7184701.571
31-05-2020 04:30,wCURE6d3bPkepu2,0.0,0.0,0.0,6903158.0
06-06-2020 18:00,rGa61gmuvPhdLxV,141.5,13.65,6410.5,7279500.5
25-05-2020 20:45,ih0vzX44oOqAx2f,0.0,0.0,8085.0,6264579.0
02-06-2020 18:15,z9Y9gH1T5YWrNuG,309.0,29.85714286,7441.428571,7147269.429
19-05-2020 07:45,zVJPv84UY57bAof,3338.5,327.675,253.625,7141658.625
09-06-2020 13:30,McdE0feGgRqW7Ca,10203.625,996.275,5545.5,7352327.5
06-06-2020 04:45,zBIq5rxdHJRwDNY,0.0,0.0,0.0,6500302.0
31-05-2020 15:45,z9Y9gH1T5YWrNuG,3041.428571,298.7714286,5871.714286,7133468.714
14-06-2020 06:45,YxYtjZvoooNbGkE,1068.875,103.9,37.875,7399476.875
15-05-2020 02:30,1BY6WEcLGh8j5v7,0.0,0.0,0.0,6259559.0
19-05-2020 08:30,z9Y9gH1T5YWrNuG,4150.571429,407.6,462.7142857,7034035.714
25-05-2020 21:30,sjndEbLyjtCKgGv,0.0,0.0,8760.0,7098111.0
05-06-2020 10:30,YxYtjZvoooNbGkE,10145.25,990.675,2033.5,7336919.5
15-05-2020 09:00,1IF53ai7Xc0U56Y,8229.25,805.325,804.125,6184449.125
27-05-2020 00:45,ih0vzX44oOqAx2f,0.0,0.0,0.0,6272291.0
10-06-2020 13:00,YxYtjZvoooNbGkE,9749.125,952.35,4102.625,7377370.625
11-06-2020 12:15,pkci93gMrogZuBj,8503.625,832.125,2510.0,7371804.0
13-06-2020 02:00,1IF53ai7Xc0U56Y,0.0,0.0,0.0,6398227.0
30-05-2020 10:00,3PZuoBAID5Wc2HD,4792.0,470.0875,1196.0,7103385.0
16-05-2020 11:00,ih0vzX44oOqAx2f,7637.571429,747.6285714,2286.857143,6193646.857
01-06-2020 10:30,pkci93gMrogZuBj,11530.85714,1125.942857,2133.285714,7296924.286
25-05-2020 16:15,ZoEaEvLYb1n2sOq,4288.875,421.125,8514.875,7178683.875
25-05-2020 03:45,1BY6WEcLGh8j5v7,0.0,0.0,0.0,6327940.0
23-05-2020 09:15,z9Y9gH1T5YWrNuG,8974.857143,878.0142857,1251.857143,7065470.857
16-06-2020 07:15,ih0vzX44oOqAx2f,2335.285714,228.9857143,105.2857143,6414352.286
09-06-2020 02:15,zVJPv84UY57bAof,0.0,0.0,0.0,7302167.0
07-06-2020 03:00,WRmjgnKYAwPKWDb,0.0,0.0,0.0,7196611.0
05-06-2020 13:00,ZnxXDlPa8U1GXgE,8473.125,829.1,4041.5,6683103.5
23-05-2020 23:45,7JYdWkrLSPkdwr4,0.0,0.0,8450.0,7667220.0
09-06-2020 23:45,McdE0feGgRqW7Ca,0.0,0.0,5882.142857,7355017.0
16-05-2020 08:30,7JYdWkrLSPkdwr4,5856.25,573.85,574.25,7609650.25
16-06-2020 08:15,adLQvlD726eNBSB,4723.0,463.4714286,496.5714286,6512498.571
22-05-2020 18:00,YxYtjZvoooNbGkE,278.7142857,26.92857143,7080.857143,7236114.857
09-06-2020 22:15,WRmjgnKYAwPKWDb,0.0,0.0,7977.0,7220978.0
22-05-2020 05:00,7JYdWkrLSPkdwr4,0.0,0.0,0.0,7651635.0
04-06-2020 14:15,iCRJl6heRkivqQ3,7958.25,778.0625,5882.5,7331578.5
04-06-2020 02:00,adLQvlD726eNBSB,0.0,0.0,0.0,6422267.0
12-06-2020 22:15,bvBOhCH3iADSZry,0.0,0.0,5372.0,6509779.0
28-05-2020 19:00,zVJPv84UY57bAof,0.0,0.0,8391.0,7220473.0
13-06-2020 12:00,rGa61gmuvPhdLxV,13420.28571,1308.457143,4078.857143,7326359.857
14-06-2020 08:00,wCURE6d3bPkepu2,4301.5,422.4875,412.875,7002781.875
18-05-2020 13:30,iCRJl6heRkivqQ3,10836.625,1058.05,2938.25,7201305.25
18-05-2020 16:00,McdE0feGgRqW7Ca,6108.285714,598.5,4963.0,7184590.0
05-06-2020 04:45,ZnxXDlPa8U1GXgE,0.0,0.0,0.0,6679062.0
30-05-2020 14:15,ZnxXDlPa8U1GXgE,11485.14286,1121.2,5053.0,6641119.0
25-05-2020 23:30,1IF53ai7Xc0U56Y,0.0,0.0,9048.0,6266528.0
17-06-2020 07:15,1IF53ai7Xc0U56Y,2112.571429,207.1571429,59.85714286,6427591.857
06-06-2020 23:00,McdE0feGgRqW7Ca,0.0,0.0,0.0,7331160.0
25-05-2020 10:45,zBIq5rxdHJRwDNY,11120.0,1086.65,2591.125,6414349.125
20-05-2020 22:30,1BY6WEcLGh8j5v7,0.0,0.0,8249.0,6298346.0
08-06-2020 20:15,YxYtjZvoooNbGkE,0.0,0.0,8343.0,7365310.0
19-05-2020 05:30,zVJPv84UY57bAof,0.0,0.0,0.0,7141405.0
02-06-2020 21:30,ZoEaEvLYb1n2sOq,0.0,0.0,7287.0,7235727.0
03-06-2020 16:15,uHbuxQJl8lW7ozc,3940.0,386.5285714,7306.714286,7185711.714
28-05-2020 17:30,pkci93gMrogZuBj,1170.5,113.9375,8224.0,7273209.0
24-05-2020 09:00,adLQvlD726eNBSB,8667.0,847.9571429,1048.285714,6338782.286
16-05-2020 15:45,bvBOhCH3iADSZry,3590.0,352.8875,5707.125,6328217.125
16-05-2020 05:15,uHbuxQJl8lW7ozc,0.0,0.0,0.0,7045068.0
02-06-2020 04:15,1BY6WEcLGh8j5v7,0.0,0.0,0.0,6383439.0
01-06-2020 02:30,zBIq5rxdHJRwDNY,0.0,0.0,0.0,6463239.0
04-06-2020 01:45,ZoEaEvLYb1n2sOq,0.0,0.0,0.0,7243501.0
03-06-2020 00:30,YxYtjZvoooNbGkE,0.0,0.0,0.0,7318929.0
01-06-2020 00:30,z9Y9gH1T5YWrNuG,0.0,0.0,0.0,7133897.0
18-05-2020 14:30,rGa61gmuvPhdLxV,6547.285714,641.3285714,3799.285714,7135336.286
16-05-2020 03:45,zBIq5rxdHJRwDNY,0.0,0.0,0.0,6345776.0
16-05-2020 08:45,7JYdWkrLSPkdwr4,6347.857143,621.8714286,728.5714286,7609804.571
15-06-2020 04:15,3PZuoBAID5Wc2HD,0.0,0.0,0.0,7218223.0
17-05-2020 18:30,zVJPv84UY57bAof,0.0,0.0,7480.0,7136015.0
20-05-2020 07:15,3PZuoBAID5Wc2HD,2684.25,263.35,129.125,7020641.125
17-05-2020 01:30,WRmjgnKYAwPKWDb,0.0,0.0,0.0,7041430.0
09-06-2020 20:15,WRmjgnKYAwPKWDb,0.0,0.0,7977.0,7220978.0
17-05-2020 22:45,uHbuxQJl8lW7ozc,0.0,0.0,7454.0,7058793.0
05-06-2020 13:00,ZoEaEvLYb1n2sOq,8470.375,828.825,3990.625,7255530.625
16-06-2020 02:45,VHMLBKoKgIrUVDU,0.0,0.0,0.0,7443869.0
02-06-2020 20:15,rGa61gmuvPhdLxV,0.0,0.0,7361.0,7249330.0
13-06-2020 07:15,rGa61gmuvPhdLxV,2513.428571,246.4714286,119.0,7322400.0
15-05-2020 08:45,McdE0feGgRqW7Ca,3473.142857,341.2571429,641.4285714,7159605.429
23-05-2020 14:00,pkci93gMrogZuBj,10633.14286,1038.514286,6254.571429,7231454.571
16-06-2020 16:00,ih0vzX44oOqAx2f,4857.875,476.4,5685.75,6419932.75
07-06-2020 03:45,pkci93gMrogZuBj,0.0,0.0,0.0,7337918.0
06-06-2020 13:30,uHbuxQJl8lW7ozc,8681.75,848.7,4766.125,7207139.125
22-05-2020 09:30,uHbuxQJl8lW7ozc,6059.25,593.7,1146.875,7089122.875
02-06-2020 16:30,1BY6WEcLGh8j5v7,4259.428571,418.2142857,6754.571429,6390193.571
29-05-2020 23:45,uHbuxQJl8lW7ozc,0.0,0.0,0.0,7151932.0
15-06-2020 12:00,McdE0feGgRqW7Ca,9850.375,962.2375,3910.125,7393268.125
09-06-2020 05:00,sjndEbLyjtCKgGv,0.0,0.0,0.0,7200925.0
18-05-2020 03:45,zBIq5rxdHJRwDNY,0.0,0.0,0.0,6359657.0
21-05-2020 21:45,ih0vzX44oOqAx2f,0.0,0.0,0.0,6233543.0
27-05-2020 01:00,ih0vzX44oOqAx2f,0.0,0.0,0.0,6272291.0
23-05-2020 16:00,ZnxXDlPa8U1GXgE,6877.0,673.5375,7829.25,6586968.25
12-06-2020 14:15,uHbuxQJl8lW7ozc,7541.285714,738.3285714,4479.285714,7250685.286
17-05-2020 17:45,sjndEbLyjtCKgGv,869.2857143,84.38571429,7420.714286,7037033.714
28-05-2020 04:00,bvBOhCH3iADSZry,0.0,0.0,0.0,6405833.0
28-05-2020 16:30,7JYdWkrLSPkdwr4,4078.375,399.8,7938.5,7706488.5
05-06-2020 13:30,wCURE6d3bPkepu2,10171.71429,993.4142857,4539.714286,6943560.714
19-05-2020 04:45,zBIq5rxdHJRwDNY,0.0,0.0,0.0,6365047.0
16-06-2020 19:15,ZoEaEvLYb1n2sOq,0.0,0.0,6191.0,7335882.0
04-06-2020 10:15,rGa61gmuvPhdLxV,8574.142857,837.5857143,1775.571429,7258912.571
02-06-2020 12:00,zBIq5rxdHJRwDNY,8329.625,815.125,3388.125,6472421.125
03-06-2020 02:00,zBIq5rxdHJRwDNY,0.0,0.0,0.0,6476454.0
06-06-2020 15:45,3PZuoBAID5Wc2HD,3343.428571,328.4571429,6220.571429,7158706.571
19-05-2020 18:15,bvBOhCH3iADSZry,0.0,0.0,6369.0,6346907.0
26-05-2020 14:15,zVJPv84UY57bAof,3463.25,340.1375,6177.625,7203786.625
19-05-2020 09:00,adLQvlD726eNBSB,5815.875,569.95,699.25,6298515.25
27-05-2020 09:45,McdE0feGgRqW7Ca,8904.875,870.375,1705.625,7251265.625
13-06-2020 03:00,1IF53ai7Xc0U56Y,0.0,0.0,0.0,6398227.0
07-06-2020 13:00,rGa61gmuvPhdLxV,12553.0,1223.9125,4844.875,7284345.875
31-05-2020 00:15,uHbuxQJl8lW7ozc,0.0,0.0,0.0,7159272.0
19-05-2020 08:30,ih0vzX44oOqAx2f,4289.571429,421.1857143,450.2857143,6210937.286
06-06-2020 04:00,7JYdWkrLSPkdwr4,0.0,0.0,0.0,7764140.0
31-05-2020 14:45,WRmjgnKYAwPKWDb,2715.571429,266.3285714,5146.428571,7153175.429
16-05-2020 04:30,adLQvlD726eNBSB,0.0,0.0,0.0,6277738.0
12-06-2020 15:45,ih0vzX44oOqAx2f,4474.375,439.1625,5183.375,6391736.375
04-06-2020 09:30,WRmjgnKYAwPKWDb,6600.571429,646.4285714,1344.571429,7175971.571
20-05-2020 18:45,3PZuoBAID5Wc2HD,0.0,0.0,8982.0,7029494.0
15-05-2020 19:30,iCRJl6heRkivqQ3,0.0,0.0,6418.0,7184410.0
31-05-2020 19:45,rGa61gmuvPhdLxV,0.0,0.0,5894.0,7236332.0
17-05-2020 14:30,ZnxXDlPa8U1GXgE,3627.25,356.05,5957.125,6541109.125
07-06-2020 15:15,ih0vzX44oOqAx2f,7636.428571,747.4,6785.285714,6357458.286
19-05-2020 00:45,z9Y9gH1T5YWrNuG,0.0,0.0,0.0,7033573.0
11-06-2020 14:30,rGa61gmuvPhdLxV,9484.714286,927.0428571,4103.142857,7314872.143
26-05-2020 08:15,pkci93gMrogZuBj,5756.714286,564.1714286,527.1428571,7251046.143
17-06-2020 04:45,adLQvlD726eNBSB,0.0,0.0,0.0,6518398.0
11-06-2020 12:30,zVJPv84UY57bAof,8003.857143,783.4142857,2726.142857,7319742.143
10-06-2020 04:00,bvBOhCH3iADSZry,0.0,0.0,0.0,6493347.0
03-06-2020 20:15,bvBOhCH3iADSZry,0.0,0.0,7237.0,6452724.0
31-05-2020 18:15,zVJPv84UY57bAof,264.75,25.575,6043.875,7242020.875
15-05-2020 05:00,WRmjgnKYAwPKWDb,0.0,0.0,0.0,7028673.0
03-06-2020 16:30,1BY6WEcLGh8j5v7,2390.142857,234.3571429,6939.857143,6397407.857
14-06-2020 01:00,WRmjgnKYAwPKWDb,0.0,0.0,0.0,7247179.0
10-06-2020 19:30,VHMLBKoKgIrUVDU,0.0,0.0,6479.0,7409295.0
04-06-2020 13:15,zVJPv84UY57bAof,11975.71429,1168.442857,4884.428571,7267937.429
18-05-2020 00:30,zVJPv84UY57bAof,0.0,0.0,0.0,7136015.0
01-06-2020 06:15,ZnxXDlPa8U1GXgE,462.625,44.7625,7.375,6649532.375
29-05-2020 16:15,adLQvlD726eNBSB,6347.285714,621.8428571,7856.571429,6386865.571
16-06-2020 07:15,YxYtjZvoooNbGkE,2357.75,231.1875,107.5,7413442.5
15-06-2020 07:00,1BY6WEcLGh8j5v7,1940.714286,190.2571429,89.42857143,6467764.429
28-05-2020 01:30,3PZuoBAID5Wc2HD,0.0,0.0,0.0,7085451.0
09-06-2020 00:15,ZnxXDlPa8U1GXgE,0.0,0.0,0.0,6709698.0
06-06-2020 01:00,adLQvlD726eNBSB,0.0,0.0,0.0,6438428.0
16-06-2020 14:15,VHMLBKoKgIrUVDU,4313.0,423.4428571,4842.571429,7448711.571
27-05-2020 13:45,bvBOhCH3iADSZry,4520.285714,443.5571429,4447.857143,6404147.857
15-06-2020 21:45,1BY6WEcLGh8j5v7,0.0,0.0,6275.0,6473950.0
28-05-2020 06:30,1IF53ai7Xc0U56Y,877.0,85.11428571,24.0,6281486.0
09-06-2020 23:00,YxYtjZvoooNbGkE,0.0,0.0,7958.0,7373268.0
13-06-2020 19:30,ZnxXDlPa8U1GXgE,0.0,0.0,8558.0,6744343.0
07-06-2020 16:00,YxYtjZvoooNbGkE,7379.142857,722.5,7424.571429,7356236.571
25-05-2020 01:30,bvBOhCH3iADSZry,0.0,0.0,0.0,6384212.0
30-05-2020 22:15,adLQvlD726eNBSB,0.0,0.0,7419.0,6394771.0
16-05-2020 19:00,McdE0feGgRqW7Ca,0.0,0.0,6586.0,7172021.0
24-05-2020 10:00,McdE0feGgRqW7Ca,7511.428571,735.0714286,1669.285714,7226305.286
13-06-2020 23:45,zVJPv84UY57bAof,0.0,0.0,8410.0,7336960.0
20-05-2020 20:30,ih0vzX44oOqAx2f,0.0,0.0,8664.0,6225941.0
13-06-2020 10:00,z9Y9gH1T5YWrNuG,8649.857143,845.4428571,1824.571429,7218691.571
17-06-2020 14:15,ZnxXDlPa8U1GXgE,6103.0,597.9571429,4844.714286,6769652.714
17-05-2020 06:15,wCURE6d3bPkepu2,118.375,11.4375,1.5,6795471.5
03-06-2020 23:30,McdE0feGgRqW7Ca,0.0,0.0,8010.0,7308369.0
04-06-2020 10:45,ZoEaEvLYb1n2sOq,12599.57143,1228.9,2282.428571,7245783.429
25-05-2020 07:30,iCRJl6heRkivqQ3,2731.571429,267.9714286,184.8571429,7251445.857
15-05-2020 03:00,zBIq5rxdHJRwDNY,0.0,0.0,0.0,6339380.0
13-06-2020 06:15,wCURE6d3bPkepu2,351.125,33.9375,6.375,6993914.375
23-05-2020 23:00,iCRJl6heRkivqQ3,0.0,0.0,8627.0,7243220.0
12-06-2020 00:30,ZnxXDlPa8U1GXgE,0.0,0.0,0.0,6729902.0
22-05-2020 23:30,ZnxXDlPa8U1GXgE,0.0,0.0,7275.0,6579139.0
30-05-2020 22:45,ZoEaEvLYb1n2sOq,0.0,0.0,7248.0,7216848.0
07-06-2020 02:45,ZoEaEvLYb1n2sOq,0.0,0.0,0.0,7265368.0
26-05-2020 20:30,pkci93gMrogZuBj,0.0,0.0,0.0,7258294.0
04-06-2020 01:00,ih0vzX44oOqAx2f,0.0,0.0,0.0,6329010.0
17-06-2020 07:15,VHMLBKoKgIrUVDU,2093.714286,205.2714286,57.28571429,7450258.286
10-06-2020 13:30,bvBOhCH3iADSZry,10753.0,1050.957143,4138.0,6497485.0
09-06-2020 05:45,YxYtjZvoooNbGkE,0.0,0.0,0.0,7365310.0
06-06-2020 04:30,ZoEaEvLYb1n2sOq,0.0,0.0,0.0,7259075.0
28-05-2020 05:15,wCURE6d3bPkepu2,0.0,0.0,0.0,6879195.0
09-06-2020 23:15,z9Y9gH1T5YWrNuG,0.0,0.0,7629.0,7199053.0
29-05-2020 23:00,bvBOhCH3iADSZry,0.0,0.0,7438.0,6421023.0
24-05-2020 12:30,ZoEaEvLYb1n2sOq,11524.75,1124.3625,4273.0,7166457.0
04-06-2020 01:00,uHbuxQJl8lW7ozc,0.0,0.0,0.0,7186255.0
05-06-2020 08:00,VHMLBKoKgIrUVDU,2857.857143,280.5142857,289.0,7364110.0
10-06-2020 09:45,bvBOhCH3iADSZry,5356.285714,525.1142857,1324.428571,6494671.429
12-06-2020 02:15,pkci93gMrogZuBj,0.0,0.0,0.0,7374956.0
06-06-2020 06:00,uHbuxQJl8lW7ozc,129.75,12.5125,0.75,7202373.75
17-06-2020 15:00,z9Y9gH1T5YWrNuG,5113.0,501.2875,5282.875,7250667.875
19-05-2020 09:30,McdE0feGgRqW7Ca,8285.857143,810.6142857,1013.428571,7186104.429
02-06-2020 08:30,ZoEaEvLYb1n2sOq,7805.0,763.9571429,623.8571429,7229063.857
12-06-2020 14:30,adLQvlD726eNBSB,6498.857143,636.6285714,4732.428571,6487466.429
25-05-2020 17:00,uHbuxQJl8lW7ozc,1148.428571,111.6428571,8759.428571,7120611.429
15-05-2020 22:15,ih0vzX44oOqAx2f,0.0,0.0,0.0,6191360.0
03-06-2020 18:30,rGa61gmuvPhdLxV,92.5,8.9375,7806.375,7257136.375
09-06-2020 05:45,ZnxXDlPa8U1GXgE,0.0,0.0,0.0,6709698.0
17-06-2020 01:30,ih0vzX44oOqAx2f,0.0,0.0,0.0,6420371.0
17-06-2020 09:30,ih0vzX44oOqAx2f,6760.857143,662.1428571,952.2857143,6421323.286
30-05-2020 05:30,uHbuxQJl8lW7ozc,0.0,0.0,0.0,7151932.0
05-06-2020 17:00,iCRJl6heRkivqQ3,4203.285714,412.0857143,7454.428571,7341454.429
31-05-2020 05:30,McdE0feGgRqW7Ca,0.0,0.0,0.0,7280565.0
08-06-2020 21:15,z9Y9gH1T5YWrNuG,0.0,0.0,7793.0,7191424.0
17-06-2020 16:00,bvBOhCH3iADSZry,2928.0,287.6625,5128.625,6538677.625
17-06-2020 05:15,wCURE6d3bPkepu2,0.0,0.0,0.0,7022718.0
17-06-2020 05:15,ZoEaEvLYb1n2sOq,0.0,0.0,0.0,7335882.0
20-05-2020 11:30,adLQvlD726eNBSB,12952.28571,1262.842857,3772.428571,6308285.429
17-05-2020 00:30,pkci93gMrogZuBj,0.0,0.0,0.0,7181650.0
05-06-2020 02:15,YxYtjZvoooNbGkE,0.0,0.0,0.0,7334886.0
22-05-2020 17:15,McdE0feGgRqW7Ca,1213.0,117.9714286,6841.428571,7215896.429
01-06-2020 17:30,1IF53ai7Xc0U56Y,693.7142857,67.21428571,5968.0,6317400.0
19-05-2020 03:00,ZoEaEvLYb1n2sOq,0.0,0.0,0.0,7123527.0
09-06-2020 15:30,ZnxXDlPa8U1GXgE,8612.714286,842.7714286,6982.714286,6716680.714
03-06-2020 23:00,ih0vzX44oOqAx2f,0.0,0.0,7699.0,6329010.0
03-06-2020 10:00,adLQvlD726eNBSB,6023.857143,590.2714286,1463.285714,6415739.286
17-05-2020 19:15,sjndEbLyjtCKgGv,0.0,0.0,7441.0,7037054.0
14-06-2020 14:45,zVJPv84UY57bAof,6647.125,651.075,5966.75,7342926.75
28-05-2020 01:30,rGa61gmuvPhdLxV,0.0,0.0,0.0,7206549.0
01-06-2020 08:00,VHMLBKoKgIrUVDU,6446.625,631.5125,518.0,7334923.0
10-06-2020 14:30,WRmjgnKYAwPKWDb,5435.75,532.4625,5387.125,7226365.125
15-06-2020 18:45,VHMLBKoKgIrUVDU,0.0,0.0,6814.0,7443869.0
31-05-2020 22:45,zBIq5rxdHJRwDNY,0.0,0.0,0.0,6463239.0
12-06-2020 03:15,uHbuxQJl8lW7ozc,0.0,0.0,0.0,7246206.0
15-06-2020 09:15,1BY6WEcLGh8j5v7,8573.0,838.4571429,1236.714286,6468911.714
15-06-2020 10:30,bvBOhCH3iADSZry,9114.375,890.325,2296.75,6523896.75
06-06-2020 16:30,McdE0feGgRqW7Ca,1380.285714,134.4,6370.142857,7331051.143
09-06-2020 02:30,bvBOhCH3iADSZry,0.0,0.0,0.0,6485986.0
10-06-2020 16:15,sjndEbLyjtCKgGv,5346.571429,524.0714286,6076.142857,7215171.143
27-05-2020 18:30,1BY6WEcLGh8j5v7,0.0,0.0,6164.0,6349833.0
11-06-2020 22:45,adLQvlD726eNBSB,0.0,0.0,5790.0,6482734.0
16-05-2020 10:45,ZnxXDlPa8U1GXgE,8517.875,833.375,2189.5,6530665.5
17-06-2020 11:45,uHbuxQJl8lW7ozc,11905.42857,1162.028571,2534.428571,7283569.429
16-06-2020 22:00,1BY6WEcLGh8j5v7,0.0,0.0,5848.0,6479798.0
03-06-2020 19:45,zBIq5rxdHJRwDNY,0.0,0.0,7888.0,6484342.0
19-05-2020 17:00,YxYtjZvoooNbGkE,2685.75,263.5875,6757.25,7212355.25
01-06-2020 04:00,pkci93gMrogZuBj,0.0,0.0,0.0,7294791.0
16-06-2020 10:00,z9Y9gH1T5YWrNuG,10613.0,1036.3,1639.142857,7240823.143
12-06-2020 11:00,7JYdWkrLSPkdwr4,6103.625,598.025,1738.625,7808402.625
02-06-2020 11:30,sjndEbLyjtCKgGv,6402.625,627.2375,3091.0,7151099.0
17-05-2020 06:45,adLQvlD726eNBSB,965.0,93.72857143,26.28571429,6284469.286
02-06-2020 21:30,pkci93gMrogZuBj,0.0,0.0,7350.0,7307650.0
03-06-2020 10:30,adLQvlD726eNBSB,9176.571429,897.6,1789.857143,6416065.857
24-05-2020 00:15,iCRJl6heRkivqQ3,0.0,0.0,0.0,7243220.0
16-05-2020 15:45,z9Y9gH1T5YWrNuG,3933.285714,386.4571429,6023.428571,7020275.429
25-05-2020 07:30,3PZuoBAID5Wc2HD,2695.857143,264.4714286,209.8571429,7061777.857
01-06-2020 14:15,3PZuoBAID5Wc2HD,3503.25,343.2375,5206.0,7120510.0
28-05-2020 04:15,1BY6WEcLGh8j5v7,0.0,0.0,0.0,6349833.0
07-06-2020 00:30,zVJPv84UY57bAof,0.0,0.0,0.0,7285530.0
31-05-2020 13:15,ZnxXDlPa8U1GXgE,5153.375,505.3875,4566.875,6647949.875
25-05-2020 00:15,iCRJl6heRkivqQ3,0.0,0.0,0.0,7251261.0
22-05-2020 07:30,adLQvlD726eNBSB,5018.875,492.025,270.625,6321843.625
11-06-2020 04:30,1IF53ai7Xc0U56Y,0.0,0.0,0.0,6386620.0
15-05-2020 05:30,pkci93gMrogZuBj,0.0,0.0,0.0,7169102.0
30-05-2020 22:00,iCRJl6heRkivqQ3,0.0,0.0,7345.0,7298598.0
26-05-2020 17:00,YxYtjZvoooNbGkE,4304.571429,422.1428571,7761.142857,7269225.143
18-05-2020 20:30,z9Y9gH1T5YWrNuG,0.0,0.0,5347.0,7033573.0
16-05-2020 22:30,zVJPv84UY57bAof,0.0,0.0,6419.0,7128535.0
25-05-2020 08:30,7JYdWkrLSPkdwr4,6804.714286,666.4571429,642.1428571,7675883.143
11-06-2020 05:15,ih0vzX44oOqAx2f,0.0,0.0,0.0,6381032.0
08-06-2020 20:15,1BY6WEcLGh8j5v7,0.0,0.0,7864.0,6431614.0
03-06-2020 18:45,rGa61gmuvPhdLxV,0.0,0.0,7807.0,7257137.0
21-05-2020 14:30,uHbuxQJl8lW7ozc,7431.714286,727.0714286,6455.714286,7086566.714
12-06-2020 20:30,zVJPv84UY57bAof,0.0,0.0,5863.0,7328550.0
10-06-2020 23:15,YxYtjZvoooNbGkE,0.0,0.0,6419.0,7379687.0
17-05-2020 08:15,ZoEaEvLYb1n2sOq,5084.857143,498.4714286,480.4285714,7111224.429
16-06-2020 08:30,pkci93gMrogZuBj,5941.142857,582.1285714,591.5714286,7403808.571
19-05-2020 02:45,YxYtjZvoooNbGkE,0.0,0.0,0.0,7205598.0
09-06-2020 15:30,z9Y9gH1T5YWrNuG,8459.625,827.8375,6548.5,7197972.5
22-05-2020 23:00,zBIq5rxdHJRwDNY,0.0,0.0,0.0,6395807.0
05-06-2020 17:00,McdE0feGgRqW7Ca,4238.125,415.8625,7572.75,7324333.75
19-05-2020 04:15,WRmjgnKYAwPKWDb,0.0,0.0,0.0,7054452.0
16-05-2020 13:45,pkci93gMrogZuBj,6867.125,672.475,4392.5,7179869.5
11-06-2020 22:15,ih0vzX44oOqAx2f,0.0,0.0,5521.0,6386553.0
14-06-2020 05:00,VHMLBKoKgIrUVDU,0.0,0.0,0.0,7429566.0
10-06-2020 22:30,z9Y9gH1T5YWrNuG,0.0,0.0,6412.0,7205465.0
02-06-2020 06:15,ZoEaEvLYb1n2sOq,388.625,37.575,4.625,7228444.625
30-05-2020 09:00,3PZuoBAID5Wc2HD,3806.375,374.0625,677.5,7102866.5
04-06-2020 10:30,pkci93gMrogZuBj,10168.875,992.6625,2039.25,7317475.25
13-06-2020 05:15,iCRJl6heRkivqQ3,0.0,0.0,0.0,7391359.0
06-06-2020 22:15,zBIq5rxdHJRwDNY,0.0,0.0,0.0,6506728.0
11-06-2020 07:15,1IF53ai7Xc0U56Y,1225.714286,119.2142857,59.0,6386679.0
18-05-2020 14:15,McdE0feGgRqW7Ca,5003.875,490.6625,3743.625,7183370.625
17-06-2020 04:00,sjndEbLyjtCKgGv,0.0,0.0,0.0,7255794.0
06-06-2020 11:45,ZnxXDlPa8U1GXgE,5325.142857,520.9,3329.571429,6690028.571
12-06-2020 01:00,ZnxXDlPa8U1GXgE,0.0,0.0,0.0,6729902.0
05-06-2020 10:30,adLQvlD726eNBSB,10824.57143,1056.685714,2218.857143,6432799.857
13-06-2020 12:30,1BY6WEcLGh8j5v7,10536.75,1028.825,4487.25,6460166.25
04-06-2020 07:30,ZnxXDlPa8U1GXgE,2679.142857,262.9857143,201.2857143,6671085.286
15-05-2020 14:00,ZoEaEvLYb1n2sOq,10121.71429,989.5857143,4283.428571,7102382.429
04-06-2020 04:45,VHMLBKoKgIrUVDU,0.0,0.0,0.0,7355661.0
04-06-2020 03:45,ZoEaEvLYb1n2sOq,0.0,0.0,0.0,7243501.0
25-05-2020 21:30,adLQvlD726eNBSB,0.0,0.0,9163.0,6355294.0
01-06-2020 23:00,YxYtjZvoooNbGkE,0.0,0.0,5777.0,7311516.0
18-05-2020 14:30,3PZuoBAID5Wc2HD,6721.857143,658.3857143,3891.0,7012374.0
02-06-2020 13:15,ZnxXDlPa8U1GXgE,12188.71429,1189.185714,4769.428571,6660212.429
08-06-2020 19:00,adLQvlD726eNBSB,0.0,0.0,8620.0,6462004.0
16-05-2020 08:30,McdE0feGgRqW7Ca,6130.75,600.6625,578.625,7166013.625
30-05-2020 18:30,YxYtjZvoooNbGkE,26.25,2.525,7265.75,7299768.75
15-06-2020 11:15,1BY6WEcLGh8j5v7,7742.857143,757.3571429,3004.857143,6470679.857
06-06-2020 10:30,WRmjgnKYAwPKWDb,10191.0,994.0142857,2200.857143,7192470.857
08-06-2020 05:30,ZoEaEvLYb1n2sOq,0.0,0.0,0.0,7273453.0
07-06-2020 16:00,iCRJl6heRkivqQ3,7544.571429,738.6428571,7515.0,7355749.0
16-06-2020 23:45,VHMLBKoKgIrUVDU,0.0,0.0,6332.0,7450201.0
28-05-2020 08:30,iCRJl6heRkivqQ3,6633.142857,649.7285714,689.2857143,7275381.286
24-05-2020 17:15,sjndEbLyjtCKgGv,2775.75,272.4375,7767.0,7089216.0
30-05-2020 23:45,VHMLBKoKgIrUVDU,0.0,0.0,7270.0,7328329.0
08-06-2020 11:00,uHbuxQJl8lW7ozc,12391.125,1208.4875,2986.25,7220135.25
04-06-2020 16:30,bvBOhCH3iADSZry,5463.714286,535.5285714,6989.142857,6459713.143
14-06-2020 09:00,3PZuoBAID5Wc2HD,6322.285714,619.3428571,897.0,7211616.0
11-06-2020 15:15,McdE0feGgRqW7Ca,6517.857143,638.5285714,4741.0,7366364.0
27-05-2020 18:30,7JYdWkrLSPkdwr4,0.0,0.0,6638.0,7698550.0
08-06-2020 20:15,3PZuoBAID5Wc2HD,0.0,0.0,8509.0,7175733.0
26-05-2020 11:15,3PZuoBAID5Wc2HD,8019.625,784.0375,3433.625,7074069.625
03-06-2020 14:45,ih0vzX44oOqAx2f,9325.5,911.4625,6005.5,6327316.5
22-05-2020 17:45,1BY6WEcLGh8j5v7,480.0,46.44285714,6833.428571,6312422.429
06-06-2020 07:30,zBIq5rxdHJRwDNY,3705.875,364.2375,251.0,6500553.0
03-06-2020 04:15,1BY6WEcLGh8j5v7,0.0,0.0,0.0,6390468.0
11-06-2020 06:45,ZoEaEvLYb1n2sOq,526.125,50.9125,18.75,7296089.75
12-06-2020 11:30,wCURE6d3bPkepu2,10702.28571,1045.471429,2149.714286,6990203.714
18-05-2020 22:00,bvBOhCH3iADSZry,0.0,0.0,4962.0,6340538.0
14-06-2020 21:45,z9Y9gH1T5YWrNuG,0.0,0.0,7238.0,7232468.0
01-06-2020 01:15,VHMLBKoKgIrUVDU,0.0,0.0,0.0,7334405.0
11-06-2020 05:15,WRmjgnKYAwPKWDb,0.0,0.0,0.0,7227367.0
10-06-2020 07:30,adLQvlD726eNBSB,3744.75,368.025,241.5,6470518.5
22-05-2020 03:15,ZoEaEvLYb1n2sOq,0.0,0.0,0.0,7146685.0
31-05-2020 20:30,1BY6WEcLGh8j5v7,0.0,0.0,5803.0,6377931.0
18-05-2020 20:00,zVJPv84UY57bAof,0.0,0.0,5390.0,7141405.0
22-05-2020 07:30,uHbuxQJl8lW7ozc,4416.5,433.7375,245.375,7088221.375
19-05-2020 11:00,zVJPv84UY57bAof,10505.28571,1025.928571,2198.428571,7143603.429
28-05-2020 04:15,rGa61gmuvPhdLxV,0.0,0.0,0.0,7206549.0
16-05-2020 08:00,ih0vzX44oOqAx2f,4119.857143,404.7428571,326.5714286,6191686.571
15-05-2020 08:00,iCRJl6heRkivqQ3,2916.375,286.3,280.875,7178272.875
24-05-2020 05:45,zVJPv84UY57bAof,0.0,0.0,0.0,7180838.0
13-06-2020 11:45,WRmjgnKYAwPKWDb,9901.285714,966.6285714,3900.285714,7242680.286
21-05-2020 21:45,rGa61gmuvPhdLxV,0.0,0.0,7766.0,7160399.0
25-05-2020 18:45,1IF53ai7Xc0U56Y,0.0,0.0,9048.0,6266528.0
23-05-2020 11:45,1BY6WEcLGh8j5v7,12432.875,1212.825,3422.375,6315859.375
09-06-2020 04:15,1BY6WEcLGh8j5v7,0.0,0.0,0.0,6431614.0
15-05-2020 13:15,sjndEbLyjtCKgGv,6686.571429,654.9428571,3814.428571,7020646.429
25-05-2020 00:00,zVJPv84UY57bAof,0.0,0.0,0.0,7188796.0
20-05-2020 11:15,zVJPv84UY57bAof,12123.14286,1182.014286,3258.571429,7151595.571
17-06-2020 08:00,z9Y9gH1T5YWrNuG,3444.571429,338.6285714,295.1428571,7245680.143
15-05-2020 10:00,3PZuoBAID5Wc2HD,7384.625,722.0,1366.375,6989125.375
16-06-2020 10:30,1IF53ai7Xc0U56Y,8596.125,841.1375,2210.0,6423424.0
06-06-2020 00:45,1IF53ai7Xc0U56Y,0.0,0.0,0.0,6348557.0
15-05-2020 21:30,VHMLBKoKgIrUVDU,0.0,0.0,0.0,7212666.0
03-06-2020 03:15,YxYtjZvoooNbGkE,0.0,0.0,0.0,7318929.0
17-05-2020 22:00,z9Y9gH1T5YWrNuG,0.0,0.0,7486.0,7028226.0
02-06-2020 18:00,wCURE6d3bPkepu2,372.5,36.0125,7510.75,6922854.75
14-06-2020 22:45,VHMLBKoKgIrUVDU,0.0,0.0,7489.0,7437055.0
26-05-2020 12:00,zBIq5rxdHJRwDNY,9327.857143,910.6285714,3849.714286,6424050.714
07-06-2020 20:00,z9Y9gH1T5YWrNuG,0.0,0.0,6342.0,7183631.0
21-05-2020 14:15,bvBOhCH3iADSZry,7563.875,739.8125,5657.25,6360695.25
06-06-2020 05:15,ZnxXDlPa8U1GXgE,0.0,0.0,0.0,6686699.0
03-06-2020 02:15,pkci93gMrogZuBj,0.0,0.0,0.0,7307650.0
16-05-2020 20:30,1BY6WEcLGh8j5v7,0.0,0.0,6292.0,6271605.0
17-06-2020 23:00,WRmjgnKYAwPKWDb,0.0,0.0,5953.0,7273532.0
30-05-2020 08:00,sjndEbLyjtCKgGv,3104.5,304.85,286.375,7129315.375
10-06-2020 16:30,zBIq5rxdHJRwDNY,3464.428571,340.2142857,6190.714286,6537595.714
18-05-2020 12:30,adLQvlD726eNBSB,8956.857143,876.2714286,2119.285714,6294429.286
19-05-2020 00:30,VHMLBKoKgIrUVDU,0.0,0.0,0.0,7232554.0
04-06-2020 09:45,ZnxXDlPa8U1GXgE,6334.125,620.4125,1424.0,6672308.0
07-06-2020 09:15,3PZuoBAID5Wc2HD,8350.142857,817.1428571,984.4285714,7159966.429
07-06-2020 23:30,ZnxXDlPa8U1GXgE,0.0,0.0,8209.0,6701263.0
15-05-2020 14:45,YxYtjZvoooNbGkE,6827.875,668.1375,5001.125,7184967.125
20-05-2020 07:15,1IF53ai7Xc0U56Y,2737.714286,268.6142857,132.5714286,6216562.571
29-05-2020 16:15,z9Y9gH1T5YWrNuG,6560.0,642.6,7624.5,7119986.5
26-05-2020 13:15,bvBOhCH3iADSZry,8409.714286,821.6571429,4871.0,6397207.0
17-06-2020 17:00,ZnxXDlPa8U1GXgE,1305.428571,127.0428571,5791.571429,6770599.571
07-06-2020 09:30,1BY6WEcLGh8j5v7,6679.0,654.1428571,1118.857143,6419600.857
26-05-2020 19:45,ZoEaEvLYb1n2sOq,0.0,0.0,0.0,7186690.0
16-05-2020 03:00,zVJPv84UY57bAof,0.0,0.0,0.0,7122116.0
10-06-2020 22:45,1BY6WEcLGh8j5v7,0.0,0.0,5911.0,6444981.0
17-05-2020 05:15,bvBOhCH3iADSZry,0.0,0.0,0.0,6328648.0
06-06-2020 22:30,sjndEbLyjtCKgGv,0.0,0.0,0.0,7185656.0
27-05-2020 02:30,iCRJl6heRkivqQ3,0.0,0.0,0.0,7267996.0
20-05-2020 06:00,wCURE6d3bPkepu2,116.4285714,11.24285714,0.857142857,6815349.857
15-05-2020 08:00,VHMLBKoKgIrUVDU,2879.625,282.675,279.125,7206687.125
24-05-2020 15:00,zVJPv84UY57bAof,8949.142857,875.4571429,6875.285714,7187713.286
02-06-2020 01:00,ih0vzX44oOqAx2f,0.0,0.0,0.0,6313983.0
26-05-2020 09:45,ZoEaEvLYb1n2sOq,9872.375,965.375,1706.125,7180620.125
17-06-2020 23:15,pkci93gMrogZuBj,0.0,0.0,5952.0,7415430.0
28-05-2020 20:30,ZoEaEvLYb1n2sOq,0.0,0.0,8247.0,7201538.0
11-06-2020 07:15,wCURE6d3bPkepu2,1208.142857,117.4714286,58.0,6982461.0
22-05-2020 04:30,adLQvlD726eNBSB,0.0,0.0,0.0,6321573.0
22-05-2020 22:00,sjndEbLyjtCKgGv,0.0,0.0,0.0,7072962.0
11-06-2020 22:45,7JYdWkrLSPkdwr4,0.0,0.0,5573.0,7806664.0
26-05-2020 08:30,1BY6WEcLGh8j5v7,6380.428571,625.0571429,664.8571429,6336872.857
12-06-2020 17:15,pkci93gMrogZuBj,1838.875,180.2625,5700.0,7380656.0
12-06-2020 10:30,bvBOhCH3iADSZry,7455.75,729.9625,1291.125,6505698.125
03-06-2020 16:15,McdE0feGgRqW7Ca,4222.75,414.2375,7454.875,7307813.875
31-05-2020 23:30,bvBOhCH3iADSZry,0.0,0.0,5586.0,6433267.0
09-06-2020 09:15,McdE0feGgRqW7Ca,8154.125,797.9625,1311.25,7348093.25
20-05-2020 00:30,YxYtjZvoooNbGkE,0.0,0.0,0.0,7212476.0
16-05-2020 17:00,iCRJl6heRkivqQ3,1977.5,193.8625,6314.375,7190724.375
21-05-2020 12:00,VHMLBKoKgIrUVDU,11001.71429,1073.9,4023.857143,7252547.857
28-05-2020 04:00,zBIq5rxdHJRwDNY,0.0,0.0,0.0,6434083.0
16-05-2020 19:30,wCURE6d3bPkepu2,0.0,0.0,6543.0,6795470.0
23-05-2020 14:00,VHMLBKoKgIrUVDU,10521.85714,1027.7,6378.428571,7270099.429
05-06-2020 23:15,McdE0feGgRqW7Ca,0.0,0.0,7920.0,7324681.0
01-06-2020 06:30,wCURE6d3bPkepu2,954.2857143,92.67142857,22.42857143,6909427.429
22-05-2020 12:00,uHbuxQJl8lW7ozc,12732.85714,1241.871429,3294.714286,7091270.714
22-05-2020 18:30,7JYdWkrLSPkdwr4,0.0,0.0,7135.0,7658770.0
15-05-2020 21:15,ih0vzX44oOqAx2f,0.0,0.0,0.0,6191360.0
15-05-2020 08:15,3PZuoBAID5Wc2HD,4523.714286,443.9571429,376.0,6988135.0
20-05-2020 22:45,3PZuoBAID5Wc2HD,0.0,0.0,8982.0,7029494.0
04-06-2020 14:15,bvBOhCH3iADSZry,5919.571429,579.6714286,5298.571429,6458022.571
29-05-2020 20:45,bvBOhCH3iADSZry,0.0,0.0,7438.0,6421023.0
01-06-2020 17:45,7JYdWkrLSPkdwr4,687.4285714,66.61428571,5773.714286,7733594.714
16-05-2020 22:45,ZoEaEvLYb1n2sOq,0.0,0.0,6384.0,7110744.0
10-06-2020 01:30,z9Y9gH1T5YWrNuG,0.0,0.0,0.0,7199053.0
20-05-2020 19:45,YxYtjZvoooNbGkE,0.0,0.0,8818.0,7221294.0
31-05-2020 13:15,McdE0feGgRqW7Ca,5404.571429,529.8428571,4617.142857,7285182.143
25-05-2020 20:00,bvBOhCH3iADSZry,0.0,0.0,8124.0,6392336.0
24-05-2020 06:45,1IF53ai7Xc0U56Y,1302.0,126.775,46.625,6249253.625
15-06-2020 15:30,1BY6WEcLGh8j5v7,4351.714286,426.9857143,5594.142857,6473269.143
27-05-2020 15:45,1IF53ai7Xc0U56Y,6817.375,667.5875,6130.75,6280768.75
14-06-2020 18:15,adLQvlD726eNBSB,269.1428571,25.97142857,7584.857143,6505080.857
19-05-2020 16:30,sjndEbLyjtCKgGv,4688.375,460.05,6576.375,7048981.375
31-05-2020 05:00,adLQvlD726eNBSB,0.0,0.0,0.0,6394771.0
14-06-2020 13:30,1IF53ai7Xc0U56Y,10485.42857,1024.985714,4786.857143,6411667.857
04-06-2020 04:30,zBIq5rxdHJRwDNY,0.0,0.0,0.0,6484342.0
19-05-2020 11:30,bvBOhCH3iADSZry,3576.25,351.525,2215.75,6342753.75
05-06-2020 21:15,sjndEbLyjtCKgGv,0.0,0.0,7759.0,7179277.0
08-06-2020 15:15,zBIq5rxdHJRwDNY,9553.375,934.2375,7199.0,6522110.0
21-05-2020 14:15,YxYtjZvoooNbGkE,8306.857143,811.5428571,6136.571429,7227430.571
12-06-2020 13:30,rGa61gmuvPhdLxV,8417.5,823.7125,3793.875,7320225.875
03-06-2020 18:45,pkci93gMrogZuBj,0.0,0.0,7786.0,7315436.0
03-06-2020 17:45,iCRJl6heRkivqQ3,1287.285714,125.3142857,7838.857143,7325651.857
15-05-2020 21:15,pkci93gMrogZuBj,0.0,0.0,6375.0,7175477.0
03-06-2020 04:45,zVJPv84UY57bAof,0.0,0.0,0.0,7255217.0
26-05-2020 12:30,1BY6WEcLGh8j5v7,7978.375,780.0125,4329.0,6340537.0
02-06-2020 12:45,1BY6WEcLGh8j5v7,10311.375,1007.5,3900.125,6387339.125
08-06-2020 01:00,7JYdWkrLSPkdwr4,0.0,0.0,0.0,7778510.0
18-05-2020 07:30,McdE0feGgRqW7Ca,3478.428571,341.7,213.4285714,7179840.429
11-06-2020 14:45,zVJPv84UY57bAof,6552.625,641.8,4309.25,7321325.25
11-06-2020 16:15,WRmjgnKYAwPKWDb,4441.875,436.025,5211.75,7232578.75
27-05-2020 01:15,zVJPv84UY57bAof,0.0,0.0,0.0,7205383.0
20-05-2020 06:45,adLQvlD726eNBSB,1069.714286,103.9714286,45.0,6304558.0
12-06-2020 15:45,WRmjgnKYAwPKWDb,4624.142857,453.7714286,5267.142857,7238253.143
16-06-2020 13:15,adLQvlD726eNBSB,7658.125,749.6375,4229.375,6516231.375
31-05-2020 10:15,z9Y9gH1T5YWrNuG,12873.0,1255.4625,1779.125,7129376.125
03-06-2020 07:15,sjndEbLyjtCKgGv,2181.875,213.925,104.75,7155551.75
05-06-2020 22:30,z9Y9gH1T5YWrNuG,0.0,0.0,7739.0,7171001.0
18-05-2020 15:45,McdE0feGgRqW7Ca,7149.875,700.125,4805.125,7184432.125
03-06-2020 15:45,7JYdWkrLSPkdwr4,5177.875,507.675,7007.625,7747881.125
19-05-2020 22:00,ZoEaEvLYb1n2sOq,0.0,0.0,6805.0,7130332.0
20-05-2020 21:15,VHMLBKoKgIrUVDU,0.0,0.0,8982.0,7248524.0
07-06-2020 06:00,VHMLBKoKgIrUVDU,67.71428571,6.528571429,0.0,7377989.0
20-05-2020 02:30,3PZuoBAID5Wc2HD,0.0,0.0,0.0,7020512.0
31-05-2020 21:30,ZoEaEvLYb1n2sOq,0.0,0.0,5796.0,7222644.0
24-05-2020 15:00,uHbuxQJl8lW7ozc,9723.285714,950.8714286,6980.428571,7110726.429
05-06-2020 07:45,iCRJl6heRkivqQ3,2275.75,223.1375,214.875,7334214.875
16-06-2020 20:15,7JYdWkrLSPkdwr4,0.0,0.0,6166.0,7840965.0
08-06-2020 08:45,sjndEbLyjtCKgGv,7119.625,697.225,702.625,7193256.625
26-05-2020 14:00,bvBOhCH3iADSZry,7561.25,739.9875,5652.0,6397988.0
26-05-2020 23:15,ZnxXDlPa8U1GXgE,0.0,0.0,0.0,6612649.0
02-06-2020 21:30,wCURE6d3bPkepu2,0.0,0.0,7525.0,6922869.0
26-05-2020 09:30,1BY6WEcLGh8j5v7,8831.714286,864.1,1419.428571,6337627.429
14-06-2020 23:00,YxYtjZvoooNbGkE,0.0,0.0,7263.0,7406702.0
17-06-2020 07:45,1IF53ai7Xc0U56Y,4042.25,397.175,218.625,6427750.625
13-06-2020 20:00,1IF53ai7Xc0U56Y,0.0,0.0,8654.0,6406881.0
25-05-2020 19:15,VHMLBKoKgIrUVDU,0.0,0.0,9013.0,7289525.0
18-05-2020 21:15,VHMLBKoKgIrUVDU,0.0,0.0,5457.0,7232554.0
17-06-2020 09:15,ZoEaEvLYb1n2sOq,5389.875,528.275,812.75,7336694.75
27-05-2020 00:45,YxYtjZvoooNbGkE,0.0,0.0,0.0,7269333.0
16-06-2020 19:30,wCURE6d3bPkepu2,0.0,0.0,6274.0,7022718.0
25-05-2020 04:15,3PZuoBAID5Wc2HD,0.0,0.0,0.0,7061568.0
13-06-2020 11:15,7JYdWkrLSPkdwr4,12898.14286,1257.557143,3266.571429,7815683.571
23-05-2020 17:30,wCURE6d3bPkepu2,2099.142857,205.8,8493.571429,6847718.571
04-06-2020 14:30,3PZuoBAID5Wc2HD,7534.75,737.5625,6092.125,7142580.125
14-06-2020 21:00,1BY6WEcLGh8j5v7,0.0,0.0,4012.0,6467675.0
22-05-2020 05:45,1IF53ai7Xc0U56Y,0.0,0.0,0.0,6233247.0
24-05-2020 07:45,YxYtjZvoooNbGkE,4064.75,399.35,284.0,7244964.0
04-06-2020 14:30,ZoEaEvLYb1n2sOq,7098.714286,695.0714286,5879.428571,7249380.429
25-05-2020 00:00,VHMLBKoKgIrUVDU,0.0,0.0,1168.571429,7280512.0
07-06-2020 08:45,rGa61gmuvPhdLxV,4983.375,488.7875,581.125,7280082.125
18-05-2020 14:30,pkci93gMrogZuBj,6318.375,619.0,3800.0,7192847.0
19-05-2020 05:45,zVJPv84UY57bAof,0.0,0.0,0.0,7141405.0
26-05-2020 18:00,z9Y9gH1T5YWrNuG,368.4285714,35.61428571,7738.571429,7097178.571
07-06-2020 01:15,zBIq5rxdHJRwDNY,0.0,0.0,0.0,6506728.0
17-05-2020 07:15,McdE0feGgRqW7Ca,2415.0,236.8142857,96.0,7172117.0
04-06-2020 11:45,ih0vzX44oOqAx2f,9775.285714,955.1428571,3239.571429,6332249.571
23-05-2020 19:00,zBIq5rxdHJRwDNY,0.0,0.0,8674.0,6404481.0
14-06-2020 03:15,ZnxXDlPa8U1GXgE,0.0,0.0,0.0,6744343.0
16-05-2020 02:15,sjndEbLyjtCKgGv,0.0,0.0,0.0,7023182.0
26-05-2020 16:45,zBIq5rxdHJRwDNY,5850.142857,573.2714286,7265.428571,6427466.429
21-05-2020 16:15,zVJPv84UY57bAof,3424.142857,336.6142857,7652.428571,7164831.429
11-06-2020 11:45,iCRJl6heRkivqQ3,8332.125,815.4125,2086.375,7381865.375
05-06-2020 17:15,ZoEaEvLYb1n2sOq,3917.125,384.2625,7297.0,7258837.0
05-06-2020 05:30,sjndEbLyjtCKgGv,0.0,0.0,0.0,7171518.0
10-06-2020 00:00,rGa61gmuvPhdLxV,0.0,0.0,0.0,7304204.0
26-05-2020 06:00,YxYtjZvoooNbGkE,140.25,13.525,1.625,7261465.625
06-06-2020 15:00,adLQvlD726eNBSB,4273.142857,419.4714286,5985.0,6444413.0
11-06-2020 23:00,McdE0feGgRqW7Ca,0.0,0.0,5750.0,7367373.0
16-05-2020 22:30,1IF53ai7Xc0U56Y,0.0,0.0,6592.0,6196594.0
07-06-2020 07:45,ih0vzX44oOqAx2f,2429.125,238.2,229.75,6350902.75
28-05-2020 01:15,YxYtjZvoooNbGkE,0.0,0.0,0.0,7276029.0
02-06-2020 06:30,zBIq5rxdHJRwDNY,486.7142857,47.07142857,16.71428571,6469049.714
07-06-2020 09:30,uHbuxQJl8lW7ozc,7065.875,691.8875,1163.125,7210018.125
17-06-2020 20:00,adLQvlD726eNBSB,0.0,0.0,6110.0,6524508.0
14-06-2020 04:30,sjndEbLyjtCKgGv,0.0,0.0,0.0,7235504.0
19-05-2020 23:30,McdE0feGgRqW7Ca,0.0,0.0,7007.0,7192098.0
07-06-2020 03:45,1IF53ai7Xc0U56Y,0.0,0.0,0.0,6355099.0
05-06-2020 12:15,rGa61gmuvPhdLxV,5408.857143,529.8142857,3766.142857,7269115.143
13-06-2020 16:15,YxYtjZvoooNbGkE,2891.571429,283.6571429,8045.857143,7399104.857
06-06-2020 22:45,adLQvlD726eNBSB,0.0,0.0,6603.0,6445031.0
18-05-2020 20:00,YxYtjZvoooNbGkE,0.0,0.0,5369.0,7205598.0
08-06-2020 03:00,pkci93gMrogZuBj,0.0,0.0,0.0,7346132.0
25-05-2020 17:45,VHMLBKoKgIrUVDU,501.875,48.55,8989.375,7289501.375
23-05-2020 07:00,ZnxXDlPa8U1GXgE,1023.625,99.4625,37.375,6579176.375
01-06-2020 15:15,VHMLBKoKgIrUVDU,2034.75,199.45,5521.5,7339926.5
30-05-2020 18:45,McdE0feGgRqW7Ca,0.0,0.0,7352.0,7280565.0
08-06-2020 10:45,McdE0feGgRqW7Ca,11488.42857,1120.985714,2792.428571,7340994.429
16-06-2020 11:00,ih0vzX44oOqAx2f,11862.28571,1157.371429,2580.142857,6416827.143
08-06-2020 14:00,zBIq5rxdHJRwDNY,8416.375,822.4625,5943.0,6520854.0
24-05-2020 07:00,uHbuxQJl8lW7ozc,1701.714286,166.6,75.42857143,7103821.429
13-06-2020 09:15,ih0vzX44oOqAx2f,8115.0,794.1125,1236.625,6393499.625
31-05-2020 17:00,adLQvlD726eNBSB,2033.142857,199.2857143,5774.428571,6400545.429
01-06-2020 02:30,wCURE6d3bPkepu2,0.0,0.0,0.0,6909405.0
16-05-2020 05:00,ZoEaEvLYb1n2sOq,0.0,0.0,0.0,7104360.0
15-05-2020 20:45,z9Y9gH1T5YWrNuG,0.0,0.0,6386.0,7014252.0
01-06-2020 15:45,1IF53ai7Xc0U56Y,1480.625,144.4,5708.625,6317140.625
14-06-2020 00:45,pkci93gMrogZuBj,0.0,0.0,0.0,7389161.0
20-05-2020 01:30,ZoEaEvLYb1n2sOq,0.0,0.0,0.0,7130332.0
07-06-2020 11:30,ZoEaEvLYb1n2sOq,11433.125,1116.05,2981.0,7268349.0
07-06-2020 15:00,3PZuoBAID5Wc2HD,9150.714286,893.8714286,6837.857143,7165819.857
04-06-2020 20:15,rGa61gmuvPhdLxV,0.0,0.0,0.0,7265349.0
25-05-2020 04:45,7JYdWkrLSPkdwr4,0.0,0.0,0.0,7675241.0
18-05-2020 10:45,1BY6WEcLGh8j5v7,5274.875,517.2,795.25,6279445.25
27-05-2020 15:00,ih0vzX44oOqAx2f,4266.428571,418.9,5434.571429,6277725.571
20-05-2020 07:45,McdE0feGgRqW7Ca,4341.25,426.2875,291.25,7192389.25
22-05-2020 17:15,iCRJl6heRkivqQ3,1195.571429,116.2571429,7096.428571,7234538.429
31-05-2020 18:45,sjndEbLyjtCKgGv,0.0,0.0,5987.0,7142242.0
02-06-2020 01:15,iCRJl6heRkivqQ3,0.0,0.0,0.0,7310348.0
13-06-2020 21:45,uHbuxQJl8lW7ozc,0.0,0.0,8437.0,7260531.0
03-06-2020 01:15,McdE0feGgRqW7Ca,0.0,0.0,0.0,7300359.0
22-05-2020 15:15,ZoEaEvLYb1n2sOq,6635.125,649.7625,6371.0,7153056.0
15-05-2020 01:30,bvBOhCH3iADSZry,0.0,0.0,0.0,6316803.0
06-06-2020 17:45,3PZuoBAID5Wc2HD,333.125,32.2125,6484.0,7158970.0
11-06-2020 04:30,uHbuxQJl8lW7ozc,0.0,0.0,0.0,7240508.0
24-05-2020 20:45,McdE0feGgRqW7Ca,0.0,0.0,8055.0,7232691.0
23-05-2020 20:30,3PZuoBAID5Wc2HD,0.0,0.0,8652.0,7053268.0
17-06-2020 21:30,wCURE6d3bPkepu2,0.0,0.0,5883.0,7028601.0
29-05-2020 23:30,sjndEbLyjtCKgGv,0.0,0.0,0.0,7129029.0
23-05-2020 07:30,rGa61gmuvPhdLxV,2869.571429,281.5571429,129.5714286,7167270.571
15-06-2020 04:30,McdE0feGgRqW7Ca,0.0,0.0,0.0,7389358.0
31-05-2020 16:30,7JYdWkrLSPkdwr4,1802.0,176.625,5603.875,7727581.875
12-06-2020 14:15,adLQvlD726eNBSB,7258.0,710.6857143,4575.142857,6487309.143
07-06-2020 07:00,zBIq5rxdHJRwDNY,1725.285714,169.1,86.14285714,6506814.143
25-05-2020 08:15,ZnxXDlPa8U1GXgE,6067.75,594.525,472.125,6596228.125
12-06-2020 20:30,rGa61gmuvPhdLxV,0.0,0.0,5849.0,7322281.0
22-05-2020 10:00,adLQvlD726eNBSB,5945.714286,582.6285714,1532.142857,6323105.143
27-05-2020 06:30,zBIq5rxdHJRwDNY,765.875,74.3,18.375,6427720.375
22-05-2020 10:45,ZoEaEvLYb1n2sOq,9018.0,881.0625,1941.625,7148626.625
10-06-2020 07:15,pkci93gMrogZuBj,2398.714286,235.2142857,136.4285714,7362852.429
01-06-2020 19:15,zVJPv84UY57bAof,0.0,0.0,5742.0,7247766.0
19-05-2020 00:45,adLQvlD726eNBSB,0.0,0.0,0.0,6297816.0
14-06-2020 20:15,adLQvlD726eNBSB,0.0,0.0,7590.0,6505086.0
15-05-2020 15:15,iCRJl6heRkivqQ3,6134.571429,600.9428571,5428.428571,7183420.429
17-05-2020 16:30,zBIq5rxdHJRwDNY,4373.857143,429.0714286,7208.142857,6359358.143
17-06-2020 18:15,z9Y9gH1T5YWrNuG,339.5,32.8,5813.125,7251198.125
31-05-2020 19:00,ZnxXDlPa8U1GXgE,0.0,0.0,6142.0,6649525.0
07-06-2020 05:15,wCURE6d3bPkepu2,0.0,0.0,0.0,6953094.0
06-06-2020 04:45,z9Y9gH1T5YWrNuG,0.0,0.0,0.0,7171001.0
03-06-2020 01:00,uHbuxQJl8lW7ozc,0.0,0.0,0.0,7178405.0
17-06-2020 19:45,VHMLBKoKgIrUVDU,0.0,0.0,6007.0,7456208.0
27-05-2020 15:30,YxYtjZvoooNbGkE,9681.857143,946.8,5789.571429,7275122.571
14-06-2020 04:45,zBIq5rxdHJRwDNY,0.0,0.0,0.0,6557822.0
20-05-2020 02:00,iCRJl6heRkivqQ3,0.0,0.0,0.0,7210718.0
06-06-2020 10:30,ih0vzX44oOqAx2f,8873.375,865.6,2129.75,6346605.75
28-05-2020 01:45,ih0vzX44oOqAx2f,0.0,0.0,0.0,6278855.0
09-06-2020 12:30,wCURE6d3bPkepu2,9783.875,955.3875,4371.375,6972341.375
09-06-2020 09:45,YxYtjZvoooNbGkE,10453.71429,1020.428571,1705.0,7367015.0
14-06-2020 00:00,ZoEaEvLYb1n2sOq,0.0,0.0,1047.25,7315763.0
15-06-2020 15:00,iCRJl6heRkivqQ3,6702.142857,656.4142857,5742.285714,7412966.286
05-06-2020 00:45,McdE0feGgRqW7Ca,0.0,0.0,0.0,7316761.0
22-05-2020 14:30,ih0vzX44oOqAx2f,10918.0,1066.557143,5671.142857,6239214.143
25-05-2020 06:45,zBIq5rxdHJRwDNY,1143.285714,111.1571429,39.57142857,6411797.571
11-06-2020 13:00,zVJPv84UY57bAof,7010.571429,686.5285714,3050.571429,7320066.571
28-05-2020 19:15,ih0vzX44oOqAx2f,0.0,0.0,8315.0,6287170.0
24-05-2020 15:45,z9Y9gH1T5YWrNuG,2766.571429,271.4142857,7251.714286,7080013.714
07-06-2020 19:15,WRmjgnKYAwPKWDb,0.0,0.0,8071.0,7204682.0
27-05-2020 05:15,ZnxXDlPa8U1GXgE,0.0,0.0,0.0,6612649.0
08-06-2020 13:45,7JYdWkrLSPkdwr4,9859.375,962.4,5640.625,7784150.625
07-06-2020 12:15,adLQvlD726eNBSB,13651.14286,1331.0,4079.428571,6449110.429
24-05-2020 14:45,sjndEbLyjtCKgGv,9579.714286,936.7285714,6616.428571,7088065.429
16-05-2020 17:15,sjndEbLyjtCKgGv,1598.571429,156.3142857,6353.857143,7029535.857
26-05-2020 08:00,z9Y9gH1T5YWrNuG,5042.571429,494.3428571,407.2857143,7089847.286
18-05-2020 07:00,YxYtjZvoooNbGkE,1674.285714,163.8142857,75.0,7200304.0
20-05-2020 17:30,ZoEaEvLYb1n2sOq,1865.0,182.8,8664.0,7138996.0
31-05-2020 06:15,sjndEbLyjtCKgGv,444.25,42.975,6.0,7136261.0
23-05-2020 08:45,McdE0feGgRqW7Ca,7822.571429,765.7571429,851.1428571,7216803.143
25-05-2020 16:45,zBIq5rxdHJRwDNY,1280.875,124.6125,8333.0,6420091.0
25-05-2020 06:00,pkci93gMrogZuBj,0.0,0.0,0.0,7241707.0
12-06-2020 17:30,bvBOhCH3iADSZry,2010.285714,197.0428571,5282.0,6509689.0
27-05-2020 03:30,1BY6WEcLGh8j5v7,0.0,0.0,0.0,6343669.0
21-05-2020 21:45,iCRJl6heRkivqQ3,0.0,0.0,7837.0,7227442.0
17-05-2020 15:30,adLQvlD726eNBSB,7468.875,730.9875,7028.0,6291471.0
26-05-2020 22:45,ZoEaEvLYb1n2sOq,0.0,0.0,0.0,7186690.0
15-05-2020 20:30,z9Y9gH1T5YWrNuG,0.0,0.0,6386.0,7014252.0
02-06-2020 08:15,3PZuoBAID5Wc2HD,8263.25,808.6375,413.375,7121682.375
08-06-2020 06:00,VHMLBKoKgIrUVDU,102.0,9.828571429,0.428571429,7386208.429
05-06-2020 10:45,ZoEaEvLYb1n2sOq,9338.571429,912.1428571,2292.0,7253832.0
29-05-2020 23:15,ZoEaEvLYb1n2sOq,0.0,0.0,0.0,7209600.0
18-05-2020 07:15,wCURE6d3bPkepu2,2695.375,264.475,130.125,6803130.125
23-05-2020 03:15,zBIq5rxdHJRwDNY,0.0,0.0,0.0,6395807.0
14-06-2020 04:30,ZoEaEvLYb1n2sOq,0.0,0.0,0.0,7315763.0
14-06-2020 03:00,ih0vzX44oOqAx2f,0.0,0.0,0.0,6400518.0
31-05-2020 18:45,WRmjgnKYAwPKWDb,0.0,0.0,5837.0,7153866.0
22-05-2020 12:15,zBIq5rxdHJRwDNY,10607.5,1036.0,3530.25,6392129.25
29-05-2020 17:15,1BY6WEcLGh8j5v7,2109.0,206.7857143,7480.0,6365290.0
21-05-2020 23:45,McdE0feGgRqW7Ca,0.0,0.0,5709.285714,7209055.0
14-06-2020 03:00,ZoEaEvLYb1n2sOq,0.0,0.0,0.0,7315763.0
15-05-2020 10:45,uHbuxQJl8lW7ozc,6817.5,667.2,1930.375,7040611.375
02-06-2020 07:45,1IF53ai7Xc0U56Y,2367.428571,232.1428571,209.2857143,6317653.286
24-05-2020 05:15,VHMLBKoKgIrUVDU,0.0,0.0,0.0,7272332.0
14-06-2020 14:15,uHbuxQJl8lW7ozc,12408.0,1210.542857,5564.714286,7266095.714
09-06-2020 00:45,1IF53ai7Xc0U56Y,0.0,0.0,0.0,6371833.0
07-06-2020 14:15,sjndEbLyjtCKgGv,7469.5,730.825,4906.875,7190562.875
19-05-2020 21:30,rGa61gmuvPhdLxV,0.0,0.0,6910.0,7143812.0
13-06-2020 17:30,bvBOhCH3iADSZry,1158.0,112.6285714,7806.714286,6517585.714
17-06-2020 11:00,pkci93gMrogZuBj,6762.0,662.1,1912.428571,7411390.429
06-06-2020 05:30,1BY6WEcLGh8j5v7,0.0,0.0,0.0,6412542.0
26-05-2020 17:15,1BY6WEcLGh8j5v7,945.125,91.8,7414.75,6343622.75
03-06-2020 20:00,wCURE6d3bPkepu2,0.0,0.0,7907.0,6930776.0
03-06-2020 18:45,YxYtjZvoooNbGkE,0.0,0.0,7827.0,7326756.0
26-05-2020 15:00,uHbuxQJl8lW7ozc,5384.25,527.8375,6580.0,7127276.0
04-06-2020 06:00,3PZuoBAID5Wc2HD,77.125,7.4375,0.75,7136488.75
15-06-2020 02:15,bvBOhCH3iADSZry,0.0,0.0,0.0,6521600.0
01-06-2020 15:15,bvBOhCH3iADSZry,1860.25,182.3125,5023.0,6438290.0
27-05-2020 14:00,sjndEbLyjtCKgGv,4218.285714,414.3714286,4984.714286,7110873.714
27-05-2020 07:45,ZnxXDlPa8U1GXgE,4001.142857,393.0142857,302.8571429,6612951.857
10-06-2020 14:00,McdE0feGgRqW7Ca,7213.571429,706.2,5156.571429,7360173.571
26-05-2020 03:15,ih0vzX44oOqAx2f,0.0,0.0,0.0,6264579.0
27-05-2020 04:00,adLQvlD726eNBSB,0.0,0.0,0.0,6363516.0
15-05-2020 11:00,pkci93gMrogZuBj,10114.57143,987.3714286,2115.857143,7171217.857
19-05-2020 08:30,rGa61gmuvPhdLxV,4142.285714,406.5142857,469.8571429,7137371.857
15-06-2020 13:15,uHbuxQJl8lW7ozc,6253.75,612.625,4825.0,7272662.0
24-05-2020 23:30,adLQvlD726eNBSB,0.0,0.0,8397.0,6346131.0
08-06-2020 00:15,ZoEaEvLYb1n2sOq,0.0,0.0,0.0,7273453.0
09-06-2020 08:15,ih0vzX44oOqAx2f,6128.857143,600.5,510.5714286,6367419.571
06-06-2020 04:15,zVJPv84UY57bAof,0.0,0.0,0.0,7279090.0
06-06-2020 19:15,WRmjgnKYAwPKWDb,0.0,0.0,6341.0,7196611.0
23-05-2020 16:45,sjndEbLyjtCKgGv,4130.428571,405.7285714,8147.285714,7081109.286
26-05-2020 17:30,adLQvlD726eNBSB,679.375,65.775,8191.25,6363485.25
30-05-2020 03:00,sjndEbLyjtCKgGv,0.0,0.0,0.0,7129029.0
17-05-2020 08:00,ih0vzX44oOqAx2f,4994.375,489.775,364.125,6198174.125
07-06-2020 05:00,1BY6WEcLGh8j5v7,0.0,0.0,0.0,6418482.0
14-06-2020 13:00,WRmjgnKYAwPKWDb,8858.375,866.6625,4226.0,7251405.0
17-06-2020 14:00,ih0vzX44oOqAx2f,5862.625,574.5375,4558.0,6424929.0
04-06-2020 16:15,ZnxXDlPa8U1GXgE,6886.875,674.5,7493.75,6678377.75
02-06-2020 12:45,3PZuoBAID5Wc2HD,11755.57143,1147.414286,4043.571429,7125312.571
30-05-2020 01:15,iCRJl6heRkivqQ3,0.0,0.0,0.0,7291253.0
14-06-2020 14:45,VHMLBKoKgIrUVDU,6428.285714,629.7285714,6108.857143,7435674.857
01-06-2020 03:30,iCRJl6heRkivqQ3,0.0,0.0,0.0,7304567.0
09-06-2020 05:45,z9Y9gH1T5YWrNuG,0.0,0.0,0.0,7191424.0
24-05-2020 06:15,bvBOhCH3iADSZry,373.75,36.125,6.625,6376778.625
16-06-2020 05:30,bvBOhCH3iADSZry,0.0,0.0,0.0,6527792.0
10-06-2020 15:45,7JYdWkrLSPkdwr4,3767.857143,370.3142857,5734.428571,7800463.429
29-05-2020 11:00,pkci93gMrogZuBj,12076.42857,1177.457143,2745.428571,7276003.429
14-06-2020 22:30,ZoEaEvLYb1n2sOq,0.0,0.0,7289.0,7323052.0
23-05-2020 01:30,WRmjgnKYAwPKWDb,0.0,0.0,0.0,7084595.0
13-06-2020 00:30,zVJPv84UY57bAof,0.0,0.0,0.0,7328550.0
27-05-2020 11:45,ZnxXDlPa8U1GXgE,10684.85714,1042.971429,3453.571429,6616102.571
30-05-2020 08:00,7JYdWkrLSPkdwr4,3064.857143,300.9857143,291.8571429,7715126.857
30-05-2020 15:45,iCRJl6heRkivqQ3,7684.714286,752.3142857,6463.0,7297716.0
13-06-2020 12:00,pkci93gMrogZuBj,13077.42857,1275.042857,4048.142857,7384855.143
16-06-2020 22:15,McdE0feGgRqW7Ca,0.0,0.0,6365.0,7402595.0
25-05-2020 15:00,McdE0feGgRqW7Ca,10460.57143,1022.571429,7723.857143,7240414.857
23-05-2020 13:30,ZoEaEvLYb1n2sOq,12390.42857,1208.057143,5651.714286,7159364.714
23-05-2020 15:00,z9Y9gH1T5YWrNuG,6142.0,601.7625,7023.5,7071242.5
18-05-2020 18:15,1BY6WEcLGh8j5v7,0.0,0.0,4998.0,6283648.0
17-06-2020 11:30,iCRJl6heRkivqQ3,7785.571429,762.1571429,2326.857143,7422632.857
31-05-2020 21:00,adLQvlD726eNBSB,0.0,0.0,5933.0,6400704.0
07-06-2020 20:45,McdE0feGgRqW7Ca,0.0,0.0,7042.0,7338202.0
15-06-2020 06:30,adLQvlD726eNBSB,1008.142857,97.95714286,24.57142857,6505110.571
08-06-2020 14:15,sjndEbLyjtCKgGv,11278.125,1100.825,6170.25,7198724.25
03-06-2020 17:30,zBIq5rxdHJRwDNY,2235.25,219.1625,7801.0,6484255.0
11-06-2020 05:45,z9Y9gH1T5YWrNuG,0.0,0.0,0.0,7205465.0
11-06-2020 01:45,uHbuxQJl8lW7ozc,0.0,0.0,0.0,7240508.0
12-06-2020 05:30,ZoEaEvLYb1n2sOq,0.0,0.0,0.0,7301632.0
16-06-2020 08:15,1IF53ai7Xc0U56Y,4671.571429,458.4428571,491.1428571,6421705.143
17-05-2020 22:15,ih0vzX44oOqAx2f,0.0,0.0,7391.0,6205201.0
21-05-2020 16:00,7JYdWkrLSPkdwr4,3915.75,384.675,7284.0,7651264.0
06-06-2020 01:30,WRmjgnKYAwPKWDb,0.0,0.0,0.0,7190270.0
04-06-2020 23:00,zBIq5rxdHJRwDNY,0.0,0.0,0.0,6492579.0
25-05-2020 00:30,7JYdWkrLSPkdwr4,0.0,0.0,0.0,7675241.0
15-05-2020 01:15,ZoEaEvLYb1n2sOq,0.0,0.0,0.0,7098099.0
18-05-2020 18:15,YxYtjZvoooNbGkE,178.75,17.275,5367.5,7205596.5
06-06-2020 15:15,zVJPv84UY57bAof,5026.0,492.7285714,5954.428571,7285044.429
18-05-2020 03:45,uHbuxQJl8lW7ozc,0.0,0.0,0.0,7058793.0
23-05-2020 04:00,adLQvlD726eNBSB,0.0,0.0,0.0,6328951.0
31-05-2020 07:00,VHMLBKoKgIrUVDU,1215.125,118.15,73.5,7328402.5
03-06-2020 07:00,uHbuxQJl8lW7ozc,1451.75,141.6125,61.75,7178466.75
15-06-2020 17:00,wCURE6d3bPkepu2,2856.25,280.5125,6571.0,7016269.0
24-05-2020 02:45,3PZuoBAID5Wc2HD,0.0,0.0,0.0,7053268.0
19-05-2020 12:45,zVJPv84UY57bAof,11761.5,1147.65,3732.25,7145137.25
30-05-2020 10:45,uHbuxQJl8lW7ozc,5415.0,530.7428571,1534.571429,7153466.571
26-05-2020 13:45,7JYdWkrLSPkdwr4,12314.28571,1200.614286,5836.285714,7689856.286
23-05-2020 00:15,sjndEbLyjtCKgGv,0.0,0.0,0.0,7072962.0
31-05-2020 02:15,VHMLBKoKgIrUVDU,0.0,0.0,0.0,7328329.0
13-06-2020 18:15,z9Y9gH1T5YWrNuG,282.5,27.275,8358.625,7225225.625
08-06-2020 19:00,ih0vzX44oOqAx2f,0.0,0.0,8217.0,6366909.0
16-06-2020 11:45,VHMLBKoKgIrUVDU,7720.625,755.675,3276.375,7447145.375
30-05-2020 09:30,pkci93gMrogZuBj,6276.125,614.85,912.375,7282447.375
01-06-2020 23:45,rGa61gmuvPhdLxV,0.0,0.0,5637.0,7241969.0
06-06-2020 02:30,zBIq5rxdHJRwDNY,0.0,0.0,0.0,6500302.0
28-05-2020 12:00,YxYtjZvoooNbGkE,11930.0,1164.014286,4155.142857,7280184.143
23-05-2020 08:45,7JYdWkrLSPkdwr4,7697.571429,753.5571429,847.4285714,7659617.429
23-05-2020 10:45,McdE0feGgRqW7Ca,9082.0,887.25,2570.875,7218522.875
18-05-2020 05:15,z9Y9gH1T5YWrNuG,0.0,0.0,0.0,7028226.0
23-05-2020 20:45,3PZuoBAID5Wc2HD,0.0,0.0,8652.0,7053268.0
27-05-2020 01:45,rGa61gmuvPhdLxV,0.0,0.0,0.0,7199869.0
14-06-2020 21:45,zVJPv84UY57bAof,0.0,0.0,7320.0,7344280.0
25-05-2020 12:30,sjndEbLyjtCKgGv,12594.875,1228.0125,4801.75,7094152.75
23-05-2020 23:45,YxYtjZvoooNbGkE,0.0,0.0,8559.0,7244680.0
17-05-2020 00:15,wCURE6d3bPkepu2,0.0,0.0,0.0,6795470.0
31-05-2020 06:30,pkci93gMrogZuBj,824.1428571,79.98571429,23.14285714,7288899.143
28-05-2020 00:00,wCURE6d3bPkepu2,0.0,0.0,0.0,6879195.0
30-05-2020 23:45,adLQvlD726eNBSB,0.0,0.0,7419.0,6394771.0
15-05-2020 17:15,zVJPv84UY57bAof,2339.375,229.3875,5889.25,7122040.25
15-05-2020 09:45,bvBOhCH3iADSZry,6281.0,615.3428571,1006.857143,6317809.857
20-05-2020 19:15,bvBOhCH3iADSZry,0.0,0.0,8131.0,6355038.0
05-06-2020 17:15,rGa61gmuvPhdLxV,4134.625,405.6625,7491.625,7272840.625
16-05-2020 18:30,zVJPv84UY57bAof,0.0,0.0,6419.0,7128535.0
13-06-2020 15:30,ih0vzX44oOqAx2f,7626.875,746.2625,7500.0,6399763.0
16-06-2020 01:45,WRmjgnKYAwPKWDb,0.0,0.0,0.0,7261315.0
17-06-2020 15:15,7JYdWkrLSPkdwr4,1583.375,154.8125,5390.5,7846355.5
13-06-2020 21:45,WRmjgnKYAwPKWDb,0.0,0.0,8399.0,7247179.0
27-05-2020 16:30,iCRJl6heRkivqQ3,5286.857143,518.1714286,6404.285714,7274400.286
28-05-2020 04:15,1IF53ai7Xc0U56Y,0.0,0.0,0.0,6281462.0
15-05-2020 16:15,pkci93gMrogZuBj,4776.714286,468.6428571,5943.428571,7175045.429
04-06-2020 01:30,pkci93gMrogZuBj,0.0,0.0,0.0,7315436.0
27-05-2020 16:30,uHbuxQJl8lW7ozc,5590.625,547.9375,6419.5,7134957.5
01-06-2020 14:00,ih0vzX44oOqAx2f,2972.571429,291.1142857,4988.0,6313220.0
18-05-2020 18:15,ZoEaEvLYb1n2sOq,168.375,16.25,5317.625,7123525.625
22-05-2020 08:30,YxYtjZvoooNbGkE,2588.428571,253.8714286,672.5714286,7229706.571
20-05-2020 07:15,WRmjgnKYAwPKWDb,2643.5,259.3375,126.875,7061058.875
05-06-2020 07:00,z9Y9gH1T5YWrNuG,1392.142857,135.7714286,71.57142857,7163333.571
09-06-2020 22:00,ZnxXDlPa8U1GXgE,0.0,0.0,8074.0,6717772.0
29-05-2020 13:00,YxYtjZvoooNbGkE,12619.85714,1230.442857,4906.285714,7289310.286
09-06-2020 11:30,adLQvlD726eNBSB,8455.0,826.4428571,3588.428571,6465592.429
17-05-2020 11:15,WRmjgnKYAwPKWDb,12425.75,1211.8625,3191.25,7044621.25
07-06-2020 08:30,sjndEbLyjtCKgGv,3636.285714,357.4285714,484.7142857,7186140.714
18-05-2020 05:45,ZoEaEvLYb1n2sOq,0.0,0.0,0.0,7118208.0
13-06-2020 09:00,ZnxXDlPa8U1GXgE,9083.857143,888.6285714,1087.857143,6736872.857
08-06-2020 19:45,VHMLBKoKgIrUVDU,0.0,0.0,8488.0,7394696.0
06-06-2020 00:00,McdE0feGgRqW7Ca,0.0,0.0,0.0,7324681.0
27-05-2020 17:30,1IF53ai7Xc0U56Y,970.125,94.2125,6786.125,6281424.125
27-05-2020 00:15,ZoEaEvLYb1n2sOq,0.0,0.0,0.0,7186690.0
03-06-2020 21:00,ZnxXDlPa8U1GXgE,0.0,0.0,7916.0,6670884.0
09-06-2020 12:30,VHMLBKoKgIrUVDU,10022.875,978.75,4471.125,7399167.125
18-05-2020 09:00,1IF53ai7Xc0U56Y,1789.25,175.4,485.125,6204838.125
16-05-2020 17:00,zBIq5rxdHJRwDNY,1982.75,194.35,6249.125,6352025.125
28-05-2020 07:00,zVJPv84UY57bAof,1859.142857,182.2142857,82.28571429,7212164.286
06-06-2020 21:45,McdE0feGgRqW7Ca,0.0,0.0,0.0,7331160.0
01-06-2020 21:00,wCURE6d3bPkepu2,0.0,0.0,5939.0,6915344.0
29-05-2020 17:15,sjndEbLyjtCKgGv,2337.0,229.1142857,8034.428571,7128937.429
04-06-2020 09:00,pkci93gMrogZuBj,7225.5,707.3625,885.5,7316321.5
15-06-2020 22:30,rGa61gmuvPhdLxV,0.0,0.0,6732.0,7344704.0
23-05-2020 14:00,WRmjgnKYAwPKWDb,10566.85714,1032.242857,6241.285714,7090836.286
15-06-2020 14:30,z9Y9gH1T5YWrNuG,10431.0,1018.3,5351.428571,7237819.429
23-05-2020 20:45,VHMLBKoKgIrUVDU,0.0,0.0,8611.0,7272332.0
27-05-2020 14:15,ZnxXDlPa8U1GXgE,4103.428571,403.0571429,5115.0,6617764.0
30-05-2020 17:45,1BY6WEcLGh8j5v7,910.4285714,88.4,6721.714286,6372095.714
15-06-2020 17:45,1IF53ai7Xc0U56Y,1240.75,120.8375,6811.5,6421179.5
17-06-2020 12:30,bvBOhCH3iADSZry,8931.857143,873.4285714,3161.857143,6536710.857
02-06-2020 06:00,1IF53ai7Xc0U56Y,92.875,8.9625,0.75,6317444.75
13-06-2020 21:00,WRmjgnKYAwPKWDb,0.0,0.0,8399.0,7247179.0
09-06-2020 10:45,YxYtjZvoooNbGkE,11940.625,1164.5625,2619.375,7367929.375
01-06-2020 19:00,McdE0feGgRqW7Ca,0.0,0.0,5992.0,7292752.0
20-05-2020 09:15,pkci93gMrogZuBj,8361.857143,818.3285714,1214.142857,7202563.143
31-05-2020 19:30,1BY6WEcLGh8j5v7,0.0,0.0,5803.0,6377931.0
14-06-2020 08:45,WRmjgnKYAwPKWDb,5430.0,532.275,744.375,7247923.375
30-05-2020 23:45,7JYdWkrLSPkdwr4,0.0,0.0,7143.0,7721978.0
18-05-2020 20:00,zBIq5rxdHJRwDNY,0.0,0.0,5390.0,6365047.0
23-05-2020 22:30,rGa61gmuvPhdLxV,0.0,0.0,8152.0,7175293.0
29-05-2020 08:45,McdE0feGgRqW7Ca,5601.857143,549.0142857,669.0,7265625.0
16-05-2020 06:30,bvBOhCH3iADSZry,650.5714286,63.0,16.0,6322526.0
03-06-2020 09:15,adLQvlD726eNBSB,6499.75,636.7,1009.25,6415285.25
23-05-2020 09:45,wCURE6d3bPkepu2,9665.5,944.625,1639.0,6840864.0
17-05-2020 05:30,iCRJl6heRkivqQ3,0.0,0.0,0.0,7190848.0
23-05-2020 18:45,ih0vzX44oOqAx2f,0.0,0.0,8395.0,6248938.0
01-06-2020 14:30,WRmjgnKYAwPKWDb,5315.428571,521.1285714,5212.0,7159078.0
31-05-2020 08:15,ZoEaEvLYb1n2sOq,3429.285714,336.9857143,322.8571429,7217170.857
27-05-2020 14:30,zVJPv84UY57bAof,8841.875,864.9125,5238.0,7210621.0
28-05-2020 06:00,ZoEaEvLYb1n2sOq,143.5714286,13.85714286,0.428571429,7193291.429
27-05-2020 02:15,ZnxXDlPa8U1GXgE,0.0,0.0,0.0,6612649.0
22-05-2020 11:45,ih0vzX44oOqAx2f,12385.125,1208.325,2920.5,6236463.5
28-05-2020 18:00,wCURE6d3bPkepu2,479.8571429,46.41428571,8501.285714,6887696.286
23-05-2020 01:30,ih0vzX44oOqAx2f,0.0,0.0,0.0,6240543.0
04-06-2020 09:00,McdE0feGgRqW7Ca,9058.5,886.025,946.625,7309315.625
23-05-2020 21:15,McdE0feGgRqW7Ca,0.0,0.0,8684.0,7224636.0
16-05-2020 11:45,7JYdWkrLSPkdwr4,8857.75,866.5375,2900.625,7611976.625
21-05-2020 12:45,z9Y9gH1T5YWrNuG,10639.125,1038.4375,4632.75,7053893.75
12-06-2020 15:00,1IF53ai7Xc0U56Y,5746.142857,563.1285714,4958.285714,6397282.286
06-06-2020 21:30,wCURE6d3bPkepu2,0.0,0.0,0.0,6953094.0
04-06-2020 20:30,VHMLBKoKgIrUVDU,0.0,0.0,8160.0,7363821.0
28-05-2020 16:30,pkci93gMrogZuBj,5259.428571,515.6,7915.0,7272900.0
10-06-2020 20:00,7JYdWkrLSPkdwr4,0.0,0.0,6362.0,7801091.0
13-06-2020 20:30,3PZuoBAID5Wc2HD,0.0,0.0,8633.0,7210719.0
01-06-2020 12:45,WRmjgnKYAwPKWDb,3792.25,372.6875,4146.75,7158012.75
02-06-2020 21:45,pkci93gMrogZuBj,0.0,0.0,7350.0,7307650.0
15-06-2020 04:15,pkci93gMrogZuBj,0.0,0.0,0.0,7396422.0
16-05-2020 05:45,McdE0feGgRqW7Ca,0.0,0.0,0.0,7165435.0
22-05-2020 06:45,ZnxXDlPa8U1GXgE,1199.0,116.5857143,53.71428571,6571917.714
14-06-2020 04:30,wCURE6d3bPkepu2,0.0,0.0,0.0,7002369.0
24-05-2020 19:15,zBIq5rxdHJRwDNY,0.0,0.0,7277.0,6411758.0
08-06-2020 16:00,sjndEbLyjtCKgGv,4914.571429,480.9285714,7720.428571,7200274.429
23-05-2020 16:00,VHMLBKoKgIrUVDU,6886.5,674.4375,7871.5,7271592.5
11-06-2020 11:45,sjndEbLyjtCKgGv,8281.25,810.45,2081.25,7217681.25
17-06-2020 14:30,iCRJl6heRkivqQ3,8134.75,796.0375,5044.375,7425350.375
03-06-2020 23:45,7JYdWkrLSPkdwr4,0.0,0.0,7749.0,7748622.0
18-05-2020 15:15,ih0vzX44oOqAx2f,7950.0,778.1714286,4276.0,6209477.0
12-06-2020 05:15,iCRJl6heRkivqQ3,0.0,0.0,0.0,7385471.0
04-06-2020 09:00,iCRJl6heRkivqQ3,7903.125,773.45,905.25,7326601.25
17-06-2020 10:15,adLQvlD726eNBSB,7017.125,687.225,1493.5,6519891.5
01-06-2020 02:15,WRmjgnKYAwPKWDb,0.0,0.0,0.0,7153866.0
14-06-2020 16:00,1BY6WEcLGh8j5v7,5295.75,519.1,3599.0,6467262.0
30-05-2020 14:15,z9Y9gH1T5YWrNuG,11392.0,1112.428571,4888.714286,7125343.714
25-05-2020 00:00,wCURE6d3bPkepu2,0.0,0.0,0.0,6855791.0
13-06-2020 09:45,z9Y9gH1T5YWrNuG,8421.875,822.9625,1608.5,7218475.5
15-05-2020 10:45,adLQvlD726eNBSB,4962.0,486.55,1842.5,6273197.5
19-05-2020 14:45,YxYtjZvoooNbGkE,9590.0,937.875,5481.875,7211079.875
19-05-2020 04:00,1IF53ai7Xc0U56Y,0.0,0.0,0.0,6209806.0
31-05-2020 22:30,VHMLBKoKgIrUVDU,0.0,0.0,6076.0,7334405.0
15-05-2020 12:45,sjndEbLyjtCKgGv,10235.14286,1000.271429,3455.857143,7020287.857
16-06-2020 17:15,McdE0feGgRqW7Ca,1774.375,173.9125,6252.75,7402482.75
03-06-2020 13:45,zVJPv84UY57bAof,9345.5,914.1,4998.0,7260215.0
01-06-2020 15:00,VHMLBKoKgIrUVDU,2975.857143,292.1,5459.285714,7339864.286
16-05-2020 05:00,ih0vzX44oOqAx2f,0.0,0.0,0.0,6191360.0
24-05-2020 19:45,3PZuoBAID5Wc2HD,0.0,0.0,8300.0,7061568.0
10-06-2020 01:45,ih0vzX44oOqAx2f,0.0,0.0,0.0,6374755.0
07-06-2020 10:00,1IF53ai7Xc0U56Y,6933.25,679.0,1507.375,6356606.375
23-05-2020 02:00,adLQvlD726eNBSB,0.0,0.0,0.0,6328951.0
07-06-2020 11:15,z9Y9gH1T5YWrNuG,13821.14286,1347.557143,2762.857143,7180051.857
18-05-2020 19:30,sjndEbLyjtCKgGv,0.0,0.0,5351.0,7042405.0
18-05-2020 04:45,uHbuxQJl8lW7ozc,0.0,0.0,0.0,7058793.0
18-05-2020 01:45,zVJPv84UY57bAof,0.0,0.0,0.0,7136015.0
24-05-2020 09:00,zVJPv84UY57bAof,7273.0,712.0857143,952.7142857,7181790.714
16-06-2020 12:45,zVJPv84UY57bAof,6999.125,684.6375,3776.375,7354876.375
10-06-2020 01:00,VHMLBKoKgIrUVDU,0.0,0.0,0.0,7402816.0
20-05-2020 06:15,ZnxXDlPa8U1GXgE,204.25,19.775,0.125,6555136.125
07-06-2020 04:30,adLQvlD726eNBSB,0.0,0.0,0.0,6445031.0
17-06-2020 08:30,ih0vzX44oOqAx2f,4005.428571,393.5857143,475.5714286,6420846.571
10-06-2020 01:15,iCRJl6heRkivqQ3,0.0,0.0,0.0,7373220.0
29-05-2020 20:45,rGa61gmuvPhdLxV,0.0,0.0,0.0,7223074.0
31-05-2020 12:30,ih0vzX44oOqAx2f,6694.285714,655.1714286,3748.428571,6306015.429
07-06-2020 22:15,ZoEaEvLYb1n2sOq,0.0,0.0,8085.0,7273453.0
23-05-2020 11:15,1BY6WEcLGh8j5v7,10864.125,1060.3375,2835.375,6315272.375
06-06-2020 16:45,YxYtjZvoooNbGkE,1275.428571,124.0714286,6250.285714,7348739.286
09-06-2020 13:45,adLQvlD726eNBSB,9609.857143,938.9857143,5832.285714,6467836.286
11-06-2020 04:30,3PZuoBAID5Wc2HD,0.0,0.0,0.0,7190469.0
24-05-2020 06:15,iCRJl6heRkivqQ3,384.7142857,37.21428571,7.0,7243227.0
22-05-2020 21:45,McdE0feGgRqW7Ca,0.0,0.0,0.0,7215952.0
07-06-2020 09:15,adLQvlD726eNBSB,8549.875,836.5875,1013.125,6446044.125
10-06-2020 23:15,3PZuoBAID5Wc2HD,0.0,0.0,6550.0,7190469.0
16-05-2020 02:00,pkci93gMrogZuBj,0.0,0.0,0.0,7175477.0
29-05-2020 12:45,YxYtjZvoooNbGkE,12466.125,1215.45,4596.125,7289000.125
09-06-2020 14:45,bvBOhCH3iADSZry,6909.571429,676.5571429,5801.571429,6491787.571
31-05-2020 12:00,adLQvlD726eNBSB,7305.125,715.075,3187.875,6397958.875
25-05-2020 18:00,VHMLBKoKgIrUVDU,434.0,41.97142857,9001.714286,7289513.714
07-06-2020 15:15,z9Y9gH1T5YWrNuG,6709.375,656.9625,5080.625,7182369.625
30-05-2020 06:15,WRmjgnKYAwPKWDb,318.375,30.7625,4.625,7140903.625
09-06-2020 17:45,7JYdWkrLSPkdwr4,1401.625,136.675,7887.125,7794680.125
15-05-2020 07:30,WRmjgnKYAwPKWDb,2052.5,201.2,177.625,7028850.625
12-06-2020 01:15,rGa61gmuvPhdLxV,0.0,0.0,0.0,7316432.0
05-06-2020 01:30,zBIq5rxdHJRwDNY,0.0,0.0,0.0,6492579.0
12-06-2020 00:15,1BY6WEcLGh8j5v7,0.0,0.0,0.0,6450238.0
19-05-2020 09:00,rGa61gmuvPhdLxV,5490.857143,538.0714286,672.5714286,7137574.571
13-06-2020 06:00,1BY6WEcLGh8j5v7,94.875,9.1625,0.5,6455679.5
25-05-2020 23:45,z9Y9gH1T5YWrNuG,0.0,0.0,8802.0,7089440.0
21-05-2020 20:00,wCURE6d3bPkepu2,0.0,0.0,7811.0,6832055.0
18-05-2020 03:00,YxYtjZvoooNbGkE,0.0,0.0,0.0,7200229.0
30-05-2020 03:30,bvBOhCH3iADSZry,0.0,0.0,0.0,6421023.0
13-06-2020 19:15,VHMLBKoKgIrUVDU,0.0,0.0,8652.0,7429566.0
06-06-2020 04:15,wCURE6d3bPkepu2,0.0,0.0,0.0,6946769.0
19-05-2020 11:00,zBIq5rxdHJRwDNY,10082.57143,984.7571429,2171.0,6367218.0
15-05-2020 01:30,wCURE6d3bPkepu2,0.0,0.0,0.0,6782598.0
19-05-2020 04:30,uHbuxQJl8lW7ozc,0.0,0.0,0.0,7064201.0
01-06-2020 10:00,iCRJl6heRkivqQ3,7588.0,742.7857143,1771.142857,7306338.143
07-06-2020 07:45,z9Y9gH1T5YWrNuG,2496.25,244.8125,232.75,7177521.75
05-06-2020 07:30,1IF53ai7Xc0U56Y,2217.25,217.3875,178.25,6341033.25
03-06-2020 05:30,7JYdWkrLSPkdwr4,0.0,0.0,0.0,7740873.0
11-06-2020 01:30,VHMLBKoKgIrUVDU,0.0,0.0,0.0,7409295.0
02-06-2020 00:45,WRmjgnKYAwPKWDb,0.0,0.0,0.0,7159700.0
01-06-2020 06:00,zVJPv84UY57bAof,76.42857143,7.385714286,0.428571429,7242024.429
07-06-2020 18:30,ZnxXDlPa8U1GXgE,54.0,5.214285714,8208.857143,6701262.857
28-05-2020 18:00,ZoEaEvLYb1n2sOq,475.0,45.95714286,8232.857143,7201523.857
04-06-2020 05:15,iCRJl6heRkivqQ3,0.0,0.0,0.0,7325696.0
27-05-2020 19:15,1BY6WEcLGh8j5v7,0.0,0.0,6164.0,6349833.0
07-06-2020 07:30,ih0vzX44oOqAx2f,2029.571429,198.9571429,175.2857143,6350848.286
19-05-2020 02:45,bvBOhCH3iADSZry,0.0,0.0,0.0,6340538.0
02-06-2020 22:00,1IF53ai7Xc0U56Y,0.0,0.0,0.0,6324784.0
06-06-2020 16:30,sjndEbLyjtCKgGv,1369.571429,133.3571429,6271.0,7185548.0
28-05-2020 02:15,rGa61gmuvPhdLxV,0.0,0.0,0.0,7206549.0
10-06-2020 01:00,McdE0feGgRqW7Ca,0.0,0.0,0.0,7355017.0
14-06-2020 02:15,VHMLBKoKgIrUVDU,0.0,0.0,0.0,7429566.0
01-06-2020 21:45,WRmjgnKYAwPKWDb,0.0,0.0,5834.0,7159700.0
16-06-2020 00:30,VHMLBKoKgIrUVDU,0.0,0.0,0.0,7443869.0
07-06-2020 05:30,McdE0feGgRqW7Ca,0.0,0.0,0.0,7331160.0
26-05-2020 01:15,1BY6WEcLGh8j5v7,0.0,0.0,0.0,6336208.0
13-06-2020 07:15,zBIq5rxdHJRwDNY,2528.571429,247.9857143,120.5714286,6549507.571
04-06-2020 13:30,adLQvlD726eNBSB,8205.75,803.025,5330.5,6427597.5
01-06-2020 14:15,sjndEbLyjtCKgGv,3271.375,320.7875,5048.625,7147290.625
20-05-2020 05:00,wCURE6d3bPkepu2,0.0,0.0,0.0,6815349.0
24-05-2020 09:30,z9Y9gH1T5YWrNuG,8123.428571,794.7714286,1321.142857,7074083.143
03-06-2020 08:30,rGa61gmuvPhdLxV,4502.875,441.9375,551.625,7249881.625
01-06-2020 06:00,z9Y9gH1T5YWrNuG,71.0,6.842857143,0.285714286,7133897.286
19-05-2020 04:30,WRmjgnKYAwPKWDb,0.0,0.0,0.0,7054452.0
17-05-2020 13:00,rGa61gmuvPhdLxV,5654.857143,554.2285714,4747.857143,7128846.857
25-05-2020 02:45,3PZuoBAID5Wc2HD,0.0,0.0,0.0,7061568.0
15-06-2020 13:15,1IF53ai7Xc0U56Y,5936.0,581.7,4813.428571,6419181.429
03-06-2020 23:30,WRmjgnKYAwPKWDb,0.0,0.0,7710.0,7174627.0
15-05-2020 22:00,rGa61gmuvPhdLxV,0.0,0.0,6373.0,7117866.0
16-06-2020 02:15,3PZuoBAID5Wc2HD,0.0,0.0,0.0,7225042.0
18-05-2020 02:15,YxYtjZvoooNbGkE,0.0,0.0,0.0,7200229.0
15-05-2020 08:00,uHbuxQJl8lW7ozc,3193.0,313.5375,284.0,7038965.0
15-06-2020 18:30,ZoEaEvLYb1n2sOq,13.14285714,1.271428571,6639.0,7329691.0
11-06-2020 05:00,rGa61gmuvPhdLxV,0.0,0.0,0.0,7310769.0
11-06-2020 20:30,VHMLBKoKgIrUVDU,0.0,0.0,5716.0,7415011.0
04-06-2020 22:45,uHbuxQJl8lW7ozc,0.0,0.0,0.0,7194535.0
06-06-2020 11:15,rGa61gmuvPhdLxV,11248.25,1097.4625,2874.125,7275964.125
07-06-2020 15:45,ZnxXDlPa8U1GXgE,6268.428571,613.7714286,7341.428571,6700395.429
07-06-2020 21:15,YxYtjZvoooNbGkE,0.0,0.0,8155.0,7356967.0
20-05-2020 07:00,ZoEaEvLYb1n2sOq,1567.0,153.1857143,69.57142857,7130401.571
23-05-2020 19:30,adLQvlD726eNBSB,0.0,0.0,8783.0,6337734.0
25-05-2020 03:45,7JYdWkrLSPkdwr4,0.0,0.0,0.0,7675241.0
26-05-2020 01:15,adLQvlD726eNBSB,0.0,0.0,0.0,6355294.0
17-05-2020 14:45,z9Y9gH1T5YWrNuG,8764.875,856.875,6079.0,7026819.0
26-05-2020 23:30,pkci93gMrogZuBj,0.0,0.0,0.0,7258294.0
13-06-2020 13:00,1BY6WEcLGh8j5v7,9604.625,937.675,5057.625,6460736.625
20-05-2020 07:15,rGa61gmuvPhdLxV,2392.125,234.5625,116.875,7143928.875
13-06-2020 11:15,1IF53ai7Xc0U56Y,13094.75,1276.7375,3390.875,6401617.875
10-06-2020 21:45,WRmjgnKYAwPKWDb,0.0,0.0,6389.0,7227367.0
15-06-2020 09:15,ZoEaEvLYb1n2sOq,9220.25,901.575,1291.375,7324343.375
19-05-2020 16:00,pkci93gMrogZuBj,6601.125,646.6125,6345.0,7200756.0
15-06-2020 06:00,wCURE6d3bPkepu2,110.5714286,10.67142857,0.571428571,7009698.571
28-05-2020 00:15,McdE0feGgRqW7Ca,0.0,0.0,0.0,7256389.0
06-06-2020 20:45,1IF53ai7Xc0U56Y,0.0,0.0,6542.0,6355099.0
24-05-2020 15:15,ZnxXDlPa8U1GXgE,5848.375,573.075,7099.625,6594827.625
04-06-2020 17:15,ih0vzX44oOqAx2f,3847.625,378.1,7810.0,6336820.0
29-05-2020 18:15,7JYdWkrLSPkdwr4,123.2857143,11.91428571,8005.571429,7714833.571
20-05-2020 11:15,McdE0feGgRqW7Ca,12349.14286,1204.028571,3325.714286,7195423.714
05-06-2020 12:00,adLQvlD726eNBSB,4642.714286,455.5,3757.571429,6434338.571
30-05-2020 20:00,sjndEbLyjtCKgGv,0.0,0.0,7226.0,7136255.0
15-06-2020 15:00,7JYdWkrLSPkdwr4,6309.0,618.0714286,5644.0,7833802.0
24-05-2020 18:30,z9Y9gH1T5YWrNuG,152.4285714,14.7,7874.857143,7080636.857
26-05-2020 07:45,sjndEbLyjtCKgGv,4095.0,402.275,289.5,7098400.5
16-06-2020 22:30,VHMLBKoKgIrUVDU,0.0,0.0,6332.0,7450201.0
11-06-2020 17:30,YxYtjZvoooNbGkE,1422.0,138.6,5526.875,7385213.875
19-05-2020 19:15,zBIq5rxdHJRwDNY,0.0,0.0,6924.0,6371971.0
31-05-2020 20:15,WRmjgnKYAwPKWDb,0.0,0.0,5837.0,7153866.0
17-05-2020 23:00,rGa61gmuvPhdLxV,0.0,0.0,7438.0,7131537.0
24-05-2020 07:45,sjndEbLyjtCKgGv,4065.714286,399.4571429,286.0,7081735.0
08-06-2020 09:30,zVJPv84UY57bAof,11463.66667,1118.55,1331.666667,7295121.667
30-05-2020 14:30,1BY6WEcLGh8j5v7,9844.571429,962.6428571,4936.285714,6370310.286
28-05-2020 02:30,ih0vzX44oOqAx2f,0.0,0.0,0.0,6278855.0
30-05-2020 02:30,pkci93gMrogZuBj,0.0,0.0,0.0,7281535.0
20-05-2020 22:45,ZoEaEvLYb1n2sOq,0.0,0.0,8736.0,7139068.0
15-06-2020 17:00,rGa61gmuvPhdLxV,2904.714286,285.2142857,6556.857143,7344528.857
12-06-2020 18:30,pkci93gMrogZuBj,79.85714286,7.685714286,5850.428571,7380806.429
23-05-2020 04:30,pkci93gMrogZuBj,0.0,0.0,0.0,7225200.0
18-05-2020 07:45,YxYtjZvoooNbGkE,1772.625,173.5125,270.0,7200499.0
06-06-2020 05:15,zVJPv84UY57bAof,0.0,0.0,0.0,7279090.0
26-05-2020 16:30,rGa61gmuvPhdLxV,5548.857143,543.8428571,7378.142857,7199480.143
07-06-2020 03:15,wCURE6d3bPkepu2,0.0,0.0,0.0,6953094.0
03-06-2020 14:45,pkci93gMrogZuBj,10040.71429,981.3857143,6055.571429,7313705.571
15-05-2020 18:15,ih0vzX44oOqAx2f,95.2,9.2,6175.0,6191359.167
18-05-2020 19:00,WRmjgnKYAwPKWDb,0.0,0.0,5348.0,7054452.0
02-06-2020 20:15,ih0vzX44oOqAx2f,0.0,0.0,0.0,6321311.0
22-05-2020 06:45,iCRJl6heRkivqQ3,1180.285714,114.7857143,53.85714286,7227495.857
04-06-2020 01:45,zVJPv84UY57bAof,0.0,0.0,0.0,7263053.0
16-05-2020 04:15,3PZuoBAID5Wc2HD,0.0,0.0,0.0,6994033.0
02-06-2020 03:30,ZoEaEvLYb1n2sOq,0.0,0.0,0.0,7228440.0
11-06-2020 00:00,ZnxXDlPa8U1GXgE,0.0,0.0,804.75,6724210.0
01-06-2020 12:00,ZoEaEvLYb1n2sOq,5586.375,547.4875,3636.75,7226280.75
30-05-2020 00:45,wCURE6d3bPkepu2,0.0,0.0,0.0,6895880.0
14-06-2020 21:00,ZoEaEvLYb1n2sOq,0.0,0.0,7289.0,7323052.0
15-05-2020 21:15,uHbuxQJl8lW7ozc,0.0,0.0,6387.0,7045068.0
07-06-2020 14:45,uHbuxQJl8lW7ozc,5279.0,517.325,6598.125,7215453.125
24-05-2020 18:45,1IF53ai7Xc0U56Y,0.0,0.0,8273.0,6257480.0
28-05-2020 15:45,ZnxXDlPa8U1GXgE,6455.625,632.3625,7853.125,6627229.125
11-06-2020 04:15,YxYtjZvoooNbGkE,0.0,0.0,0.0,7379687.0
17-05-2020 10:15,adLQvlD726eNBSB,10139.625,991.35,2167.875,6286610.875
14-06-2020 23:00,adLQvlD726eNBSB,0.0,0.0,7590.0,6505086.0
02-06-2020 10:00,ZnxXDlPa8U1GXgE,9536.125,932.6125,1974.5,6657417.5
03-06-2020 00:30,1IF53ai7Xc0U56Y,0.0,0.0,0.0,6324784.0
08-06-2020 16:45,z9Y9gH1T5YWrNuG,4839.5,474.8,7508.0,7191139.0
11-06-2020 06:00,7JYdWkrLSPkdwr4,0.0,0.0,0.0,7801091.0
07-06-2020 11:15,iCRJl6heRkivqQ3,13688.57143,1334.642857,2752.142857,7350986.143
17-06-2020 09:45,WRmjgnKYAwPKWDb,5762.125,564.675,1135.875,7268714.875
13-06-2020 02:15,zVJPv84UY57bAof,0.0,0.0,0.0,7328550.0
21-05-2020 16:30,wCURE6d3bPkepu2,4335.0,425.625,7610.0,6831854.0
02-06-2020 06:00,McdE0feGgRqW7Ca,93.57142857,9.028571429,0.428571429,7292752.429
08-06-2020 00:15,YxYtjZvoooNbGkE,0.0,0.0,0.0,7356967.0
16-06-2020 17:00,adLQvlD726eNBSB,1957.25,191.85,6236.25,6518238.25
14-06-2020 22:30,adLQvlD726eNBSB,0.0,0.0,7590.0,6505086.0
18-05-2020 18:30,adLQvlD726eNBSB,9.0,0.875,5506.0,6297816.0
17-05-2020 04:00,ZoEaEvLYb1n2sOq,0.0,0.0,0.0,7110744.0
17-06-2020 02:45,bvBOhCH3iADSZry,0.0,0.0,0.0,6533549.0
08-06-2020 10:30,uHbuxQJl8lW7ozc,10175.5,993.5125,2418.0,7219567.0
15-06-2020 06:15,wCURE6d3bPkepu2,462.125,44.7,6.75,7009704.75
30-05-2020 16:00,WRmjgnKYAwPKWDb,6517.142857,638.4428571,6540.714286,7147439.714
31-05-2020 17:45,3PZuoBAID5Wc2HD,1055.0,102.55,5779.75,7115267.75
30-05-2020 02:30,z9Y9gH1T5YWrNuG,0.0,0.0,0.0,7120455.0
12-06-2020 11:00,VHMLBKoKgIrUVDU,6290.875,616.325,1780.25,7416791.25
20-05-2020 20:00,McdE0feGgRqW7Ca,0.0,0.0,8964.0,7201062.0
02-06-2020 15:45,wCURE6d3bPkepu2,7654.0,749.0125,6768.0,6922112.0
26-05-2020 18:00,iCRJl6heRkivqQ3,369.625,35.725,7860.625,7267990.625
05-06-2020 23:00,sjndEbLyjtCKgGv,0.0,0.0,7759.0,7179277.0
22-05-2020 06:00,1IF53ai7Xc0U56Y,236.125,22.8,1.0,6233248.0
25-05-2020 00:45,1BY6WEcLGh8j5v7,0.0,0.0,0.0,6327940.0
15-05-2020 11:15,rGa61gmuvPhdLxV,8062.625,788.2375,2300.5,7113793.5
22-05-2020 22:30,z9Y9gH1T5YWrNuG,0.0,0.0,0.0,7064219.0
27-05-2020 18:00,ih0vzX44oOqAx2f,299.25,28.925,6557.5,6278848.5
21-05-2020 19:00,sjndEbLyjtCKgGv,0.0,0.0,7825.0,7065886.0
20-05-2020 03:45,1BY6WEcLGh8j5v7,0.0,0.0,0.0,6290097.0
12-06-2020 12:00,sjndEbLyjtCKgGv,10471.28571,1023.1,2631.0,7223885.0
01-06-2020 11:00,ZnxXDlPa8U1GXgE,10288.25,1004.475,2787.375,6652312.375
28-05-2020 18:00,ih0vzX44oOqAx2f,473.75,45.8,8302.0,6287156.857
24-05-2020 14:00,z9Y9gH1T5YWrNuG,8905.5,870.05,5952.5,7078714.5
22-05-2020 23:00,bvBOhCH3iADSZry,0.0,0.0,6760.0,6368908.0
01-06-2020 23:00,pkci93gMrogZuBj,0.0,0.0,5509.0,7300300.0
29-05-2020 20:15,3PZuoBAID5Wc2HD,0.0,0.0,8210.0,7102189.0
20-05-2020 05:15,bvBOhCH3iADSZry,0.0,0.0,0.0,6346907.0
14-06-2020 15:00,wCURE6d3bPkepu2,8754.375,856.1375,6131.375,7008500.375
17-05-2020 22:15,pkci93gMrogZuBj,0.0,0.0,7397.0,7189047.0
15-06-2020 17:45,zBIq5rxdHJRwDNY,1233.375,120.125,6663.75,6571800.75
15-06-2020 21:15,rGa61gmuvPhdLxV,0.0,0.0,6732.0,7344704.0
25-05-2020 00:00,ih0vzX44oOqAx2f,0.0,0.0,0.0,6256494.0
10-06-2020 23:00,VHMLBKoKgIrUVDU,0.0,0.0,6479.0,7409295.0
02-06-2020 17:45,7JYdWkrLSPkdwr4,593.375,57.4125,7239.0,7740863.0
16-06-2020 10:00,pkci93gMrogZuBj,11152.75,1089.175,1641.0,7404858.0
04-06-2020 13:15,adLQvlD726eNBSB,13240.57143,1291.328571,5059.428571,6427326.429
03-06-2020 19:45,YxYtjZvoooNbGkE,0.0,0.0,7827.0,7326756.0
06-06-2020 16:00,adLQvlD726eNBSB,2700.0,264.8,6397.0,6444825.0
09-06-2020 09:30,1BY6WEcLGh8j5v7,6756.285714,661.0428571,1352.428571,6432966.429
28-05-2020 10:45,7JYdWkrLSPkdwr4,8776.0,857.2428571,2735.142857,7701285.143
29-05-2020 10:45,uHbuxQJl8lW7ozc,11457.25,1118.3,2475.125,7146107.125
26-05-2020 21:45,1IF53ai7Xc0U56Y,0.0,0.0,0.0,6274638.0
01-06-2020 18:45,z9Y9gH1T5YWrNuG,0.0,0.0,5931.0,7139828.0
23-05-2020 04:30,adLQvlD726eNBSB,0.0,0.0,0.0,6328951.0
15-05-2020 07:00,sjndEbLyjtCKgGv,1877.125,184.0125,78.125,7016910.125
02-06-2020 16:30,pkci93gMrogZuBj,4683.571429,459.5285714,7052.857143,7307352.857
22-05-2020 23:15,zBIq5rxdHJRwDNY,0.0,0.0,0.0,6395807.0
22-05-2020 22:30,sjndEbLyjtCKgGv,0.0,0.0,0.0,7072962.0
28-05-2020 00:00,1BY6WEcLGh8j5v7,0.0,0.0,880.5714286,6349833.0
13-06-2020 01:00,ih0vzX44oOqAx2f,0.0,0.0,0.0,6392263.0
12-06-2020 12:00,VHMLBKoKgIrUVDU,10274.0,1003.8625,2691.25,7417702.25
30-05-2020 16:45,zBIq5rxdHJRwDNY,4339.285714,426.0142857,7091.714286,6456996.714
07-06-2020 19:45,bvBOhCH3iADSZry,0.0,0.0,5169.0,6478293.0
20-05-2020 01:30,McdE0feGgRqW7Ca,0.0,0.0,0.0,7192098.0
05-06-2020 03:15,3PZuoBAID5Wc2HD,0.0,0.0,0.0,7144703.0
02-06-2020 22:30,iCRJl6heRkivqQ3,0.0,0.0,7465.0,7317813.0
28-05-2020 20:30,1IF53ai7Xc0U56Y,0.0,0.0,8496.0,6289958.0
03-06-2020 23:30,ZoEaEvLYb1n2sOq,0.0,0.0,7774.0,7243501.0
31-05-2020 15:30,sjndEbLyjtCKgGv,3313.142857,325.5142857,5480.285714,7141735.286
18-05-2020 18:00,wCURE6d3bPkepu2,435.625,42.1125,5384.375,6808384.375
07-06-2020 12:45,adLQvlD726eNBSB,13412.42857,1307.7,4728.714286,6449759.714
07-06-2020 22:45,7JYdWkrLSPkdwr4,0.0,0.0,8053.0,7778510.0
25-05-2020 03:00,zBIq5rxdHJRwDNY,0.0,0.0,0.0,6411758.0
08-06-2020 01:00,z9Y9gH1T5YWrNuG,0.0,0.0,0.0,7183631.0
17-05-2020 12:45,zVJPv84UY57bAof,9179.25,897.15,4575.875,7133110.875
04-06-2020 08:15,VHMLBKoKgIrUVDU,5986.125,586.6,515.5,7356176.5
25-05-2020 01:00,uHbuxQJl8lW7ozc,0.0,0.0,0.0,7111852.0
17-05-2020 21:15,ih0vzX44oOqAx2f,0.0,0.0,7391.0,6205201.0
30-05-2020 06:30,ih0vzX44oOqAx2f,703.875,68.225,17.125,6295138.125
07-06-2020 22:30,pkci93gMrogZuBj,0.0,0.0,8214.0,7346132.0
16-05-2020 14:00,wCURE6d3bPkepu2,6527.0,639.3,4941.285714,6793868.286
16-06-2020 20:45,rGa61gmuvPhdLxV,0.0,0.0,6243.0,7350947.0
28-05-2020 18:30,bvBOhCH3iADSZry,54.85714286,5.3,7751.571429,6413584.571
26-05-2020 13:45,sjndEbLyjtCKgGv,11891.0,1159.828571,5744.285714,7103855.286
19-05-2020 13:00,VHMLBKoKgIrUVDU,10151.14286,991.3714286,3986.857143,7236540.857
22-05-2020 19:30,WRmjgnKYAwPKWDb,0.0,0.0,7237.0,7084595.0
06-06-2020 22:15,1IF53ai7Xc0U56Y,0.0,0.0,6542.0,6355099.0
15-06-2020 22:00,ZoEaEvLYb1n2sOq,0.0,0.0,6639.0,7329691.0
14-06-2020 14:45,iCRJl6heRkivqQ3,6613.75,647.8375,6009.5,7405864.5
22-05-2020 21:45,ZoEaEvLYb1n2sOq,0.0,0.0,0.0,7153713.0
03-06-2020 15:00,wCURE6d3bPkepu2,11943.14286,1165.585714,6434.0,6929303.0
19-05-2020 03:45,iCRJl6heRkivqQ3,0.0,0.0,0.0,7203767.0
27-05-2020 18:00,ZnxXDlPa8U1GXgE,302.0,29.15,6720.5,6619369.5
07-06-2020 14:45,zVJPv84UY57bAof,5207.142857,510.2,6586.142857,7292116.143
18-05-2020 09:45,uHbuxQJl8lW7ozc,1518.625,148.3625,592.0,7059385.0
09-06-2020 14:45,adLQvlD726eNBSB,7879.285714,771.0571429,6579.0,6468583.0
26-05-2020 22:15,McdE0feGgRqW7Ca,0.0,0.0,0.0,7249560.0
22-05-2020 10:45,3PZuoBAID5Wc2HD,7525.25,736.525,2067.125,7039368.125
29-05-2020 09:30,pkci93gMrogZuBj,6803.142857,666.2,1222.571429,7274480.571
04-06-2020 11:30,YxYtjZvoooNbGkE,9178.571429,897.4428571,3038.714286,7329794.714
12-06-2020 11:30,adLQvlD726eNBSB,9868.875,965.0125,2238.5,6484972.5
31-05-2020 07:45,bvBOhCH3iADSZry,2124.625,208.275,182.5,6427863.5
31-05-2020 10:00,WRmjgnKYAwPKWDb,6862.285714,671.6428571,1306.0,7149335.0
09-06-2020 06:30,z9Y9gH1T5YWrNuG,738.375,71.5625,22.25,7191446.25
25-05-2020 04:30,ih0vzX44oOqAx2f,0.0,0.0,0.0,6256494.0
08-06-2020 04:15,pkci93gMrogZuBj,0.0,0.0,0.0,7346132.0
19-05-2020 06:15,7JYdWkrLSPkdwr4,91.625,8.825,1.0,7628373.0
02-06-2020 06:15,ZnxXDlPa8U1GXgE,404.125,39.075,6.375,6655449.375
03-06-2020 02:15,z9Y9gH1T5YWrNuG,0.0,0.0,0.0,7147274.0
04-06-2020 11:45,YxYtjZvoooNbGkE,10763.5,1050.85,3284.875,7330040.875
03-06-2020 04:45,WRmjgnKYAwPKWDb,0.0,0.0,0.0,7166917.0
15-06-2020 03:15,McdE0feGgRqW7Ca,0.0,0.0,0.0,7389358.0
07-06-2020 08:15,iCRJl6heRkivqQ3,3579.375,351.8625,395.625,7348629.625
15-05-2020 07:15,adLQvlD726eNBSB,2143.714286,210.1714286,134.1428571,6271489.143
22-05-2020 21:15,wCURE6d3bPkepu2,0.0,0.0,0.0,6839225.0
30-05-2020 22:15,ZoEaEvLYb1n2sOq,0.0,0.0,7248.0,7216848.0
08-06-2020 06:15,1BY6WEcLGh8j5v7,427.2857143,41.28571429,6.428571429,6423756.429
20-05-2020 09:30,YxYtjZvoooNbGkE,8679.875,849.3,1439.0,7213915.0
04-06-2020 09:30,adLQvlD726eNBSB,7400.428571,723.9428571,1364.428571,6423631.429
13-06-2020 07:15,zVJPv84UY57bAof,2566.142857,251.6571429,119.5714286,7328669.571
25-05-2020 01:15,7JYdWkrLSPkdwr4,0.0,0.0,0.0,7675241.0
26-05-2020 23:15,pkci93gMrogZuBj,0.0,0.0,0.0,7258294.0
07-06-2020 18:15,ih0vzX44oOqAx2f,303.25,29.2875,8015.0,6358688.0
27-05-2020 10:45,7JYdWkrLSPkdwr4,7683.285714,751.6428571,2376.0,7694288.0
05-06-2020 04:30,7JYdWkrLSPkdwr4,0.0,0.0,0.0,7756621.0
12-06-2020 05:00,adLQvlD726eNBSB,0.0,0.0,0.0,6482734.0
16-05-2020 23:45,WRmjgnKYAwPKWDb,0.0,0.0,6615.0,7041430.0
16-05-2020 19:30,adLQvlD726eNBSB,0.0,0.0,6705.0,6284443.0
24-05-2020 20:45,VHMLBKoKgIrUVDU,0.0,0.0,8180.0,7280512.0
17-05-2020 07:15,3PZuoBAID5Wc2HD,2782.0,272.9142857,105.7142857,7000794.714
25-05-2020 00:30,YxYtjZvoooNbGkE,0.0,0.0,0.0,7252651.0
15-05-2020 18:00,iCRJl6heRkivqQ3,296.0,28.58571429,6412.285714,7184404.286
31-05-2020 16:00,ZoEaEvLYb1n2sOq,2985.857143,293.1285714,5447.714286,7222295.714
08-06-2020 20:15,z9Y9gH1T5YWrNuG,0.0,0.0,7793.0,7191424.0
16-05-2020 14:15,1IF53ai7Xc0U56Y,8922.714286,872.9142857,5143.714286,6195145.714
03-06-2020 07:30,ZnxXDlPa8U1GXgE,2824.714286,277.0571429,170.4285714,6663138.429
18-05-2020 18:15,z9Y9gH1T5YWrNuG,184.1428571,17.75714286,5345.571429,7033571.571
26-05-2020 17:45,rGa61gmuvPhdLxV,495.5714286,47.94285714,7751.0,7199853.0
15-05-2020 02:45,z9Y9gH1T5YWrNuG,0.0,0.0,0.0,7007866.0
11-06-2020 17:00,7JYdWkrLSPkdwr4,2355.75,230.9875,5415.875,7806506.875
20-05-2020 20:15,WRmjgnKYAwPKWDb,0.0,0.0,8793.0,7069725.0
31-05-2020 12:45,1IF53ai7Xc0U56Y,13485.14286,1314.785714,3817.285714,6309360.286
16-05-2020 14:30,McdE0feGgRqW7Ca,7618.142857,745.8142857,5334.142857,7170769.143
12-06-2020 07:15,1IF53ai7Xc0U56Y,1073.875,104.4,66.875,6392390.875
04-06-2020 08:45,sjndEbLyjtCKgGv,5137.857143,503.5,752.0,7164045.0
03-06-2020 09:45,3PZuoBAID5Wc2HD,6039.142857,591.7428571,1284.857143,7129898.857
22-05-2020 05:45,ih0vzX44oOqAx2f,0.0,0.0,0.0,6233543.0
10-06-2020 23:15,ZoEaEvLYb1n2sOq,0.0,0.0,6392.0,7296071.0
18-05-2020 07:30,sjndEbLyjtCKgGv,3421.857143,336.1571429,208.7142857,7037262.714
15-06-2020 19:30,YxYtjZvoooNbGkE,0.0,0.0,6633.0,7413335.0
31-05-2020 22:00,zVJPv84UY57bAof,0.0,0.0,6047.0,7242024.0
22-05-2020 01:45,wCURE6d3bPkepu2,0.0,0.0,0.0,6832055.0
22-05-2020 14:45,WRmjgnKYAwPKWDb,10018.28571,979.5571429,6141.714286,7083499.714
17-05-2020 02:30,zVJPv84UY57bAof,0.0,0.0,0.0,7128535.0
05-06-2020 10:00,McdE0feGgRqW7Ca,10704.75,1045.225,1721.25,7318482.25
29-05-2020 12:45,ZnxXDlPa8U1GXgE,12588.71429,1227.4,4624.142857,6632540.143
31-05-2020 00:15,VHMLBKoKgIrUVDU,0.0,0.0,0.0,7328329.0
01-06-2020 19:00,ih0vzX44oOqAx2f,0.0,0.0,5751.0,6313983.0
26-05-2020 03:00,WRmjgnKYAwPKWDb,0.0,0.0,0.0,7109996.0
03-06-2020 10:00,sjndEbLyjtCKgGv,5941.428571,582.1857143,1402.142857,7156849.143
01-06-2020 05:15,sjndEbLyjtCKgGv,0.0,0.0,0.0,7142242.0
23-05-2020 19:45,1BY6WEcLGh8j5v7,0.0,0.0,7966.0,6320403.0
01-06-2020 22:45,bvBOhCH3iADSZry,0.0,0.0,5378.0,6438645.0
11-06-2020 09:15,YxYtjZvoooNbGkE,4153.857143,408.0571429,590.1428571,7380277.143
15-05-2020 19:15,uHbuxQJl8lW7ozc,0.0,0.0,6387.0,7045068.0
03-06-2020 05:00,uHbuxQJl8lW7ozc,0.0,0.0,0.0,7178405.0
18-05-2020 11:15,McdE0feGgRqW7Ca,7190.714286,704.1285714,1187.285714,7180814.286
18-05-2020 04:00,pkci93gMrogZuBj,0.0,0.0,0.0,7189047.0
12-06-2020 14:00,adLQvlD726eNBSB,9124.25,892.525,4377.0,6487111.0
17-06-2020 09:30,3PZuoBAID5Wc2HD,6956.285714,681.2285714,1003.857143,7232376.857
21-05-2020 17:30,YxYtjZvoooNbGkE,592.8571429,57.38571429,7711.0,7229005.0
23-05-2020 04:00,sjndEbLyjtCKgGv,0.0,0.0,0.0,7072962.0
13-06-2020 10:30,WRmjgnKYAwPKWDb,11378.125,1110.6125,2520.0,7241300.0
30-05-2020 13:30,rGa61gmuvPhdLxV,10709.5,1046.0375,4208.375,7227282.375
17-06-2020 19:00,iCRJl6heRkivqQ3,0.0,0.0,5957.0,7426263.0
16-06-2020 04:00,sjndEbLyjtCKgGv,0.0,0.0,0.0,7249539.0
10-06-2020 15:00,zBIq5rxdHJRwDNY,2128.428571,208.5428571,5581.857143,6536986.857
05-06-2020 06:15,YxYtjZvoooNbGkE,303.125,29.3,4.5,7334890.5
02-06-2020 06:30,pkci93gMrogZuBj,484.1428571,46.82857143,17.28571429,7300317.286
19-05-2020 05:45,rGa61gmuvPhdLxV,0.0,0.0,0.0,7136902.0
25-05-2020 01:45,YxYtjZvoooNbGkE,0.0,0.0,0.0,7252651.0
15-06-2020 14:30,McdE0feGgRqW7Ca,10688.57143,1043.557143,5463.571429,7394821.571
29-05-2020 08:15,sjndEbLyjtCKgGv,4206.142857,413.1857143,416.2857143,7121319.286
04-06-2020 16:00,ih0vzX44oOqAx2f,7701.857143,754.0142857,7162.142857,6336172.143
29-05-2020 17:45,bvBOhCH3iADSZry,853.75,82.8625,7415.25,6421000.25
26-05-2020 09:30,bvBOhCH3iADSZry,8783.142857,859.3571429,1400.142857,6393736.143
16-06-2020 16:30,iCRJl6heRkivqQ3,2756.375,270.3375,6035.375,7420036.375
04-06-2020 07:30,WRmjgnKYAwPKWDb,2617.714286,257.0428571,206.8571429,7174833.857
19-05-2020 17:45,pkci93gMrogZuBj,547.8571429,53.08571429,6933.714286,7201344.714
17-06-2020 09:15,ZnxXDlPa8U1GXgE,5389.0,528.225,825.125,6765633.125
14-06-2020 23:15,1IF53ai7Xc0U56Y,0.0,0.0,7487.0,6414368.0
15-06-2020 22:00,rGa61gmuvPhdLxV,0.0,0.0,6732.0,7344704.0
16-06-2020 06:30,McdE0feGgRqW7Ca,706.75,68.4875,12.625,7396242.625
29-05-2020 14:00,1BY6WEcLGh8j5v7,6237.5,611.075,5559.875,6363369.875
16-05-2020 21:45,zVJPv84UY57bAof,0.0,0.0,6419.0,7128535.0
29-05-2020 11:15,ZnxXDlPa8U1GXgE,11007.71429,1074.457143,2994.571429,6630910.571
17-06-2020 00:30,wCURE6d3bPkepu2,0.0,0.0,0.0,7022718.0
25-05-2020 12:15,adLQvlD726eNBSB,13060.71429,1273.428571,4759.571429,6350890.571
31-05-2020 08:00,VHMLBKoKgIrUVDU,2670.285714,261.9857143,257.0,7328586.0
22-05-2020 17:30,z9Y9gH1T5YWrNuG,820.1428571,79.57142857,7038.857143,7064185.857
03-06-2020 15:00,WRmjgnKYAwPKWDb,11666.85714,1139.042857,6368.142857,7173285.143
29-05-2020 09:45,7JYdWkrLSPkdwr4,8444.428571,825.8571429,1370.714286,7708198.714
11-06-2020 11:45,WRmjgnKYAwPKWDb,8361.0,818.2428571,2070.428571,7229437.429
02-06-2020 20:30,adLQvlD726eNBSB,0.0,0.0,0.0,6414276.0
19-05-2020 04:15,wCURE6d3bPkepu2,0.0,0.0,0.0,6808393.0
15-05-2020 03:00,zVJPv84UY57bAof,0.0,0.0,0.0,7116151.0
18-05-2020 14:30,VHMLBKoKgIrUVDU,6729.142857,659.1,3899.285714,7230996.286
28-05-2020 01:00,uHbuxQJl8lW7ozc,0.0,0.0,0.0,7135258.0
19-05-2020 17:30,pkci93gMrogZuBj,1283.375,124.8375,6909.75,7201320.75
16-06-2020 10:30,7JYdWkrLSPkdwr4,8340.714286,816.2285714,2136.285714,7836935.286
17-06-2020 02:00,pkci93gMrogZuBj,0.0,0.0,0.0,7409478.0
08-06-2020 00:30,pkci93gMrogZuBj,0.0,0.0,0.0,7346132.0
25-05-2020 15:00,uHbuxQJl8lW7ozc,10402.28571,1016.9,7608.142857,7119460.143
05-06-2020 22:00,McdE0feGgRqW7Ca,0.0,0.0,7920.0,7324681.0
18-05-2020 21:15,zVJPv84UY57bAof,0.0,0.0,5390.0,7141405.0
15-06-2020 19:00,z9Y9gH1T5YWrNuG,0.0,0.0,6716.0,7239184.0
12-06-2020 01:15,pkci93gMrogZuBj,0.0,0.0,0.0,7374956.0
17-06-2020 01:15,uHbuxQJl8lW7ozc,0.0,0.0,0.0,7281035.0
10-06-2020 08:00,uHbuxQJl8lW7ozc,4238.75,415.9875,416.125,7234279.125
14-06-2020 16:30,WRmjgnKYAwPKWDb,2845.428571,279.3428571,7175.714286,7254354.714
03-06-2020 08:45,YxYtjZvoooNbGkE,5077.625,497.775,663.875,7319592.875
24-05-2020 14:15,pkci93gMrogZuBj,11396.42857,1112.857143,6148.142857,7239823.143
08-06-2020 20:15,7JYdWkrLSPkdwr4,0.0,0.0,8283.0,7786793.0
16-06-2020 01:30,wCURE6d3bPkepu2,0.0,0.0,0.0,7016444.0
25-05-2020 02:30,ZnxXDlPa8U1GXgE,0.0,0.0,0.0,6595756.0
17-06-2020 12:15,YxYtjZvoooNbGkE,13839.85714,1349.4,3128.571429,7422684.571
18-05-2020 10:00,sjndEbLyjtCKgGv,1747.625,171.275,626.25,7037680.25
23-05-2020 12:15,ZoEaEvLYb1n2sOq,13291.375,1296.2375,4278.25,7157991.25
03-06-2020 19:30,7JYdWkrLSPkdwr4,0.0,0.0,7749.0,7748622.0
15-06-2020 19:30,McdE0feGgRqW7Ca,0.0,0.0,6872.0,7396230.0
25-05-2020 06:00,WRmjgnKYAwPKWDb,0.0,0.0,0.0,7101117.0
20-05-2020 02:45,rGa61gmuvPhdLxV,0.0,0.0,0.0,7143812.0
19-05-2020 07:30,sjndEbLyjtCKgGv,2739.714286,268.8142857,177.0,7042582.0
11-06-2020 05:15,7JYdWkrLSPkdwr4,0.0,0.0,0.0,7801091.0
04-06-2020 02:00,zVJPv84UY57bAof,0.0,0.0,0.0,7263053.0
08-06-2020 01:00,pkci93gMrogZuBj,0.0,0.0,0.0,7346132.0
13-06-2020 00:30,YxYtjZvoooNbGkE,0.0,0.0,0.0,7391059.0
21-05-2020 16:15,WRmjgnKYAwPKWDb,3283.857143,322.7428571,7351.857143,7077076.857
16-05-2020 04:30,ZnxXDlPa8U1GXgE,0.0,0.0,0.0,6528476.0
22-05-2020 06:30,VHMLBKoKgIrUVDU,910.1428571,88.4,27.85714286,7256388.857
20-05-2020 03:30,bvBOhCH3iADSZry,0.0,0.0,0.0,6346907.0
18-05-2020 16:45,YxYtjZvoooNbGkE,2920.25,286.6,5178.75,7205407.75
11-06-2020 16:45,1IF53ai7Xc0U56Y,3247.285714,319.3,5472.142857,6392092.143
28-05-2020 19:15,VHMLBKoKgIrUVDU,0.0,0.0,8509.0,7312887.0
01-06-2020 04:00,ZnxXDlPa8U1GXgE,0.0,0.0,0.0,6649525.0
15-06-2020 02:00,z9Y9gH1T5YWrNuG,0.0,0.0,0.0,7232468.0
26-05-2020 09:30,uHbuxQJl8lW7ozc,9461.0,925.3714286,1477.571429,7122173.571
07-06-2020 03:45,bvBOhCH3iADSZry,0.0,0.0,0.0,6473124.0
18-05-2020 23:15,uHbuxQJl8lW7ozc,0.0,0.0,5408.0,7064201.0
23-05-2020 07:30,iCRJl6heRkivqQ3,3199.375,314.4125,142.375,7234735.375
01-06-2020 21:45,YxYtjZvoooNbGkE,0.0,0.0,5777.0,7311516.0
28-05-2020 03:30,1BY6WEcLGh8j5v7,0.0,0.0,0.0,6349833.0
04-06-2020 04:45,adLQvlD726eNBSB,0.0,0.0,0.0,6422267.0
06-06-2020 03:30,VHMLBKoKgIrUVDU,0.0,0.0,0.0,7371554.0
08-06-2020 00:30,7JYdWkrLSPkdwr4,0.0,0.0,0.0,7778510.0
17-05-2020 03:45,pkci93gMrogZuBj,0.0,0.0,0.0,7181650.0
09-06-2020 00:30,3PZuoBAID5Wc2HD,0.0,0.0,0.0,7175733.0
05-06-2020 04:00,wCURE6d3bPkepu2,0.0,0.0,0.0,6939021.0
24-05-2020 16:30,adLQvlD726eNBSB,3575.0,350.4857143,8002.285714,6345736.286
12-06-2020 21:30,WRmjgnKYAwPKWDb,0.0,0.0,5794.0,7238780.0
02-06-2020 03:30,ZnxXDlPa8U1GXgE,0.0,0.0,0.0,6655443.0
23-05-2020 00:15,VHMLBKoKgIrUVDU,0.0,0.0,0.0,7263721.0
25-05-2020 01:00,WRmjgnKYAwPKWDb,0.0,0.0,0.0,7101117.0
07-06-2020 22:45,zBIq5rxdHJRwDNY,0.0,0.0,8183.0,6514911.0
12-06-2020 07:00,YxYtjZvoooNbGkE,927.8571429,90.11428571,41.0,7385320.0
03-06-2020 10:45,zVJPv84UY57bAof,10649.5,1040.475,1967.5,7257184.5
17-06-2020 10:15,3PZuoBAID5Wc2HD,6952.25,680.875,1466.25,7232839.25
25-05-2020 23:45,ZnxXDlPa8U1GXgE,0.0,0.0,8910.0,6604666.0
16-06-2020 01:00,VHMLBKoKgIrUVDU,0.0,0.0,0.0,7443869.0
12-06-2020 14:30,pkci93gMrogZuBj,6400.125,626.9875,4613.625,7379569.625
05-06-2020 16:45,3PZuoBAID5Wc2HD,4409.142857,432.8714286,7365.0,7152068.0
18-05-2020 02:15,WRmjgnKYAwPKWDb,0.0,0.0,0.0,7049104.0
01-06-2020 12:45,VHMLBKoKgIrUVDU,3840.25,377.3125,4229.875,7338634.875
02-06-2020 21:00,iCRJl6heRkivqQ3,0.0,0.0,7465.0,7317813.0
11-06-2020 18:00,McdE0feGgRqW7Ca,653.1428571,63.25714286,5733.857143,7367356.857
19-05-2020 23:00,rGa61gmuvPhdLxV,0.0,0.0,6910.0,7143812.0
17-05-2020 08:30,zVJPv84UY57bAof,5579.875,546.925,597.875,7129132.875
07-06-2020 06:30,wCURE6d3bPkepu2,789.5714286,76.57142857,19.14285714,6953113.143
26-05-2020 07:30,1BY6WEcLGh8j5v7,3162.285714,310.7428571,197.4285714,6336405.429
02-06-2020 17:15,bvBOhCH3iADSZry,1436.142857,140.1428571,6774.857143,6445419.857
07-06-2020 10:30,adLQvlD726eNBSB,10408.875,1016.6375,1922.5,6446953.5
09-06-2020 03:30,bvBOhCH3iADSZry,0.0,0.0,0.0,6485986.0
31-05-2020 04:45,iCRJl6heRkivqQ3,0.0,0.0,0.0,7298598.0
22-05-2020 22:15,uHbuxQJl8lW7ozc,0.0,0.0,0.0,7095253.0
03-06-2020 19:45,zVJPv84UY57bAof,0.0,0.0,7836.0,7263053.0
26-05-2020 03:30,rGa61gmuvPhdLxV,0.0,0.0,0.0,7192102.0
26-05-2020 23:15,adLQvlD726eNBSB,0.0,0.0,0.0,6363516.0
06-06-2020 23:45,WRmjgnKYAwPKWDb,0.0,0.0,6341.0,7196611.0
15-06-2020 09:00,VHMLBKoKgIrUVDU,8696.75,850.8625,1138.5,7438193.5
02-06-2020 09:30,7JYdWkrLSPkdwr4,9606.125,938.35,1343.75,7734967.75
25-05-2020 00:15,rGa61gmuvPhdLxV,0.0,0.0,0.0,7183295.0
04-06-2020 14:30,sjndEbLyjtCKgGv,6992.625,684.7375,6008.875,7169301.875
07-06-2020 14:15,ZnxXDlPa8U1GXgE,10298.14286,1005.328571,6204.0,6699258.0
04-06-2020 22:15,ZoEaEvLYb1n2sOq,0.0,0.0,0.0,7251540.0
19-05-2020 15:45,wCURE6d3bPkepu2,5435.428571,532.8,6226.571429,6814619.571
25-05-2020 14:45,uHbuxQJl8lW7ozc,10662.57143,1042.228571,7368.571429,7119220.571
28-05-2020 05:45,sjndEbLyjtCKgGv,0.0,0.0,0.0,7112565.0
14-06-2020 13:45,pkci93gMrogZuBj,11443.57143,1117.028571,4874.142857,7394035.143
29-05-2020 07:30,WRmjgnKYAwPKWDb,2235.625,219.1875,192.0,7133053.0
13-06-2020 09:30,adLQvlD726eNBSB,9454.571429,924.2714286,1626.428571,6490348.429
31-05-2020 01:45,ih0vzX44oOqAx2f,0.0,0.0,0.0,6302267.0
06-06-2020 21:00,rGa61gmuvPhdLxV,0.0,0.0,0.0,7279501.0
15-06-2020 20:00,zVJPv84UY57bAof,0.0,0.0,6820.0,7351100.0
20-05-2020 13:00,bvBOhCH3iADSZry,11152.14286,1088.957143,5000.428571,6351907.429
20-05-2020 02:15,uHbuxQJl8lW7ozc,0.0,0.0,0.0,7071198.0
25-05-2020 17:45,zBIq5rxdHJRwDNY,468.75,45.3375,8420.5,6420178.5
22-05-2020 09:45,ih0vzX44oOqAx2f,4883.0,479.0571429,1269.428571,6234812.429
08-06-2020 22:15,YxYtjZvoooNbGkE,0.0,0.0,8343.0,7365310.0
24-05-2020 12:30,zBIq5rxdHJRwDNY,10352.85714,1011.714286,3962.571429,6408443.571
17-06-2020 04:30,sjndEbLyjtCKgGv,0.0,0.0,0.0,7255794.0
15-06-2020 04:00,McdE0feGgRqW7Ca,0.0,0.0,0.0,7389358.0
29-05-2020 21:00,z9Y9gH1T5YWrNuG,0.0,0.0,0.0,7120455.0
21-05-2020 16:30,7JYdWkrLSPkdwr4,4258.0,418.0875,7462.625,7651442.625
11-06-2020 11:15,7JYdWkrLSPkdwr4,7712.625,755.05,1681.375,7802772.375
22-05-2020 16:30,zBIq5rxdHJRwDNY,2253.375,220.925,7021.0,6395620.0
13-06-2020 21:15,McdE0feGgRqW7Ca,0.0,0.0,8595.0,7381923.0
10-06-2020 01:45,sjndEbLyjtCKgGv,0.0,0.0,0.0,7209095.0
02-06-2020 22:15,7JYdWkrLSPkdwr4,0.0,0.0,0.0,7740873.0
22-05-2020 04:00,McdE0feGgRqW7Ca,0.0,0.0,0.0,7209055.0
10-06-2020 22:30,1BY6WEcLGh8j5v7,0.0,0.0,5911.0,6444981.0
01-06-2020 08:45,1IF53ai7Xc0U56Y,7278.285714,712.6428571,987.8571429,6312419.857
10-06-2020 11:45,pkci93gMrogZuBj,10476.375,1022.95,2743.25,7365459.25
26-05-2020 01:45,3PZuoBAID5Wc2HD,0.0,0.0,0.0,7070636.0
19-05-2020 02:00,ZoEaEvLYb1n2sOq,0.0,0.0,0.0,7123527.0
18-05-2020 15:00,ZoEaEvLYb1n2sOq,7831.857143,766.6428571,4108.714286,7122316.714
02-06-2020 09:45,bvBOhCH3iADSZry,9331.714286,912.7142857,1543.571429,6440188.571
28-05-2020 01:45,ZnxXDlPa8U1GXgE,0.0,0.0,0.0,6619376.0
30-05-2020 20:30,zBIq5rxdHJRwDNY,0.0,0.0,7396.0,6457301.0
23-05-2020 21:30,WRmjgnKYAwPKWDb,0.0,0.0,8431.0,7093026.0
26-05-2020 07:45,zBIq5rxdHJRwDNY,3902.142857,383.4428571,277.1428571,6420478.143
19-05-2020 06:15,zBIq5rxdHJRwDNY,103.7142857,9.985714286,0.714285714,6365047.714
27-05-2020 16:45,zVJPv84UY57bAof,3367.5,330.275,6507.625,7211890.625
03-06-2020 07:15,ih0vzX44oOqAx2f,2185.875,214.3,104.25,6321415.25
21-05-2020 20:15,ih0vzX44oOqAx2f,0.0,0.0,0.0,6233543.0
11-06-2020 09:30,sjndEbLyjtCKgGv,4473.714286,439.2571429,701.1428571,7216301.143
12-06-2020 13:00,sjndEbLyjtCKgGv,8040.0,786.9428571,3403.285714,7224657.286
12-06-2020 21:45,z9Y9gH1T5YWrNuG,0.0,0.0,5803.0,7216867.0
17-05-2020 13:30,YxYtjZvoooNbGkE,9824.285714,959.4857143,5152.857143,7197884.857
24-05-2020 14:15,YxYtjZvoooNbGkE,11191.42857,1092.814286,6247.285714,7250927.286
04-06-2020 09:15,wCURE6d3bPkepu2,6655.5,651.825,1095.125,6931871.125
24-05-2020 12:15,1IF53ai7Xc0U56Y,12893.57143,1257.142857,4201.285714,6253408.286
23-05-2020 14:45,3PZuoBAID5Wc2HD,7104.875,695.7625,7019.25,7051635.25
15-05-2020 22:30,ZoEaEvLYb1n2sOq,0.0,0.0,6261.0,7104360.0
26-05-2020 22:15,1IF53ai7Xc0U56Y,0.0,0.0,0.0,6274638.0
25-05-2020 09:15,3PZuoBAID5Wc2HD,9388.0,918.2375,1281.375,7062849.375
20-05-2020 03:30,pkci93gMrogZuBj,0.0,0.0,0.0,7201349.0
09-06-2020 05:30,VHMLBKoKgIrUVDU,0.0,0.0,0.0,7394696.0
20-05-2020 08:15,7JYdWkrLSPkdwr4,5979.428571,585.9,552.2857143,7635760.286
14-06-2020 09:30,WRmjgnKYAwPKWDb,8281.0,810.4285714,1279.857143,7248458.857
27-05-2020 16:00,McdE0feGgRqW7Ca,6741.428571,660.2571429,6249.571429,7255809.571
03-06-2020 23:15,zBIq5rxdHJRwDNY,0.0,0.0,7888.0,6484342.0
17-05-2020 14:30,wCURE6d3bPkepu2,3150.571429,309.3428571,5950.714286,6801420.714
18-05-2020 17:45,1IF53ai7Xc0U56Y,744.2857143,72.18571429,5430.142857,6209783.143
05-06-2020 12:15,wCURE6d3bPkepu2,4703.75,461.575,3755.375,6942776.375
03-06-2020 23:30,3PZuoBAID5Wc2HD,0.0,0.0,7874.0,7136488.0
22-05-2020 08:30,pkci93gMrogZuBj,2601.5,255.1125,664.25,7218640.25
17-06-2020 17:15,VHMLBKoKgIrUVDU,1576.25,154.1875,5905.125,7456106.125
02-06-2020 14:45,rGa61gmuvPhdLxV,8304.714286,811.8142857,6043.571429,7248012.571
09-06-2020 04:15,YxYtjZvoooNbGkE,0.0,0.0,0.0,7365310.0
26-05-2020 10:30,pkci93gMrogZuBj,11909.57143,1161.971429,2455.0,7252974.0
07-06-2020 09:00,wCURE6d3bPkepu2,9500.625,929.1625,753.25,6953847.25
29-05-2020 20:30,ZoEaEvLYb1n2sOq,0.0,0.0,0.0,7209600.0
11-06-2020 06:45,VHMLBKoKgIrUVDU,537.5714286,52.02857143,19.0,7409314.0
11-06-2020 18:30,zBIq5rxdHJRwDNY,58.125,5.625,5647.0,6543550.0
25-05-2020 18:45,adLQvlD726eNBSB,0.0,0.0,9163.0,6355294.0
17-05-2020 21:15,VHMLBKoKgIrUVDU,0.0,0.0,7717.0,7227097.0
15-05-2020 15:15,1BY6WEcLGh8j5v7,6339.375,620.9875,4840.25,6264399.25
13-06-2020 01:45,ZnxXDlPa8U1GXgE,0.0,0.0,0.0,6735785.0
17-05-2020 05:45,uHbuxQJl8lW7ozc,0.0,0.0,0.0,7051339.0
26-05-2020 13:45,ZoEaEvLYb1n2sOq,12482.71429,1217.071429,5726.571429,7184640.571
09-06-2020 21:00,3PZuoBAID5Wc2HD,0.0,0.0,8186.0,7183919.0
29-05-2020 21:15,YxYtjZvoooNbGkE,0.0,0.0,0.0,7292503.0
02-06-2020 07:45,zBIq5rxdHJRwDNY,2358.875,231.3125,202.625,6469235.625
08-06-2020 10:30,1IF53ai7Xc0U56Y,12612.875,1230.125,2534.5,6365872.5
13-06-2020 07:45,McdE0feGgRqW7Ca,4305.75,422.8125,291.25,7373619.25
27-05-2020 10:00,VHMLBKoKgIrUVDU,9481.0,926.625,1972.5,7299587.5
02-06-2020 00:00,bvBOhCH3iADSZry,0.0,0.0,0.0,6438645.0
14-06-2020 20:45,McdE0feGgRqW7Ca,0.0,0.0,7435.0,7389358.0
22-05-2020 12:45,ZoEaEvLYb1n2sOq,11215.57143,1094.371429,3952.857143,7150637.857
19-05-2020 01:45,McdE0feGgRqW7Ca,0.0,0.0,0.0,7185091.0
24-05-2020 21:15,1IF53ai7Xc0U56Y,0.0,0.0,8273.0,6257480.0
25-05-2020 12:00,ZoEaEvLYb1n2sOq,12445.875,1213.4625,4158.0,7174327.0
20-05-2020 00:45,zVJPv84UY57bAof,0.0,0.0,0.0,7148337.0
04-06-2020 20:30,bvBOhCH3iADSZry,0.0,0.0,7462.0,6460186.0
25-05-2020 06:00,uHbuxQJl8lW7ozc,0.0,0.0,0.0,7111852.0
16-06-2020 02:30,YxYtjZvoooNbGkE,0.0,0.0,0.0,7413335.0
18-05-2020 05:15,WRmjgnKYAwPKWDb,0.0,0.0,0.0,7049104.0
08-06-2020 15:30,ZoEaEvLYb1n2sOq,7145.375,699.425,7304.875,7280757.875
22-05-2020 08:15,zVJPv84UY57bAof,4738.571429,464.4428571,593.0,7165716.0
13-06-2020 08:30,McdE0feGgRqW7Ca,7097.142857,694.9857143,715.1428571,7374043.143
17-05-2020 21:45,1IF53ai7Xc0U56Y,0.0,0.0,7759.0,6204353.0
16-06-2020 02:15,pkci93gMrogZuBj,0.0,0.0,0.0,7403217.0
21-05-2020 22:45,YxYtjZvoooNbGkE,0.0,0.0,7740.0,7229034.0
22-05-2020 11:30,adLQvlD726eNBSB,14300.28571,1394.285714,2760.142857,6324333.143
13-06-2020 04:45,z9Y9gH1T5YWrNuG,0.0,0.0,0.0,7216867.0
10-06-2020 19:00,rGa61gmuvPhdLxV,0.0,0.0,6565.0,7310769.0
02-06-2020 09:45,ZnxXDlPa8U1GXgE,10072.14286,984.7428571,1725.857143,6657168.857
03-06-2020 00:30,iCRJl6heRkivqQ3,0.0,0.0,0.0,7317813.0
12-06-2020 18:00,WRmjgnKYAwPKWDb,816.5714286,79.21428571,5774.142857,7238760.143
27-05-2020 03:00,WRmjgnKYAwPKWDb,0.0,0.0,0.0,7117880.0
17-05-2020 18:00,z9Y9gH1T5YWrNuG,316.0,30.5375,7480.0,7028220.0
03-06-2020 11:15,sjndEbLyjtCKgGv,9255.428571,905.3285714,2449.571429,7157896.571
19-05-2020 22:15,WRmjgnKYAwPKWDb,0.0,0.0,0.0,7060932.0
19-05-2020 16:45,pkci93gMrogZuBj,3787.142857,372.1857143,6734.714286,7201145.714
28-05-2020 02:30,ZnxXDlPa8U1GXgE,0.0,0.0,0.0,6619376.0
15-05-2020 14:45,uHbuxQJl8lW7ozc,6642.142857,650.3571429,5075.142857,7043756.143
11-06-2020 11:00,ZoEaEvLYb1n2sOq,7094.375,694.7125,1490.75,7297561.75
01-06-2020 11:30,3PZuoBAID5Wc2HD,13251.28571,1292.385714,3491.857143,7118795.857
30-05-2020 09:00,1BY6WEcLGh8j5v7,3486.625,342.5375,611.125,6365985.125
03-06-2020 15:30,1IF53ai7Xc0U56Y,7387.0,723.1285714,6970.428571,6331754.429
15-05-2020 16:30,bvBOhCH3iADSZry,4333.0,425.5428571,5429.857143,6322232.857
22-05-2020 21:30,1IF53ai7Xc0U56Y,0.0,0.0,7287.0,6240534.0
18-05-2020 02:00,zBIq5rxdHJRwDNY,0.0,0.0,0.0,6359657.0
19-05-2020 10:45,bvBOhCH3iADSZry,6996.571429,684.9571429,1700.428571,6342238.429
31-05-2020 03:45,sjndEbLyjtCKgGv,0.0,0.0,0.0,7136255.0
17-05-2020 23:15,wCURE6d3bPkepu2,0.0,0.0,7530.0,6803000.0
31-05-2020 17:15,3PZuoBAID5Wc2HD,1806.375,177.075,5709.0,7115197.0
01-06-2020 06:15,pkci93gMrogZuBj,455.5714286,44.1,5.285714286,7294796.286
31-05-2020 02:15,z9Y9gH1T5YWrNuG,0.0,0.0,0.0,7127597.0
16-05-2020 04:45,wCURE6d3bPkepu2,0.0,0.0,0.0,6788927.0
03-06-2020 07:30,zVJPv84UY57bAof,2784.25,273.0875,166.75,7255383.75
15-06-2020 19:00,YxYtjZvoooNbGkE,0.0,0.0,6633.0,7413335.0
19-05-2020 11:00,3PZuoBAID5Wc2HD,9996.875,976.2375,2131.0,7016049.0
16-06-2020 19:00,ZoEaEvLYb1n2sOq,0.0,0.0,6191.0,7335882.0
29-05-2020 06:30,rGa61gmuvPhdLxV,997.1428571,96.88571429,19.28571429,7214834.286
15-05-2020 11:45,zVJPv84UY57bAof,6012.0,589.0857143,2254.0,7118405.0
13-06-2020 17:15,bvBOhCH3iADSZry,1678.5,164.3875,7772.125,6517551.125
21-05-2020 16:00,WRmjgnKYAwPKWDb,4026.875,395.5625,7262.75,7076987.75
03-06-2020 02:30,bvBOhCH3iADSZry,0.0,0.0,0.0,6445487.0
14-06-2020 12:00,ih0vzX44oOqAx2f,7419.0,726.4142857,3314.857143,6403832.857
18-05-2020 20:45,sjndEbLyjtCKgGv,0.0,0.0,5351.0,7042405.0
18-05-2020 20:15,McdE0feGgRqW7Ca,0.0,0.0,5464.0,7185091.0
16-06-2020 03:00,rGa61gmuvPhdLxV,0.0,0.0,0.0,7344704.0
17-06-2020 22:00,wCURE6d3bPkepu2,0.0,0.0,5883.0,7028601.0
13-06-2020 08:45,sjndEbLyjtCKgGv,7179.125,702.975,864.25,7227965.25
14-06-2020 06:00,1BY6WEcLGh8j5v7,51.28571429,4.942857143,0.0,6463663.0
18-05-2020 10:30,3PZuoBAID5Wc2HD,3242.571429,318.5571429,748.8571429,7009231.857
02-06-2020 11:00,rGa61gmuvPhdLxV,9703.857143,948.5857143,2667.714286,7244636.714
24-05-2020 20:30,sjndEbLyjtCKgGv,0.0,0.0,7902.0,7089351.0
29-05-2020 21:45,ZoEaEvLYb1n2sOq,0.0,0.0,0.0,7209600.0
10-06-2020 23:45,McdE0feGgRqW7Ca,0.0,0.0,4718.571429,7361623.0
28-05-2020 14:45,McdE0feGgRqW7Ca,8832.375,862.8375,6990.25,7263379.25
27-05-2020 16:00,1BY6WEcLGh8j5v7,6064.625,594.225,5654.375,6349323.375
03-06-2020 13:00,WRmjgnKYAwPKWDb,10663.75,1041.575,4385.125,7171302.125
26-05-2020 13:15,adLQvlD726eNBSB,10723.0,1046.625,5556.75,6360850.75
01-06-2020 14:15,VHMLBKoKgIrUVDU,3329.75,326.325,5167.875,7339572.875
23-05-2020 01:15,iCRJl6heRkivqQ3,0.0,0.0,0.0,7234593.0
20-05-2020 19:30,1BY6WEcLGh8j5v7,0.0,0.0,8249.0,6298346.0
12-06-2020 14:15,WRmjgnKYAwPKWDb,7030.142857,688.5,4419.857143,7237405.857
15-06-2020 23:30,ih0vzX44oOqAx2f,0.0,0.0,6564.0,6414247.0
05-06-2020 04:30,adLQvlD726eNBSB,0.0,0.0,0.0,6430581.0
02-06-2020 07:00,wCURE6d3bPkepu2,1749.285714,171.1857143,61.0,6915405.0
27-05-2020 12:15,rGa61gmuvPhdLxV,7618.714286,745.3,3775.0,7203644.0
04-06-2020 01:00,1IF53ai7Xc0U56Y,0.0,0.0,0.0,6332659.0
11-06-2020 11:30,adLQvlD726eNBSB,7498.428571,734.1571429,1935.428571,6478879.429
24-05-2020 10:00,3PZuoBAID5Wc2HD,6621.428571,648.5571429,1783.714286,7055051.714
18-05-2020 03:00,McdE0feGgRqW7Ca,0.0,0.0,0.0,7179627.0
13-06-2020 09:15,iCRJl6heRkivqQ3,8282.375,810.325,1217.5,7392576.5
16-05-2020 04:30,ZoEaEvLYb1n2sOq,0.0,0.0,0.0,7104360.0
07-06-2020 07:45,zBIq5rxdHJRwDNY,2516.875,246.8375,231.625,6506959.625
16-05-2020 09:45,McdE0feGgRqW7Ca,7223.285714,707.2857143,1353.571429,7166788.571
15-05-2020 11:00,z9Y9gH1T5YWrNuG,9592.571429,937.3428571,2044.571429,7009910.571
12-06-2020 21:30,McdE0feGgRqW7Ca,0.0,0.0,5955.0,7373328.0
09-06-2020 23:45,ZnxXDlPa8U1GXgE,0.0,0.0,8074.0,6717772.0
26-05-2020 21:30,McdE0feGgRqW7Ca,0.0,0.0,0.0,7249560.0
08-06-2020 22:15,1IF53ai7Xc0U56Y,0.0,0.0,8495.0,6371833.0
18-05-2020 06:45,7JYdWkrLSPkdwr4,1153.625,112.1625,44.25,7623107.25
07-06-2020 20:30,VHMLBKoKgIrUVDU,0.0,0.0,8219.0,7386208.0
16-06-2020 14:00,z9Y9gH1T5YWrNuG,6833.75,669.1875,4596.375,7243780.375
23-05-2020 16:15,WRmjgnKYAwPKWDb,5184.25,508.2875,7885.375,7092480.375
01-06-2020 19:30,YxYtjZvoooNbGkE,0.0,0.0,5777.0,7311516.0
15-05-2020 21:30,bvBOhCH3iADSZry,0.0,0.0,5707.0,6322510.0
27-05-2020 10:30,rGa61gmuvPhdLxV,8626.428571,843.7,2095.428571,7201964.429
15-05-2020 10:15,3PZuoBAID5Wc2HD,5928.857143,581.1,1509.0,6989268.0
04-06-2020 06:30,z9Y9gH1T5YWrNuG,720.875,69.875,17.75,7155130.75
05-06-2020 02:45,ZoEaEvLYb1n2sOq,0.0,0.0,0.0,7251540.0
22-05-2020 15:15,sjndEbLyjtCKgGv,6125.0,600.2,6426.428571,7072312.429
21-05-2020 10:00,ZnxXDlPa8U1GXgE,8219.833333,802.7833333,1596.833333,6565951.667
14-06-2020 07:45,wCURE6d3bPkepu2,4315.714286,423.6714286,305.8571429,7002674.857
17-05-2020 10:30,1BY6WEcLGh8j5v7,10591.75,1034.7125,2128.25,6273733.25
15-05-2020 00:45,ZnxXDlPa8U1GXgE,0.0,0.0,0.0,6522172.0
11-06-2020 09:45,iCRJl6heRkivqQ3,4830.428571,473.6142857,821.0,7380600.0
18-05-2020 02:30,VHMLBKoKgIrUVDU,0.0,0.0,0.0,7227097.0
06-06-2020 16:15,ZoEaEvLYb1n2sOq,1491.428571,145.6,6154.857143,7265229.857
12-06-2020 15:00,rGa61gmuvPhdLxV,5915.714286,579.6571429,4900.0,7321332.0
31-05-2020 23:30,YxYtjZvoooNbGkE,0.0,0.0,5970.0,7305739.0
25-05-2020 19:15,iCRJl6heRkivqQ3,0.0,0.0,8869.0,7260130.0
15-06-2020 08:15,1IF53ai7Xc0U56Y,8263.625,808.725,582.5,6414950.5
19-05-2020 17:45,McdE0feGgRqW7Ca,540.7142857,52.38571429,7002.285714,7192093.286
20-05-2020 04:30,3PZuoBAID5Wc2HD,0.0,0.0,0.0,7020512.0
18-05-2020 18:00,ZnxXDlPa8U1GXgE,434.1428571,41.98571429,5414.857143,6548152.857
16-06-2020 01:30,1IF53ai7Xc0U56Y,0.0,0.0,0.0,6421214.0
17-05-2020 16:15,rGa61gmuvPhdLxV,5031.333333,493.3666667,7020.0,7131119.0
23-05-2020 05:00,bvBOhCH3iADSZry,0.0,0.0,0.0,6368908.0
07-06-2020 23:00,adLQvlD726eNBSB,0.0,0.0,8353.0,6453384.0
15-05-2020 20:00,YxYtjZvoooNbGkE,0.0,0.0,6291.0,7186257.0
22-05-2020 11:45,YxYtjZvoooNbGkE,11918.85714,1162.842857,2923.142857,7231957.143
09-06-2020 01:00,ZnxXDlPa8U1GXgE,0.0,0.0,0.0,6709698.0
07-06-2020 15:45,zVJPv84UY57bAof,6941.125,679.5625,7331.0,7292861.0
13-06-2020 00:30,1IF53ai7Xc0U56Y,0.0,0.0,0.0,6398227.0
30-05-2020 14:30,uHbuxQJl8lW7ozc,10719.28571,1047.728571,5317.428571,7157249.429
17-05-2020 23:00,sjndEbLyjtCKgGv,0.0,0.0,7441.0,7037054.0
05-06-2020 09:15,bvBOhCH3iADSZry,8346.0,816.6571429,989.1428571,6461175.143
12-06-2020 21:30,adLQvlD726eNBSB,0.0,0.0,5988.0,6488722.0
16-05-2020 20:15,1IF53ai7Xc0U56Y,0.0,0.0,6592.0,6196594.0
17-06-2020 23:30,iCRJl6heRkivqQ3,0.0,0.0,5957.0,7426263.0
16-05-2020 08:45,iCRJl6heRkivqQ3,6524.0,639.0571429,724.4285714,7185134.429
31-05-2020 16:45,wCURE6d3bPkepu2,1819.714286,178.3571429,6047.142857,6909205.143
30-05-2020 10:30,zBIq5rxdHJRwDNY,5265.285714,516.1142857,1397.142857,6451302.143
30-05-2020 21:15,WRmjgnKYAwPKWDb,0.0,0.0,7130.0,7148029.0
31-05-2020 17:00,ih0vzX44oOqAx2f,1956.125,191.7625,5815.0,6308082.0
15-06-2020 04:00,1IF53ai7Xc0U56Y,0.0,0.0,0.0,6414368.0
01-06-2020 17:15,ZoEaEvLYb1n2sOq,983.7142857,95.55714286,5729.142857,7228373.143
29-05-2020 09:00,z9Y9gH1T5YWrNuG,6972.625,682.7125,807.5,7113169.5
13-06-2020 14:00,z9Y9gH1T5YWrNuG,12057.25,1176.6125,6091.5,7222958.5
22-05-2020 08:45,rGa61gmuvPhdLxV,4208.5,413.25,768.0,7161167.0
22-05-2020 10:15,VHMLBKoKgIrUVDU,11564.125,1128.2625,1679.0,7258040.0
13-06-2020 08:45,YxYtjZvoooNbGkE,6436.571429,630.4285714,860.8571429,7391919.857
02-06-2020 02:45,iCRJl6heRkivqQ3,0.0,0.0,0.0,7310348.0
29-05-2020 22:45,iCRJl6heRkivqQ3,0.0,0.0,0.0,7291253.0
18-05-2020 07:00,zBIq5rxdHJRwDNY,1672.428571,163.6428571,74.28571429,6359731.286
11-06-2020 22:00,McdE0feGgRqW7Ca,0.0,0.0,5750.0,7367373.0
11-06-2020 01:45,rGa61gmuvPhdLxV,0.0,0.0,0.0,7310769.0
25-05-2020 06:15,wCURE6d3bPkepu2,393.0,38.0,3.0,6855794.0
24-05-2020 21:15,1BY6WEcLGh8j5v7,0.0,0.0,7537.0,6327940.0
10-06-2020 19:30,rGa61gmuvPhdLxV,0.0,0.0,6565.0,7310769.0
17-06-2020 12:30,sjndEbLyjtCKgGv,9188.625,898.1625,3426.375,7259220.375
21-05-2020 15:30,1BY6WEcLGh8j5v7,6464.5,633.275,6624.75,6304970.75
23-05-2020 19:30,McdE0feGgRqW7Ca,0.0,0.0,8684.0,7224636.0
22-05-2020 23:30,WRmjgnKYAwPKWDb,0.0,0.0,7237.0,7084595.0
12-06-2020 22:45,McdE0feGgRqW7Ca,0.0,0.0,5955.0,7373328.0
19-05-2020 10:45,3PZuoBAID5Wc2HD,8634.714286,844.0428571,1908.571429,7015826.571
22-05-2020 11:15,sjndEbLyjtCKgGv,7573.125,740.4375,2365.375,7068251.375
08-06-2020 01:45,zBIq5rxdHJRwDNY,0.0,0.0,0.0,6514911.0
08-06-2020 23:15,YxYtjZvoooNbGkE,0.0,0.0,8343.0,7365310.0
25-05-2020 17:30,iCRJl6heRkivqQ3,702.8571429,68.1,8832.142857,7260093.143
21-05-2020 16:45,zBIq5rxdHJRwDNY,2473.142857,242.6142857,7631.142857,6388493.143
01-06-2020 07:45,sjndEbLyjtCKgGv,4836.0,474.2142857,356.5714286,7142598.571
27-05-2020 14:00,3PZuoBAID5Wc2HD,4402.75,432.2625,4909.75,7083620.75
06-06-2020 16:15,WRmjgnKYAwPKWDb,1488.571429,145.3428571,6196.0,7196466.0
20-05-2020 19:00,YxYtjZvoooNbGkE,0.0,0.0,8818.0,7221294.0
14-06-2020 15:15,bvBOhCH3iADSZry,9140.0,893.8625,3098.875,6520740.875
31-05-2020 04:00,sjndEbLyjtCKgGv,0.0,0.0,0.0,7136255.0
16-05-2020 18:45,bvBOhCH3iADSZry,0.0,0.0,6138.0,6328648.0
22-05-2020 10:45,adLQvlD726eNBSB,9119.125,890.9125,2093.75,6323666.75
09-06-2020 16:30,ZnxXDlPa8U1GXgE,5252.875,514.9,7631.5,6717329.5
15-06-2020 10:00,1BY6WEcLGh8j5v7,7887.75,772.075,1857.5,6469532.5
25-05-2020 15:15,YxYtjZvoooNbGkE,8971.375,877.6375,7836.5,7260487.5
06-06-2020 18:00,1IF53ai7Xc0U56Y,241.375,23.2875,6536.0,6355093.0
07-06-2020 02:45,ih0vzX44oOqAx2f,0.0,0.0,0.0,6350673.0
17-05-2020 08:15,bvBOhCH3iADSZry,4846.875,475.2875,463.875,6329111.875
24-05-2020 12:45,sjndEbLyjtCKgGv,12097.14286,1179.885714,4530.0,7085979.0
07-06-2020 07:15,zBIq5rxdHJRwDNY,1840.625,180.4375,128.625,6506856.625
16-06-2020 23:30,1BY6WEcLGh8j5v7,0.0,0.0,5848.0,6479798.0
20-05-2020 04:15,1IF53ai7Xc0U56Y,0.0,0.0,0.0,6216430.0
29-05-2020 08:15,adLQvlD726eNBSB,4511.0,442.6571429,436.4285714,6379445.429
03-06-2020 19:15,adLQvlD726eNBSB,0.0,0.0,7991.0,6422267.0
01-06-2020 20:30,VHMLBKoKgIrUVDU,0.0,0.0,5909.0,7340314.0
21-05-2020 11:15,zBIq5rxdHJRwDNY,12138.375,1184.225,2947.375,6383809.375
23-05-2020 07:15,z9Y9gH1T5YWrNuG,2139.142857,209.6,79.71428571,7064298.714
06-06-2020 05:30,VHMLBKoKgIrUVDU,0.0,0.0,0.0,7371554.0
04-06-2020 05:45,3PZuoBAID5Wc2HD,0.0,0.0,0.0,7136488.0
04-06-2020 01:45,adLQvlD726eNBSB,0.0,0.0,0.0,6422267.0
26-05-2020 19:15,3PZuoBAID5Wc2HD,0.0,0.0,0.0,7078711.0
19-05-2020 04:15,rGa61gmuvPhdLxV,0.0,0.0,0.0,7136902.0
17-06-2020 23:15,zVJPv84UY57bAof,0.0,0.0,5910.0,7363272.0
28-05-2020 15:30,McdE0feGgRqW7Ca,8386.428571,820.6857143,7706.714286,7264095.714
16-05-2020 09:45,wCURE6d3bPkepu2,7072.714286,692.6142857,1317.857143,6790244.857
08-06-2020 08:15,YxYtjZvoooNbGkE,3283.875,322.8125,434.0,7357401.0
08-06-2020 00:00,iCRJl6heRkivqQ3,0.0,0.0,0.0,7356511.0
16-05-2020 14:00,1BY6WEcLGh8j5v7,6122.571429,599.8142857,4787.285714,6270100.286
17-05-2020 21:00,McdE0feGgRqW7Ca,0.0,0.0,7606.0,7179627.0
07-06-2020 16:00,ih0vzX44oOqAx2f,7113.0,696.5285714,7305.571429,6357978.571
20-05-2020 19:45,ZnxXDlPa8U1GXgE,0.0,0.0,8909.0,6564045.0
26-05-2020 12:30,adLQvlD726eNBSB,8109.0,792.3142857,4815.428571,6360109.429
07-06-2020 10:45,sjndEbLyjtCKgGv,13209.71429,1287.928571,2154.428571,7187810.429
15-06-2020 14:15,rGa61gmuvPhdLxV,6184.428571,605.0857143,5098.285714,7343070.286
22-05-2020 11:45,iCRJl6heRkivqQ3,12815.625,1249.9125,2934.0,7230376.0
30-05-2020 22:45,ih0vzX44oOqAx2f,0.0,0.0,7146.0,6302267.0
16-06-2020 02:45,zVJPv84UY57bAof,0.0,0.0,0.0,7351100.0
03-06-2020 21:30,1BY6WEcLGh8j5v7,0.0,0.0,7341.0,6397809.0
08-06-2020 01:30,WRmjgnKYAwPKWDb,0.0,0.0,0.0,7204682.0
31-05-2020 20:00,VHMLBKoKgIrUVDU,0.0,0.0,6076.0,7334405.0
15-06-2020 21:00,zVJPv84UY57bAof,0.0,0.0,6820.0,7351100.0
18-05-2020 17:15,1IF53ai7Xc0U56Y,1684.857143,164.9285714,5371.428571,6209724.429
22-05-2020 11:00,YxYtjZvoooNbGkE,6797.857143,665.2142857,2210.285714,7231244.286
22-05-2020 08:45,ih0vzX44oOqAx2f,3848.857143,378.0857143,741.2857143,6234284.286
16-05-2020 09:30,McdE0feGgRqW7Ca,6050.125,592.8125,1196.25,7166631.25
16-06-2020 06:30,VHMLBKoKgIrUVDU,706.125,68.4625,11.5,7443880.5
19-05-2020 10:30,zVJPv84UY57bAof,7223.285714,706.7142857,1764.285714,7143169.286
06-06-2020 10:30,wCURE6d3bPkepu2,7746.375,756.35,2128.75,6948897.75
11-06-2020 04:30,z9Y9gH1T5YWrNuG,0.0,0.0,0.0,7205465.0
02-06-2020 20:45,VHMLBKoKgIrUVDU,0.0,0.0,0.0,7347744.0
29-05-2020 14:45,z9Y9gH1T5YWrNuG,8720.875,853.25,6551.5,7118913.5
21-05-2020 16:45,wCURE6d3bPkepu2,2444.0,239.7571429,7707.571429,6831951.571
03-06-2020 16:00,3PZuoBAID5Wc2HD,5894.0,577.6714286,7270.0,7135884.0
06-06-2020 02:30,7JYdWkrLSPkdwr4,0.0,0.0,0.0,7764140.0
28-05-2020 08:15,bvBOhCH3iADSZry,5443.875,533.575,517.375,6406350.375
06-06-2020 21:00,1IF53ai7Xc0U56Y,0.0,0.0,6542.0,6355099.0
30-05-2020 03:30,pkci93gMrogZuBj,0.0,0.0,0.0,7281535.0
19-05-2020 20:30,McdE0feGgRqW7Ca,0.0,0.0,7007.0,7192098.0
09-06-2020 08:00,WRmjgnKYAwPKWDb,5666.0,555.3857143,399.1428571,7213400.143
28-05-2020 11:00,ih0vzX44oOqAx2f,10885.57143,1062.085714,2954.857143,6281809.857
01-06-2020 22:00,adLQvlD726eNBSB,0.0,0.0,6127.0,6406831.0
18-05-2020 07:30,iCRJl6heRkivqQ3,3512.285714,345.0,207.0,7198574.0
19-05-2020 01:15,7JYdWkrLSPkdwr4,0.0,0.0,0.0,7628372.0
13-06-2020 18:15,iCRJl6heRkivqQ3,298.625,28.8375,8490.875,7399849.875
04-06-2020 12:00,1IF53ai7Xc0U56Y,11078.0,1081.414286,3690.0,6336349.0
15-06-2020 23:30,z9Y9gH1T5YWrNuG,0.0,0.0,6716.0,7239184.0
20-05-2020 19:00,pkci93gMrogZuBj,0.0,0.0,8849.0,7210198.0
16-05-2020 22:00,zBIq5rxdHJRwDNY,0.0,0.0,6374.0,6352150.0
17-06-2020 08:15,YxYtjZvoooNbGkE,3779.375,371.3875,385.25,7419941.25
17-06-2020 23:00,7JYdWkrLSPkdwr4,0.0,0.0,5856.0,7846821.0
19-05-2020 17:00,McdE0feGgRqW7Ca,2717.25,266.7,6886.0,7191977.0
27-05-2020 09:15,rGa61gmuvPhdLxV,8636.285714,845.0285714,1189.285714,7201058.286
31-05-2020 10:00,wCURE6d3bPkepu2,7130.142857,698.0,1472.571429,6904630.571
16-06-2020 16:45,McdE0feGgRqW7Ca,2293.0,224.825,6154.25,7402384.25
22-05-2020 06:30,zBIq5rxdHJRwDNY,896.5,87.0625,28.75,6388627.75
18-05-2020 00:15,iCRJl6heRkivqQ3,0.0,0.0,0.0,7198367.0
04-06-2020 00:45,3PZuoBAID5Wc2HD,0.0,0.0,0.0,7136488.0
16-06-2020 16:15,wCURE6d3bPkepu2,3528.375,346.625,5931.125,7022375.125
13-06-2020 17:15,zBIq5rxdHJRwDNY,1757.285714,172.2571429,8336.285714,6557723.286
17-06-2020 16:00,zVJPv84UY57bAof,3269.625,321.25,5556.875,7362918.875
19-05-2020 21:00,7JYdWkrLSPkdwr4,0.0,0.0,6836.0,7635208.0
31-05-2020 10:15,uHbuxQJl8lW7ozc,9430.428571,921.0571429,1603.428571,7160875.429
19-05-2020 05:45,3PZuoBAID5Wc2HD,0.0,0.0,0.0,7013918.0
16-06-2020 12:00,WRmjgnKYAwPKWDb,3443.875,338.275,3374.0,7264689.0
17-06-2020 14:00,3PZuoBAID5Wc2HD,6091.25,596.7625,4796.0,7236169.0
30-05-2020 14:30,McdE0feGgRqW7Ca,10849.42857,1060.342857,5327.571429,7278540.571
04-06-2020 05:15,McdE0feGgRqW7Ca,0.0,0.0,0.0,7308369.0
24-05-2020 12:45,rGa61gmuvPhdLxV,11698.28571,1141.171429,4431.857143,7179724.857
13-06-2020 12:15,WRmjgnKYAwPKWDb,11717.75,1143.2,4465.25,7243245.25
26-05-2020 20:00,McdE0feGgRqW7Ca,0.0,0.0,0.0,7249560.0
05-06-2020 09:15,adLQvlD726eNBSB,9011.571429,881.3428571,1160.0,6431741.0
12-06-2020 21:15,1IF53ai7Xc0U56Y,0.0,0.0,5903.0,6398227.0
16-06-2020 20:00,uHbuxQJl8lW7ozc,0.0,0.0,6292.0,7281035.0
13-06-2020 13:30,7JYdWkrLSPkdwr4,7705.0,754.2625,5777.875,7818194.875
25-05-2020 21:30,1IF53ai7Xc0U56Y,0.0,0.0,9048.0,6266528.0
07-06-2020 20:00,adLQvlD726eNBSB,0.0,0.0,8353.0,6453384.0
05-06-2020 20:00,VHMLBKoKgIrUVDU,0.0,0.0,0.0,7371554.0
20-05-2020 00:00,1BY6WEcLGh8j5v7,0.0,0.0,806.125,6290097.0
16-05-2020 23:30,rGa61gmuvPhdLxV,0.0,0.0,6233.0,7124099.0
04-06-2020 11:00,YxYtjZvoooNbGkE,10351.28571,1010.942857,2547.142857,7329303.143
21-05-2020 14:30,ZnxXDlPa8U1GXgE,8358.5,817.125,6413.25,6570458.25
04-06-2020 11:45,ZnxXDlPa8U1GXgE,9926.714286,969.9428571,3314.714286,6674198.714
06-06-2020 20:45,pkci93gMrogZuBj,0.0,0.0,0.0,7337918.0
27-05-2020 05:15,wCURE6d3bPkepu2,0.0,0.0,0.0,6872485.0
22-05-2020 15:45,1BY6WEcLGh8j5v7,4687.142857,459.8857143,6460.714286,6312049.714
15-05-2020 23:00,ih0vzX44oOqAx2f,0.0,0.0,0.0,6191360.0
17-06-2020 12:00,adLQvlD726eNBSB,11742.25,1145.875,2918.25,6521316.25
13-06-2020 08:30,wCURE6d3bPkepu2,6800.857143,666.1142857,685.8571429,6994593.857
17-06-2020 12:00,VHMLBKoKgIrUVDU,11310.875,1104.2125,2861.25,7453062.25
09-06-2020 18:30,1BY6WEcLGh8j5v7,85.42857143,8.214285714,7455.142857,6439069.143
01-06-2020 01:45,wCURE6d3bPkepu2,0.0,0.0,0.0,6909405.0
25-05-2020 11:15,adLQvlD726eNBSB,12567.25,1225.275,3523.5,6349654.5
16-05-2020 07:30,1BY6WEcLGh8j5v7,2322.142857,227.7,157.4285714,6265470.429
30-05-2020 14:15,1BY6WEcLGh8j5v7,10641.125,1040.1125,4687.5,6370061.5
15-06-2020 02:15,uHbuxQJl8lW7ozc,0.0,0.0,0.0,7267837.0
22-05-2020 13:15,7JYdWkrLSPkdwr4,11912.14286,1162.257143,4564.142857,7656199.143
15-06-2020 04:30,1BY6WEcLGh8j5v7,0.0,0.0,0.0,6467675.0
22-05-2020 00:45,ZnxXDlPa8U1GXgE,0.0,0.0,0.0,6571864.0
06-06-2020 23:30,McdE0feGgRqW7Ca,0.0,0.0,0.0,7331160.0
04-06-2020 04:15,McdE0feGgRqW7Ca,0.0,0.0,0.0,7308369.0
02-06-2020 08:00,ZoEaEvLYb1n2sOq,3823.0,375.3714286,268.8571429,7228708.857
12-06-2020 12:30,3PZuoBAID5Wc2HD,7207.625,705.7875,3066.875,7199252.875
26-05-2020 03:00,uHbuxQJl8lW7ozc,0.0,0.0,0.0,7120696.0
17-05-2020 10:00,McdE0feGgRqW7Ca,10128.875,990.125,1833.125,7173854.125
12-06-2020 12:30,YxYtjZvoooNbGkE,7024.375,687.925,2993.625,7388272.625
23-05-2020 22:30,ZoEaEvLYb1n2sOq,0.0,0.0,8471.0,7162184.0
16-05-2020 21:00,bvBOhCH3iADSZry,0.0,0.0,6138.0,6328648.0
10-06-2020 04:45,YxYtjZvoooNbGkE,0.0,0.0,0.0,7373268.0
15-06-2020 17:45,wCURE6d3bPkepu2,1257.571429,122.5,6712.428571,7016410.429
07-06-2020 06:00,adLQvlD726eNBSB,80.0,7.728571429,0.285714286,6445031.286
18-05-2020 01:45,bvBOhCH3iADSZry,0.0,0.0,0.0,6335576.0
02-06-2020 07:30,VHMLBKoKgIrUVDU,2146.857143,210.4714286,154.5714286,7340468.571
10-06-2020 19:30,ZoEaEvLYb1n2sOq,0.0,0.0,6392.0,7296071.0
25-05-2020 04:00,adLQvlD726eNBSB,0.0,0.0,0.0,6346131.0
21-05-2020 13:30,McdE0feGgRqW7Ca,9585.0,935.8571429,5595.428571,7206657.429
10-06-2020 21:00,zVJPv84UY57bAof,0.0,0.0,6560.0,7317016.0
15-05-2020 02:45,zVJPv84UY57bAof,0.0,0.0,0.0,7116151.0
05-06-2020 08:00,YxYtjZvoooNbGkE,2724.0,267.3142857,281.5714286,7335167.571
05-06-2020 17:15,3PZuoBAID5Wc2HD,3715.125,364.775,7561.5,7152264.5
12-06-2020 17:00,iCRJl6heRkivqQ3,1947.714286,190.9428571,5693.0,7391164.0
23-05-2020 23:00,1IF53ai7Xc0U56Y,0.0,0.0,8673.0,6249207.0
07-06-2020 09:15,1IF53ai7Xc0U56Y,8509.625,832.6625,993.0,6356092.0
12-06-2020 18:15,McdE0feGgRqW7Ca,376.0,36.34285714,5948.571429,7373321.571
24-05-2020 21:15,WRmjgnKYAwPKWDb,0.0,0.0,8091.0,7101117.0
07-06-2020 15:00,z9Y9gH1T5YWrNuG,10007.28571,977.3285714,4897.0,7182186.0
14-06-2020 15:30,adLQvlD726eNBSB,6939.571429,679.4857143,6845.428571,6504341.429
08-06-2020 07:15,ZoEaEvLYb1n2sOq,1825.857143,178.8428571,121.7142857,7273574.714
03-06-2020 07:15,uHbuxQJl8lW7ozc,2236.428571,219.2571429,106.0,7178511.0
04-06-2020 11:30,1BY6WEcLGh8j5v7,8034.714286,786.3857143,2851.571429,6400660.571
16-05-2020 05:30,VHMLBKoKgIrUVDU,0.0,0.0,0.0,7212666.0
16-05-2020 06:15,VHMLBKoKgIrUVDU,357.375,34.525,4.0,7212670.0
10-06-2020 05:00,1BY6WEcLGh8j5v7,0.0,0.0,0.0,6439070.0
29-05-2020 10:00,rGa61gmuvPhdLxV,8670.5,848.1,1614.125,7216429.125
07-06-2020 20:15,wCURE6d3bPkepu2,0.0,0.0,6433.0,6959527.0
17-05-2020 18:00,sjndEbLyjtCKgGv,315.625,30.5125,7434.625,7037047.625
25-05-2020 01:30,zVJPv84UY57bAof,0.0,0.0,0.0,7188796.0
30-05-2020 00:30,wCURE6d3bPkepu2,0.0,0.0,0.0,6895880.0
25-05-2020 22:15,rGa61gmuvPhdLxV,0.0,0.0,8807.0,7192102.0
13-06-2020 06:15,zVJPv84UY57bAof,349.7142857,33.82857143,5.142857143,7328555.143
30-05-2020 00:45,pkci93gMrogZuBj,0.0,0.0,0.0,7281535.0
03-06-2020 09:15,7JYdWkrLSPkdwr4,6339.0,621.0142857,961.2857143,7741834.286
04-06-2020 22:30,uHbuxQJl8lW7ozc,0.0,0.0,0.0,7194535.0
17-05-2020 08:45,zBIq5rxdHJRwDNY,7387.857143,723.3571429,759.7142857,6352909.714
10-06-2020 16:15,zVJPv84UY57bAof,5259.5,515.6,6135.625,7316591.625
12-06-2020 17:45,adLQvlD726eNBSB,1542.625,150.6125,5938.375,6488672.375
23-05-2020 23:15,wCURE6d3bPkepu2,0.0,0.0,8605.0,6847830.0
14-06-2020 04:30,ZnxXDlPa8U1GXgE,0.0,0.0,0.0,6744343.0
16-06-2020 14:30,adLQvlD726eNBSB,10757.42857,1050.128571,5062.571429,6517064.571
16-06-2020 09:30,VHMLBKoKgIrUVDU,7485.285714,732.8714286,1228.285714,7445097.286
06-06-2020 14:45,ih0vzX44oOqAx2f,2358.875,231.3125,5536.125,6350012.125
22-05-2020 23:45,McdE0feGgRqW7Ca,0.0,0.0,0.0,7215952.0
09-06-2020 09:45,uHbuxQJl8lW7ozc,9191.0,898.4625,1775.625,7227329.625
01-06-2020 00:30,uHbuxQJl8lW7ozc,0.0,0.0,0.0,7165353.0
21-05-2020 13:45,ZoEaEvLYb1n2sOq,10623.42857,1036.814286,5579.0,7144647.0
27-05-2020 19:30,rGa61gmuvPhdLxV,0.0,0.0,0.0,7206549.0
27-05-2020 02:45,iCRJl6heRkivqQ3,0.0,0.0,0.0,7267996.0
08-06-2020 00:30,uHbuxQJl8lW7ozc,0.0,0.0,0.0,7217149.0
22-05-2020 10:30,wCURE6d3bPkepu2,6233.142857,610.1857143,1837.714286,6833892.714
23-05-2020 02:00,1IF53ai7Xc0U56Y,0.0,0.0,0.0,6240534.0
27-05-2020 15:45,z9Y9gH1T5YWrNuG,5880.0,576.0428571,5979.142857,7103162.143
23-05-2020 00:15,YxYtjZvoooNbGkE,0.0,0.0,0.0,7236121.0
08-06-2020 08:15,3PZuoBAID5Wc2HD,3473.0,341.4,465.0,7167689.0
10-06-2020 07:45,pkci93gMrogZuBj,4037.142857,396.6714286,293.2857143,7363009.286
06-06-2020 05:30,ZoEaEvLYb1n2sOq,0.0,0.0,0.0,7259075.0
28-05-2020 18:30,rGa61gmuvPhdLxV,72.42857143,6.957142857,8265.142857,7214814.143
03-06-2020 00:30,ZoEaEvLYb1n2sOq,0.0,0.0,0.0,7235727.0
15-05-2020 04:15,z9Y9gH1T5YWrNuG,0.0,0.0,0.0,7007866.0
09-06-2020 07:45,adLQvlD726eNBSB,2738.857143,268.9142857,324.7142857,6462328.714
03-06-2020 02:00,wCURE6d3bPkepu2,0.0,0.0,0.0,6922869.0
09-06-2020 06:00,VHMLBKoKgIrUVDU,153.1428571,14.75714286,0.714285714,7394696.714
22-05-2020 09:15,1BY6WEcLGh8j5v7,5106.428571,500.6,953.7142857,6306542.714
26-05-2020 01:15,z9Y9gH1T5YWrNuG,0.0,0.0,0.0,7089440.0
26-05-2020 10:00,WRmjgnKYAwPKWDb,10701.57143,1045.971429,2047.714286,7112043.714
15-05-2020 18:30,rGa61gmuvPhdLxV,0.0,0.0,6373.0,7117866.0
07-06-2020 21:30,3PZuoBAID5Wc2HD,0.0,0.0,8242.0,7167224.0
03-06-2020 17:45,YxYtjZvoooNbGkE,1291.75,125.8125,7783.125,7326712.125
13-06-2020 11:15,bvBOhCH3iADSZry,11911.75,1161.675,3028.375,6512807.375
04-06-2020 11:15,zVJPv84UY57bAof,9387.142857,916.9142857,2874.142857,7265927.143
18-05-2020 11:30,uHbuxQJl8lW7ozc,5357.875,525.175,1323.375,7060116.375
04-06-2020 03:00,adLQvlD726eNBSB,0.0,0.0,0.0,6422267.0
12-06-2020 05:45,YxYtjZvoooNbGkE,0.0,0.0,0.0,7385279.0
31-05-2020 02:00,zVJPv84UY57bAof,0.0,0.0,0.0,7235977.0
17-06-2020 13:30,z9Y9gH1T5YWrNuG,8768.25,857.8125,4199.75,7249584.75
05-06-2020 02:00,wCURE6d3bPkepu2,0.0,0.0,0.0,6939021.0
21-05-2020 11:15,WRmjgnKYAwPKWDb,13109.25,1278.1375,3061.625,7072786.625
11-06-2020 09:45,ih0vzX44oOqAx2f,4680.142857,459.1428571,801.8571429,6381833.857
13-06-2020 18:30,ZoEaEvLYb1n2sOq,65.125,6.2875,8377.5,7315762.5
24-05-2020 18:00,WRmjgnKYAwPKWDb,598.4285714,57.92857143,8071.0,7101097.0
20-05-2020 05:15,adLQvlD726eNBSB,0.0,0.0,0.0,6304513.0
18-05-2020 14:15,ih0vzX44oOqAx2f,4798.857143,470.8,3617.142857,6208818.143
20-05-2020 13:00,z9Y9gH1T5YWrNuG,11524.42857,1124.785714,5401.0,7045866.0
18-05-2020 21:00,rGa61gmuvPhdLxV,0.0,0.0,5365.0,7136902.0
20-05-2020 10:30,zVJPv84UY57bAof,10994.125,1074.425,2427.0,7150764.0
21-05-2020 22:30,1BY6WEcLGh8j5v7,0.0,0.0,7243.0,6305589.0
12-06-2020 05:15,zBIq5rxdHJRwDNY,0.0,0.0,0.0,6543550.0
20-05-2020 06:00,ih0vzX44oOqAx2f,99.85714286,9.642857143,0.285714286,6217277.286
29-05-2020 06:15,wCURE6d3bPkepu2,527.3333333,51.06666667,2.333333333,6887711.333
24-05-2020 22:30,3PZuoBAID5Wc2HD,0.0,0.0,8300.0,7061568.0
29-05-2020 09:30,rGa61gmuvPhdLxV,6912.875,676.9125,1226.25,7216041.25
17-05-2020 06:30,7JYdWkrLSPkdwr4,441.0,42.6375,6.75,7615543.75
14-06-2020 10:00,McdE0feGgRqW7Ca,8463.714286,828.2142857,1672.142857,7383595.143
17-06-2020 11:15,1BY6WEcLGh8j5v7,7522.75,736.525,1985.75,6481783.75
09-06-2020 12:00,wCURE6d3bPkepu2,9848.571429,961.5857143,3929.428571,6971899.429
06-06-2020 12:15,wCURE6d3bPkepu2,9313.857143,909.6571429,3626.0,6950395.0
02-06-2020 19:30,zBIq5rxdHJRwDNY,0.0,0.0,7421.0,6476454.0
09-06-2020 10:00,sjndEbLyjtCKgGv,6249.0,611.7714286,1913.714286,7202838.714
09-06-2020 00:30,1BY6WEcLGh8j5v7,0.0,0.0,0.0,6431614.0
10-06-2020 18:45,7JYdWkrLSPkdwr4,0.0,0.0,6362.0,7801091.0
10-06-2020 02:15,ZoEaEvLYb1n2sOq,0.0,0.0,0.0,7289679.0
21-05-2020 19:30,zVJPv84UY57bAof,0.0,0.0,7944.0,7165123.0
12-06-2020 09:15,z9Y9gH1T5YWrNuG,5973.428571,585.3,618.2857143,7211682.286
28-05-2020 18:30,iCRJl6heRkivqQ3,52.0,5.0,8345.0,7283037.0
01-06-2020 09:15,adLQvlD726eNBSB,6419.285714,628.8714286,1370.428571,6402074.429
15-05-2020 05:15,ZnxXDlPa8U1GXgE,0.0,0.0,0.0,6522172.0
13-06-2020 07:45,zVJPv84UY57bAof,4211.571429,413.7142857,284.8571429,7328834.857
23-05-2020 20:30,YxYtjZvoooNbGkE,0.0,0.0,8559.0,7244680.0
15-06-2020 10:45,YxYtjZvoooNbGkE,8553.875,836.2625,2684.625,7409386.625
20-05-2020 20:15,ZnxXDlPa8U1GXgE,0.0,0.0,8909.0,6564045.0
10-06-2020 11:30,sjndEbLyjtCKgGv,10554.0,1030.228571,2508.285714,7211603.286
26-05-2020 04:00,3PZuoBAID5Wc2HD,0.0,0.0,0.0,7070636.0
17-05-2020 10:30,7JYdWkrLSPkdwr4,10010.85714,978.2142857,2267.0,7617804.0
12-06-2020 07:45,wCURE6d3bPkepu2,1293.714286,125.8857143,115.2857143,6988169.286
09-06-2020 07:15,ZoEaEvLYb1n2sOq,2557.571429,250.7857143,150.7142857,7281874.714
16-06-2020 00:15,wCURE6d3bPkepu2,0.0,0.0,0.0,7016444.0
16-06-2020 15:00,pkci93gMrogZuBj,4308.0,422.8428571,5282.142857,7408499.143
10-06-2020 09:15,iCRJl6heRkivqQ3,8069.714286,789.7714286,1016.571429,7374236.571
01-06-2020 03:45,zVJPv84UY57bAof,0.0,0.0,0.0,7242024.0
20-05-2020 02:45,1BY6WEcLGh8j5v7,0.0,0.0,0.0,6290097.0
06-06-2020 05:15,sjndEbLyjtCKgGv,0.0,0.0,0.0,7179277.0
31-05-2020 00:15,3PZuoBAID5Wc2HD,0.0,0.0,0.0,7109488.0
24-05-2020 01:30,bvBOhCH3iADSZry,0.0,0.0,0.0,6376772.0
27-05-2020 14:30,YxYtjZvoooNbGkE,9880.285714,965.3142857,5241.857143,7274574.857
04-06-2020 10:15,bvBOhCH3iADSZry,6683.375,654.175,1658.875,6454382.875
30-05-2020 08:30,wCURE6d3bPkepu2,3556.571429,349.6285714,475.7142857,6896355.714
19-05-2020 14:00,wCURE6d3bPkepu2,9482.857143,927.4571429,4805.857143,6813198.857
16-05-2020 10:15,ih0vzX44oOqAx2f,7136.875,698.75,1676.625,6193036.625
18-05-2020 01:30,ih0vzX44oOqAx2f,0.0,0.0,0.0,6205201.0
09-06-2020 15:00,ZoEaEvLYb1n2sOq,8101.714286,792.9142857,6483.428571,7288207.429
25-05-2020 02:30,rGa61gmuvPhdLxV,0.0,0.0,0.0,7183295.0
02-06-2020 13:00,ZnxXDlPa8U1GXgE,12785.25,1246.9625,4475.375,6659918.375
12-06-2020 06:45,McdE0feGgRqW7Ca,725.0,70.2875,22.0,7367395.0
15-05-2020 11:30,ZnxXDlPa8U1GXgE,6904.571429,676.0714286,2281.142857,6524453.143
13-06-2020 01:00,YxYtjZvoooNbGkE,0.0,0.0,0.0,7391059.0
31-05-2020 04:30,YxYtjZvoooNbGkE,0.0,0.0,0.0,7299769.0
17-06-2020 00:45,3PZuoBAID5Wc2HD,0.0,0.0,0.0,7231373.0
27-05-2020 09:00,YxYtjZvoooNbGkE,8382.857143,820.3428571,1009.857143,7270342.857
15-05-2020 13:30,pkci93gMrogZuBj,7972.125,780.325,3991.125,7173093.125
14-06-2020 23:45,7JYdWkrLSPkdwr4,0.0,0.0,7306.0,7828158.0
16-06-2020 09:45,ZnxXDlPa8U1GXgE,8921.0,872.6875,1416.5,6759920.5
27-05-2020 03:15,1BY6WEcLGh8j5v7,0.0,0.0,0.0,6343669.0
03-06-2020 14:45,adLQvlD726eNBSB,11173.14286,1091.014286,6293.714286,6420569.714
13-06-2020 02:30,iCRJl6heRkivqQ3,0.0,0.0,0.0,7391359.0
16-06-2020 03:45,3PZuoBAID5Wc2HD,0.0,0.0,0.0,7225042.0
12-06-2020 21:45,adLQvlD726eNBSB,0.0,0.0,5988.0,6488722.0
19-05-2020 22:00,bvBOhCH3iADSZry,0.0,0.0,6369.0,6346907.0
07-06-2020 03:45,iCRJl6heRkivqQ3,0.0,0.0,0.0,7348234.0
31-05-2020 21:45,wCURE6d3bPkepu2,0.0,0.0,6247.0,6909405.0
23-05-2020 02:15,sjndEbLyjtCKgGv,0.0,0.0,0.0,7072962.0
02-06-2020 11:15,ih0vzX44oOqAx2f,6838.0,669.6428571,2908.571429,6316891.571
16-05-2020 08:15,ih0vzX44oOqAx2f,4711.75,462.175,434.75,6191794.75
16-06-2020 14:15,1IF53ai7Xc0U56Y,4473.375,439.0875,4827.75,6426041.75
25-05-2020 17:45,bvBOhCH3iADSZry,457.875,44.2875,8102.875,6392314.875
23-05-2020 18:45,iCRJl6heRkivqQ3,0.0,0.0,8627.0,7243220.0
28-05-2020 19:15,z9Y9gH1T5YWrNuG,0.0,0.0,8477.0,7112362.0
22-05-2020 23:30,bvBOhCH3iADSZry,0.0,0.0,6760.0,6368908.0
21-05-2020 14:15,1IF53ai7Xc0U56Y,8614.5,841.6375,6243.375,6231670.375
01-06-2020 17:30,1BY6WEcLGh8j5v7,656.125,63.5375,5466.375,6383397.375
06-06-2020 12:00,ZoEaEvLYb1n2sOq,8113.571429,792.6714286,3372.142857,7262447.143
29-05-2020 17:45,rGa61gmuvPhdLxV,938.1428571,91.1,8235.857143,7223050.857
16-05-2020 15:30,3PZuoBAID5Wc2HD,5218.714286,511.5857143,6071.428571,7000104.429
22-05-2020 00:00,1IF53ai7Xc0U56Y,0.0,0.0,0.0,6233247.0
23-05-2020 15:45,bvBOhCH3iADSZry,7076.428571,693.0,7017.0,6375925.0
30-05-2020 10:15,McdE0feGgRqW7Ca,4520.714286,443.7285714,1289.0,7274502.0
06-06-2020 06:15,ZnxXDlPa8U1GXgE,428.75,41.475,7.0,6686706.0
19-05-2020 17:30,ih0vzX44oOqAx2f,1242.125,120.8125,6761.0,6217248.0
31-05-2020 09:30,z9Y9gH1T5YWrNuG,9648.125,943.15,1157.25,7128754.25
27-05-2020 00:45,sjndEbLyjtCKgGv,0.0,0.0,0.0,7105889.0
28-05-2020 21:15,uHbuxQJl8lW7ozc,0.0,0.0,8374.0,7143632.0
22-05-2020 08:30,rGa61gmuvPhdLxV,2570.142857,252.0142857,670.0,7161069.0
26-05-2020 14:30,VHMLBKoKgIrUVDU,8159.375,797.9125,6526.25,7296051.25
08-06-2020 02:00,3PZuoBAID5Wc2HD,0.0,0.0,0.0,7167224.0
04-06-2020 23:00,z9Y9gH1T5YWrNuG,0.0,0.0,0.0,7163262.0
19-05-2020 03:45,YxYtjZvoooNbGkE,0.0,0.0,0.0,7205598.0
17-06-2020 22:00,McdE0feGgRqW7Ca,0.0,0.0,5992.0,7408587.0
18-05-2020 20:45,z9Y9gH1T5YWrNuG,0.0,0.0,5347.0,7033573.0
31-05-2020 23:45,pkci93gMrogZuBj,0.0,0.0,5915.0,7294791.0
20-05-2020 05:30,YxYtjZvoooNbGkE,0.0,0.0,0.0,7212476.0
22-05-2020 15:15,McdE0feGgRqW7Ca,5913.285714,579.5571429,6242.571429,7215297.571
14-06-2020 19:00,McdE0feGgRqW7Ca,0.0,0.0,7435.0,7389358.0
23-05-2020 08:00,ih0vzX44oOqAx2f,4400.625,432.0,320.875,6240863.875
15-06-2020 10:30,1IF53ai7Xc0U56Y,10915.85714,1065.114286,2582.285714,6416950.286
21-05-2020 20:15,ZnxXDlPa8U1GXgE,0.0,0.0,0.0,6571864.0
22-05-2020 11:30,zBIq5rxdHJRwDNY,12225.42857,1192.742857,2608.857143,6391207.857
14-06-2020 18:45,ih0vzX44oOqAx2f,0.0,0.0,7165.0,6407683.0
02-06-2020 08:00,1BY6WEcLGh8j5v7,4657.857143,456.9,272.0,6383711.0
22-05-2020 05:30,z9Y9gH1T5YWrNuG,0.0,0.0,0.0,7057147.0
17-05-2020 13:45,sjndEbLyjtCKgGv,7522.125,735.975,5308.5,7034921.5
10-06-2020 22:00,iCRJl6heRkivqQ3,0.0,0.0,6559.0,7379779.0
04-06-2020 18:00,wCURE6d3bPkepu2,891.7142857,86.54285714,8227.285714,6939003.286
15-05-2020 07:45,bvBOhCH3iADSZry,1890.125,185.3,207.625,6317010.625
16-06-2020 15:00,uHbuxQJl8lW7ozc,4321.285714,424.2428571,5310.0,7280053.0
13-06-2020 17:00,wCURE6d3bPkepu2,1597.571429,156.3142857,8320.0,7002228.0
13-06-2020 08:00,YxYtjZvoooNbGkE,5123.0,502.225,400.25,7391459.25
21-05-2020 18:45,iCRJl6heRkivqQ3,0.0,0.0,7837.0,7227442.0
08-06-2020 02:00,WRmjgnKYAwPKWDb,0.0,0.0,0.0,7204682.0
27-05-2020 00:30,1IF53ai7Xc0U56Y,0.0,0.0,0.0,6274638.0
09-06-2020 11:30,wCURE6d3bPkepu2,8295.142857,810.9285714,3407.571429,6971377.571
17-06-2020 19:45,rGa61gmuvPhdLxV,0.0,0.0,5950.0,7356897.0
06-06-2020 22:45,wCURE6d3bPkepu2,0.0,0.0,0.0,6953094.0
27-05-2020 04:30,z9Y9gH1T5YWrNuG,0.0,0.0,0.0,7097183.0
11-06-2020 08:45,VHMLBKoKgIrUVDU,3468.857143,341.0142857,415.1428571,7409710.143
07-06-2020 02:30,VHMLBKoKgIrUVDU,0.0,0.0,0.0,7377989.0
18-05-2020 10:30,rGa61gmuvPhdLxV,3216.0,315.8875,736.75,7132273.75
08-06-2020 03:00,iCRJl6heRkivqQ3,0.0,0.0,0.0,7356511.0
05-06-2020 00:15,ZnxXDlPa8U1GXgE,0.0,0.0,0.0,6679062.0
18-05-2020 22:15,WRmjgnKYAwPKWDb,0.0,0.0,5348.0,7054452.0
24-05-2020 02:45,iCRJl6heRkivqQ3,0.0,0.0,0.0,7243220.0
31-05-2020 19:15,WRmjgnKYAwPKWDb,0.0,0.0,5837.0,7153866.0
08-06-2020 05:30,ih0vzX44oOqAx2f,0.0,0.0,0.0,6358692.0
24-05-2020 03:00,7JYdWkrLSPkdwr4,0.0,0.0,0.0,7667220.0
24-05-2020 20:45,7JYdWkrLSPkdwr4,0.0,0.0,8021.0,7675241.0
20-05-2020 03:15,wCURE6d3bPkepu2,0.0,0.0,0.0,6815349.0
27-05-2020 15:00,pkci93gMrogZuBj,6145.125,601.9875,5476.375,7263770.375
18-05-2020 16:00,ZnxXDlPa8U1GXgE,6085.142857,596.2428571,4916.857143,6547654.857
07-06-2020 20:30,WRmjgnKYAwPKWDb,0.0,0.0,8071.0,7204682.0
03-06-2020 01:30,zVJPv84UY57bAof,0.0,0.0,0.0,7255217.0
17-06-2020 12:45,ih0vzX44oOqAx2f,9663.857143,944.7,3560.428571,6423931.429
11-06-2020 06:00,ZnxXDlPa8U1GXgE,0.0,0.0,0.0,6724210.0
26-05-2020 12:00,7JYdWkrLSPkdwr4,10425.0,1017.3375,4081.625,7688101.625
12-06-2020 18:00,ZnxXDlPa8U1GXgE,871.5,84.625,5861.25,6735763.25
07-06-2020 02:15,ZoEaEvLYb1n2sOq,0.0,0.0,0.0,7265368.0
07-06-2020 11:15,McdE0feGgRqW7Ca,14091.71429,1373.928571,2826.571429,7333986.571
25-05-2020 04:00,uHbuxQJl8lW7ozc,0.0,0.0,0.0,7111852.0
24-05-2020 23:45,wCURE6d3bPkepu2,0.0,0.0,3411.857143,6855791.0
13-06-2020 23:45,1IF53ai7Xc0U56Y,0.0,0.0,8654.0,6406881.0
12-06-2020 20:45,pkci93gMrogZuBj,0.0,0.0,5851.0,7380807.0
17-05-2020 23:30,pkci93gMrogZuBj,0.0,0.0,7397.0,7189047.0
30-05-2020 09:15,sjndEbLyjtCKgGv,5669.857143,555.7285714,756.4285714,7129785.429
05-06-2020 11:45,uHbuxQJl8lW7ozc,13590.71429,1325.071429,3502.571429,7198037.571
01-06-2020 18:30,zVJPv84UY57bAof,24.0,2.325,5742.0,7247766.0
10-06-2020 09:30,7JYdWkrLSPkdwr4,9168.0,896.7428571,1249.428571,7795978.429
25-05-2020 19:45,pkci93gMrogZuBj,0.0,0.0,8812.0,7250519.0
16-05-2020 04:00,ih0vzX44oOqAx2f,0.0,0.0,0.0,6191360.0
30-05-2020 02:45,VHMLBKoKgIrUVDU,0.0,0.0,0.0,7321059.0
14-06-2020 13:15,ZnxXDlPa8U1GXgE,11373.125,1110.25,4425.5,6748768.5
15-05-2020 06:45,McdE0feGgRqW7Ca,1331.857143,129.8857143,38.71428571,7159002.714
17-05-2020 18:45,bvBOhCH3iADSZry,0.0,0.0,6928.0,6335576.0
08-06-2020 04:00,zBIq5rxdHJRwDNY,0.0,0.0,0.0,6514911.0
16-06-2020 00:45,YxYtjZvoooNbGkE,0.0,0.0,0.0,7413335.0
22-05-2020 17:45,uHbuxQJl8lW7ozc,504.1428571,48.75714286,7261.857143,7095237.857
09-06-2020 06:00,McdE0feGgRqW7Ca,172.25,16.6375,1.375,7346783.375
04-06-2020 02:30,sjndEbLyjtCKgGv,0.0,0.0,0.0,7163293.0
28-05-2020 11:45,WRmjgnKYAwPKWDb,13077.125,1275.0125,3986.75,7128524.75
17-06-2020 19:15,ZnxXDlPa8U1GXgE,0.0,0.0,5929.0,6770737.0
15-06-2020 01:00,rGa61gmuvPhdLxV,0.0,0.0,0.0,7337972.0
15-05-2020 10:00,bvBOhCH3iADSZry,5785.125,567.0625,1173.25,6317976.25
03-06-2020 19:00,sjndEbLyjtCKgGv,0.0,0.0,7846.0,7163293.0
08-06-2020 20:15,rGa61gmuvPhdLxV,0.0,0.0,8291.0,7295964.0
22-05-2020 04:15,ZoEaEvLYb1n2sOq,0.0,0.0,0.0,7146685.0
09-06-2020 08:45,3PZuoBAID5Wc2HD,7927.0,775.6625,914.25,7176647.25
25-05-2020 03:15,bvBOhCH3iADSZry,0.0,0.0,0.0,6384212.0
15-06-2020 13:30,1IF53ai7Xc0U56Y,3583.875,351.775,4936.25,6419304.25
04-06-2020 06:45,ih0vzX44oOqAx2f,1198.0,116.5285714,42.57142857,6329052.571
21-05-2020 18:00,VHMLBKoKgIrUVDU,328.2857143,31.7,7834.142857,7256358.143
11-06-2020 13:15,uHbuxQJl8lW7ozc,7367.625,721.3625,3232.875,7243740.875
21-05-2020 15:30,z9Y9gH1T5YWrNuG,7504.875,734.725,7221.0,7056482.0
04-06-2020 23:45,1BY6WEcLGh8j5v7,0.0,0.0,7571.0,6405380.0
01-06-2020 14:00,z9Y9gH1T5YWrNuG,3199.142857,313.4714286,5175.857143,7139072.857
14-06-2020 12:00,zBIq5rxdHJRwDNY,7329.714286,717.6857143,3409.857143,6561231.857
16-05-2020 13:15,iCRJl6heRkivqQ3,10772.625,1052.575,4225.75,7188635.75
28-05-2020 21:30,3PZuoBAID5Wc2HD,0.0,0.0,8528.0,7093979.0
13-06-2020 10:45,wCURE6d3bPkepu2,11670.14286,1138.185714,2590.142857,6996498.143
23-05-2020 01:30,sjndEbLyjtCKgGv,0.0,0.0,0.0,7072962.0
05-06-2020 21:00,1BY6WEcLGh8j5v7,0.0,0.0,7162.0,6412542.0
12-06-2020 16:30,bvBOhCH3iADSZry,2536.142857,248.7142857,5084.714286,6509491.714
08-06-2020 11:30,3PZuoBAID5Wc2HD,10953.375,1069.2375,3675.875,7170899.875
12-06-2020 18:30,3PZuoBAID5Wc2HD,80.28571429,7.757142857,5899.857143,7202085.857
17-06-2020 02:15,7JYdWkrLSPkdwr4,0.0,0.0,0.0,7840965.0
10-06-2020 17:00,3PZuoBAID5Wc2HD,2396.142857,234.9571429,6377.428571,7190296.429
02-06-2020 01:45,WRmjgnKYAwPKWDb,0.0,0.0,0.0,7159700.0
20-05-2020 01:15,ZoEaEvLYb1n2sOq,0.0,0.0,0.0,7130332.0
10-06-2020 09:30,1BY6WEcLGh8j5v7,8517.375,833.4,1155.0,6440225.0
23-05-2020 08:45,iCRJl6heRkivqQ3,7652.428571,749.1714286,830.4285714,7235423.429
10-06-2020 18:30,zVJPv84UY57bAof,0.0,0.0,6560.0,7317016.0
12-06-2020 10:45,VHMLBKoKgIrUVDU,6773.285714,663.3857143,1629.0,7416640.0
21-05-2020 23:30,bvBOhCH3iADSZry,0.0,0.0,7110.0,6362148.0
07-06-2020 08:15,VHMLBKoKgIrUVDU,3589.428571,352.8285714,394.5714286,7378383.571
16-06-2020 14:30,wCURE6d3bPkepu2,9896.625,966.675,4944.75,7021388.75
25-05-2020 16:15,wCURE6d3bPkepu2,4437.25,435.525,8625.5,6864416.5
10-06-2020 13:00,zBIq5rxdHJRwDNY,10293.42857,1005.257143,4148.142857,6535553.143
01-06-2020 14:30,rGa61gmuvPhdLxV,5308.142857,520.4,5016.142857,7241348.143
14-06-2020 15:00,3PZuoBAID5Wc2HD,8781.25,858.475,6334.25,7217053.25
17-05-2020 08:45,pkci93gMrogZuBj,7345.0,719.1714286,749.5714286,7182399.571
12-06-2020 05:00,1IF53ai7Xc0U56Y,0.0,0.0,0.0,6392324.0
04-06-2020 20:15,wCURE6d3bPkepu2,0.0,0.0,0.0,6939021.0
29-05-2020 17:30,7JYdWkrLSPkdwr4,1243.375,121.05,7956.75,7714784.75
11-06-2020 22:15,sjndEbLyjtCKgGv,0.0,0.0,5654.0,7221254.0
18-05-2020 21:15,WRmjgnKYAwPKWDb,0.0,0.0,5348.0,7054452.0
14-06-2020 10:30,1IF53ai7Xc0U56Y,11588.875,1131.325,2137.375,6409018.375
05-06-2020 09:00,ZoEaEvLYb1n2sOq,6629.857143,649.0142857,864.7142857,7252404.714
14-06-2020 18:15,WRmjgnKYAwPKWDb,246.5,23.7875,7400.25,7254579.25
07-06-2020 17:15,zBIq5rxdHJRwDNY,3528.875,346.675,8033.625,6514761.625
11-06-2020 06:30,McdE0feGgRqW7Ca,369.125,35.6875,6.75,7361629.75
08-06-2020 05:30,uHbuxQJl8lW7ozc,0.0,0.0,0.0,7217149.0
10-06-2020 19:00,wCURE6d3bPkepu2,0.0,0.0,6423.0,6982403.0
20-05-2020 17:30,sjndEbLyjtCKgGv,1863.0,182.6,8706.0,7057990.0
11-06-2020 06:45,7JYdWkrLSPkdwr4,526.4285714,50.92857143,18.57142857,7801109.571
24-05-2020 11:15,bvBOhCH3iADSZry,10768.71429,1051.1,2809.0,6379581.0
29-05-2020 09:30,zVJPv84UY57bAof,6624.75,648.8625,1219.125,7221692.125
28-05-2020 11:30,YxYtjZvoooNbGkE,12949.0,1262.542857,3530.857143,7279559.857
03-06-2020 06:15,WRmjgnKYAwPKWDb,336.625,32.5,3.75,7166920.75
22-05-2020 00:45,YxYtjZvoooNbGkE,0.0,0.0,0.0,7229034.0
17-05-2020 16:15,ZnxXDlPa8U1GXgE,4629.142857,454.3857143,7172.571429,6542324.571
05-06-2020 20:45,McdE0feGgRqW7Ca,0.0,0.0,7920.0,7324681.0
19-05-2020 21:45,sjndEbLyjtCKgGv,0.0,0.0,6879.0,7049284.0
04-06-2020 05:45,iCRJl6heRkivqQ3,0.0,0.0,0.0,7325696.0
16-06-2020 07:15,3PZuoBAID5Wc2HD,2422.125,237.575,108.375,7225150.375
06-06-2020 00:30,zVJPv84UY57bAof,0.0,0.0,0.0,7279090.0
24-05-2020 06:15,VHMLBKoKgIrUVDU,418.75,40.475,6.5,7272338.5
11-06-2020 15:45,z9Y9gH1T5YWrNuG,6243.714286,611.7,4948.0,7210413.0
27-05-2020 14:30,ZnxXDlPa8U1GXgE,10276.14286,1003.6,5267.428571,6617916.429
18-05-2020 05:45,McdE0feGgRqW7Ca,0.0,0.0,0.0,7179627.0
20-05-2020 21:15,pkci93gMrogZuBj,0.0,0.0,8849.0,7210198.0
22-05-2020 11:00,zVJPv84UY57bAof,8366.0,817.7571429,2202.142857,7167325.143
25-05-2020 11:15,McdE0feGgRqW7Ca,12380.71429,1207.085714,3371.285714,7236062.286
15-06-2020 16:15,VHMLBKoKgIrUVDU,2506.5,245.8625,6384.0,7443439.0
10-06-2020 18:00,ZnxXDlPa8U1GXgE,568.7142857,55.05714286,6428.571429,6724200.571
31-05-2020 04:30,adLQvlD726eNBSB,0.0,0.0,0.0,6394771.0
17-05-2020 20:30,1BY6WEcLGh8j5v7,0.0,0.0,7045.0,6278650.0
16-05-2020 18:15,z9Y9gH1T5YWrNuG,123.1428571,11.87142857,6487.428571,7020739.429
22-05-2020 15:30,ZnxXDlPa8U1GXgE,4200.375,412.1625,6730.875,6578594.875
06-06-2020 18:30,adLQvlD726eNBSB,0.0,0.0,6603.0,6445031.0
27-05-2020 11:30,1IF53ai7Xc0U56Y,13073.5,1274.675,3151.5,6277789.5
26-05-2020 17:00,WRmjgnKYAwPKWDb,3887.875,381.35,7779.375,7117775.375
24-05-2020 15:45,pkci93gMrogZuBj,2914.125,285.8875,7362.875,7241037.875
13-06-2020 06:15,1IF53ai7Xc0U56Y,381.8571429,36.88571429,5.714285714,6398232.714
11-06-2020 01:15,pkci93gMrogZuBj,0.0,0.0,0.0,7369294.0
16-05-2020 12:15,ZoEaEvLYb1n2sOq,7674.25,751.2375,3258.625,7107618.625
25-05-2020 10:15,1IF53ai7Xc0U56Y,11394.875,1112.9125,2295.375,6259775.375
23-05-2020 12:30,WRmjgnKYAwPKWDb,12230.0,1193.1125,4620.25,7089215.25
07-06-2020 04:45,ZnxXDlPa8U1GXgE,0.0,0.0,0.0,6693054.0
12-06-2020 06:45,ZoEaEvLYb1n2sOq,678.0,65.6875,19.25,7301651.25
06-06-2020 11:30,bvBOhCH3iADSZry,8105.857143,791.9285714,2896.428571,6470147.429
06-06-2020 20:30,YxYtjZvoooNbGkE,0.0,0.0,0.0,7348812.0
24-05-2020 07:45,ih0vzX44oOqAx2f,3887.571429,382.0142857,278.4285714,6249216.429
04-06-2020 00:30,zVJPv84UY57bAof,0.0,0.0,0.0,7263053.0
05-06-2020 23:15,adLQvlD726eNBSB,0.0,0.0,0.0,6438428.0
14-06-2020 08:30,ZnxXDlPa8U1GXgE,4791.625,486.1142857,612.7142857,6744955.714
22-05-2020 15:30,zVJPv84UY57bAof,4478.125,439.4625,6638.75,7171761.75
17-05-2020 01:45,rGa61gmuvPhdLxV,0.0,0.0,0.0,7124099.0
08-06-2020 05:30,wCURE6d3bPkepu2,0.0,0.0,0.0,6959527.0
09-06-2020 11:00,iCRJl6heRkivqQ3,13702.71429,1336.0,3025.428571,7367980.429
18-05-2020 15:00,VHMLBKoKgIrUVDU,7890.428571,772.3571429,4244.571429,7231341.571
26-05-2020 18:15,McdE0feGgRqW7Ca,0.0,0.0,7911.0,7249560.0
29-05-2020 09:45,z9Y9gH1T5YWrNuG,8649.142857,846.1428571,1377.571429,7113739.571
23-05-2020 19:45,3PZuoBAID5Wc2HD,0.0,0.0,8652.0,7053268.0
16-05-2020 02:30,ih0vzX44oOqAx2f,0.0,0.0,0.0,6191360.0
20-05-2020 10:00,bvBOhCH3iADSZry,9438.375,923.175,1786.0,6348693.0
18-05-2020 18:15,adLQvlD726eNBSB,191.0,18.4,5504.285714,6297814.286
02-06-2020 12:15,zBIq5rxdHJRwDNY,9530.857143,931.7285714,3617.714286,6472650.714
24-05-2020 19:00,zBIq5rxdHJRwDNY,0.0,0.0,7277.0,6411758.0
29-05-2020 11:00,bvBOhCH3iADSZry,10364.71429,1012.757143,2467.857143,6416052.857
12-06-2020 03:15,VHMLBKoKgIrUVDU,0.0,0.0,0.0,7415011.0
17-06-2020 22:45,wCURE6d3bPkepu2,0.0,0.0,5883.0,7028601.0
24-05-2020 23:45,uHbuxQJl8lW7ozc,0.0,0.0,8106.0,7111852.0
14-06-2020 19:15,ZnxXDlPa8U1GXgE,0.0,0.0,7404.0,6751747.0
09-06-2020 23:45,1IF53ai7Xc0U56Y,0.0,0.0,8189.0,6380022.0
15-05-2020 12:45,z9Y9gH1T5YWrNuG,9541.285714,931.9571429,3489.714286,7011355.714
19-05-2020 10:00,sjndEbLyjtCKgGv,6086.571429,596.4285714,1352.571429,7043757.571
29-05-2020 12:45,rGa61gmuvPhdLxV,12530.375,1221.725,4736.875,7219551.875
21-05-2020 19:30,bvBOhCH3iADSZry,0.0,0.0,7110.0,6362148.0
05-06-2020 08:00,1BY6WEcLGh8j5v7,2653.5,260.3625,266.5,6405646.5
22-05-2020 08:00,uHbuxQJl8lW7ozc,4770.25,467.975,459.25,7088435.25
08-06-2020 01:15,ZoEaEvLYb1n2sOq,0.0,0.0,0.0,7273453.0
28-05-2020 09:45,sjndEbLyjtCKgGv,9555.285714,934.4428571,1726.714286,7114291.714
10-06-2020 20:15,WRmjgnKYAwPKWDb,0.0,0.0,6389.0,7227367.0
26-05-2020 16:45,3PZuoBAID5Wc2HD,5792.428571,567.6714286,7837.142857,7078473.143
31-05-2020 13:15,WRmjgnKYAwPKWDb,7018.0,686.3571429,4195.285714,7152224.286
30-05-2020 09:00,wCURE6d3bPkepu2,3766.428571,370.1285714,645.4285714,6896525.429
01-06-2020 21:00,VHMLBKoKgIrUVDU,0.0,0.0,5909.0,7340314.0
22-05-2020 22:30,7JYdWkrLSPkdwr4,0.0,0.0,7135.0,7658770.0
30-05-2020 03:30,ZnxXDlPa8U1GXgE,0.0,0.0,0.0,6636066.0
23-05-2020 10:15,McdE0feGgRqW7Ca,8906.428571,870.9,2155.428571,7218107.429
15-05-2020 15:00,ZoEaEvLYb1n2sOq,5021.857143,492.6285714,5140.714286,7103239.714
12-06-2020 09:30,ZnxXDlPa8U1GXgE,5331.75,522.6375,757.625,6730659.625
05-06-2020 18:30,bvBOhCH3iADSZry,84.28571429,8.142857143,7064.428571,6467250.429
09-06-2020 14:45,uHbuxQJl8lW7ozc,8869.857143,867.5714286,6568.857143,7232122.857
16-05-2020 05:45,VHMLBKoKgIrUVDU,0.0,0.0,0.0,7212666.0
27-05-2020 03:00,1IF53ai7Xc0U56Y,0.0,0.0,0.0,6274638.0
06-06-2020 12:15,adLQvlD726eNBSB,8437.5,824.5125,3883.125,6442311.125
20-05-2020 05:00,zBIq5rxdHJRwDNY,0.0,0.0,0.0,6371971.0
19-05-2020 14:15,pkci93gMrogZuBj,9002.375,880.45,5053.875,7199464.875
05-06-2020 19:45,YxYtjZvoooNbGkE,0.0,0.0,7603.0,7342489.0
15-06-2020 23:15,iCRJl6heRkivqQ3,0.0,0.0,6777.0,7414001.0
10-06-2020 09:30,bvBOhCH3iADSZry,7761.75,759.6875,1146.5,6494493.5
15-06-2020 22:30,pkci93gMrogZuBj,0.0,0.0,6795.0,7403217.0
24-05-2020 03:45,7JYdWkrLSPkdwr4,0.0,0.0,0.0,7667220.0
07-06-2020 19:15,pkci93gMrogZuBj,0.0,0.0,8214.0,7346132.0
16-06-2020 15:45,adLQvlD726eNBSB,4981.0,488.4857143,5817.142857,6517819.143
30-05-2020 19:30,3PZuoBAID5Wc2HD,0.0,0.0,7299.0,7109488.0
04-06-2020 02:15,bvBOhCH3iADSZry,0.0,0.0,0.0,6452724.0
03-06-2020 21:00,adLQvlD726eNBSB,0.0,0.0,7991.0,6422267.0
05-06-2020 22:00,zVJPv84UY57bAof,0.0,0.0,7817.0,7279090.0
03-06-2020 10:15,zVJPv84UY57bAof,6206.625,608.075,1539.75,7256756.75
28-05-2020 00:45,sjndEbLyjtCKgGv,0.0,0.0,0.0,7112565.0
06-06-2020 01:45,YxYtjZvoooNbGkE,0.0,0.0,0.0,7342489.0
11-06-2020 05:45,uHbuxQJl8lW7ozc,0.0,0.0,0.0,7240508.0
28-05-2020 01:30,ih0vzX44oOqAx2f,0.0,0.0,0.0,6278855.0
24-05-2020 14:00,zBIq5rxdHJRwDNY,10388.14286,1015.528571,5500.142857,6409981.143
03-06-2020 01:00,YxYtjZvoooNbGkE,0.0,0.0,0.0,7318929.0
11-06-2020 01:30,uHbuxQJl8lW7ozc,0.0,0.0,0.0,7240508.0
04-06-2020 10:00,sjndEbLyjtCKgGv,9804.714286,957.6142857,1621.285714,7164914.286
26-05-2020 12:15,WRmjgnKYAwPKWDb,11345.625,1106.9625,4419.125,7114415.125
17-06-2020 19:15,1IF53ai7Xc0U56Y,0.0,0.0,6034.0,6433566.0
31-05-2020 13:15,adLQvlD726eNBSB,7320.428571,715.8285714,4295.714286,6399066.714
08-06-2020 00:00,1BY6WEcLGh8j5v7,0.0,0.0,752.5714286,6423750.0
16-06-2020 18:30,1BY6WEcLGh8j5v7,75.42857143,7.271428571,5847.857143,6479797.857
19-05-2020 17:30,VHMLBKoKgIrUVDU,1270.625,123.6125,6959.5,7239513.5
30-05-2020 08:00,3PZuoBAID5Wc2HD,3186.571429,312.9571429,299.4285714,7102488.429
15-05-2020 11:15,1IF53ai7Xc0U56Y,6082.375,595.925,2194.125,6185839.125
25-05-2020 22:45,bvBOhCH3iADSZry,0.0,0.0,8124.0,6392336.0
09-06-2020 08:00,YxYtjZvoooNbGkE,5102.375,500.2625,369.5,7365679.5
29-05-2020 14:15,bvBOhCH3iADSZry,8123.714286,795.0571429,5617.0,6419202.0
24-05-2020 00:00,z9Y9gH1T5YWrNuG,0.0,0.0,2135.75,7072762.0
14-06-2020 17:00,1IF53ai7Xc0U56Y,1842.125,180.575,7364.5,6414245.5
10-06-2020 19:00,YxYtjZvoooNbGkE,0.0,0.0,6419.0,7379687.0
18-05-2020 03:45,1BY6WEcLGh8j5v7,0.0,0.0,0.0,6278650.0
31-05-2020 01:45,wCURE6d3bPkepu2,0.0,0.0,0.0,6903158.0
18-05-2020 17:30,1IF53ai7Xc0U56Y,1166.625,113.45,5406.125,6209759.125
10-06-2020 13:30,z9Y9gH1T5YWrNuG,11703.71429,1141.8,4542.857143,7203595.857
04-06-2020 07:00,VHMLBKoKgIrUVDU,1938.285714,190.0,80.57142857,7355741.571
07-06-2020 13:45,1BY6WEcLGh8j5v7,1134.714286,111.4857143,3636.571429,6422118.571
31-05-2020 10:45,iCRJl6heRkivqQ3,9312.857143,910.0428571,2199.428571,7300797.429
19-05-2020 11:00,McdE0feGgRqW7Ca,11280.14286,1100.642857,2179.714286,7187270.714
11-06-2020 20:15,McdE0feGgRqW7Ca,0.0,0.0,5750.0,7367373.0
23-05-2020 02:15,WRmjgnKYAwPKWDb,0.0,0.0,0.0,7084595.0
21-05-2020 15:15,WRmjgnKYAwPKWDb,5600.0,548.9714286,6830.142857,7076555.143
15-05-2020 05:45,ih0vzX44oOqAx2f,0.0,0.0,0.0,6185184.0
21-05-2020 11:00,VHMLBKoKgIrUVDU,12141.28571,1184.542857,2789.714286,7251313.714
27-05-2020 12:15,McdE0feGgRqW7Ca,10288.71429,1005.528571,3983.428571,7253543.429
02-06-2020 08:15,WRmjgnKYAwPKWDb,8129.5,795.5875,410.625,7160110.625
22-05-2020 12:15,uHbuxQJl8lW7ozc,11632.125,1135.1875,3580.0,7091556.0
15-06-2020 15:45,zVJPv84UY57bAof,5856.857143,573.9285714,6253.428571,7350533.429
07-06-2020 00:30,wCURE6d3bPkepu2,0.0,0.0,0.0,6953094.0
22-05-2020 05:30,VHMLBKoKgIrUVDU,0.0,0.0,0.0,7256361.0
17-06-2020 18:00,wCURE6d3bPkepu2,600.7142857,58.14285714,5866.571429,7028584.571
23-05-2020 01:15,bvBOhCH3iADSZry,0.0,0.0,0.0,6368908.0
10-06-2020 13:15,WRmjgnKYAwPKWDb,7635.428571,746.9142857,4277.142857,7225255.143
16-06-2020 21:30,zVJPv84UY57bAof,0.0,0.0,6262.0,7357362.0
17-05-2020 10:45,bvBOhCH3iADSZry,11185.42857,1093.014286,2349.0,6330997.0
15-06-2020 06:15,uHbuxQJl8lW7ozc,460.5714286,44.55714286,6.714285714,7267843.714
18-05-2020 15:30,z9Y9gH1T5YWrNuG,7624.428571,746.3857143,4522.142857,7032748.143
16-05-2020 08:30,uHbuxQJl8lW7ozc,6091.714286,596.8857143,578.8571429,7045646.857
11-06-2020 13:45,wCURE6d3bPkepu2,6442.714286,631.1571429,3502.0,6985905.0
16-06-2020 07:30,rGa61gmuvPhdLxV,2809.0,275.4875,168.125,7344872.125
29-05-2020 17:00,uHbuxQJl8lW7ozc,3333.25,327.525,8135.625,7151767.625
05-06-2020 02:45,1BY6WEcLGh8j5v7,0.0,0.0,0.0,6405380.0
16-06-2020 01:15,uHbuxQJl8lW7ozc,0.0,0.0,0.0,7274743.0
19-05-2020 22:30,sjndEbLyjtCKgGv,0.0,0.0,6879.0,7049284.0
30-05-2020 21:45,1IF53ai7Xc0U56Y,0.0,0.0,7332.0,6305543.0
02-06-2020 22:15,rGa61gmuvPhdLxV,0.0,0.0,7361.0,7249330.0
24-05-2020 22:45,1BY6WEcLGh8j5v7,0.0,0.0,7537.0,6327940.0
21-05-2020 15:00,wCURE6d3bPkepu2,10640.75,1039.75,6803.75,6831047.75
08-06-2020 08:00,zBIq5rxdHJRwDNY,3937.142857,386.7857143,341.5714286,6515252.571
02-06-2020 12:45,VHMLBKoKgIrUVDU,11171.28571,1091.085714,4123.857143,7344437.857
23-05-2020 17:45,iCRJl6heRkivqQ3,1601.142857,156.7857143,8560.285714,7243153.286
29-05-2020 19:30,3PZuoBAID5Wc2HD,0.0,0.0,8210.0,7102189.0
27-05-2020 13:15,zBIq5rxdHJRwDNY,4561.285714,447.5,4418.0,6432120.0
10-06-2020 11:30,VHMLBKoKgIrUVDU,7337.285714,717.9571429,2566.571429,7405382.571
25-05-2020 14:45,7JYdWkrLSPkdwr4,8959.142857,876.3,7364.857143,7682605.857
27-05-2020 21:30,sjndEbLyjtCKgGv,0.0,0.0,0.0,7112565.0
08-06-2020 18:00,3PZuoBAID5Wc2HD,749.75,72.7,8487.0,7175711.0
02-06-2020 08:45,sjndEbLyjtCKgGv,7521.125,736.2625,880.75,7148888.75
23-05-2020 10:30,VHMLBKoKgIrUVDU,9013.625,881.2875,2392.0,7266113.0
21-05-2020 11:45,VHMLBKoKgIrUVDU,12288.75,1198.8375,3727.875,7252251.875
27-05-2020 20:00,rGa61gmuvPhdLxV,0.0,0.0,0.0,7206549.0
11-06-2020 21:45,zBIq5rxdHJRwDNY,0.0,0.0,5647.0,6543550.0
07-06-2020 16:30,7JYdWkrLSPkdwr4,3298.428571,323.6857143,7631.142857,7778088.143
16-05-2020 22:45,uHbuxQJl8lW7ozc,0.0,0.0,6271.0,7051339.0
06-06-2020 05:15,McdE0feGgRqW7Ca,0.0,0.0,0.0,7324681.0
05-06-2020 22:45,uHbuxQJl8lW7ozc,0.0,0.0,7838.0,7202373.0
02-06-2020 23:30,ZoEaEvLYb1n2sOq,0.0,0.0,7287.0,7235727.0
23-05-2020 04:30,McdE0feGgRqW7Ca,0.0,0.0,0.0,7215952.0
16-05-2020 15:45,ZoEaEvLYb1n2sOq,3813.285714,374.7142857,5921.0,7110281.0
08-06-2020 13:00,1BY6WEcLGh8j5v7,9730.875,950.2625,4726.125,6428476.125
23-05-2020 11:30,7JYdWkrLSPkdwr4,13032.14286,1270.657143,3351.428571,7662121.429
17-06-2020 10:00,WRmjgnKYAwPKWDb,6264.0,613.6857143,1284.857143,7268863.857
02-06-2020 16:00,1BY6WEcLGh8j5v7,6637.0,649.9571429,6506.142857,6389945.143
07-06-2020 11:15,sjndEbLyjtCKgGv,13735.0,1339.171429,2768.428571,7188424.429
15-06-2020 08:30,wCURE6d3bPkepu2,7820.125,765.4625,734.875,7010432.875
02-06-2020 02:30,YxYtjZvoooNbGkE,0.0,0.0,0.0,7311516.0
18-05-2020 05:30,YxYtjZvoooNbGkE,0.0,0.0,0.0,7200229.0
28-05-2020 01:45,7JYdWkrLSPkdwr4,0.0,0.0,0.0,7698550.0
31-05-2020 21:15,1IF53ai7Xc0U56Y,0.0,0.0,5889.0,6311432.0
06-06-2020 11:15,ZoEaEvLYb1n2sOq,10718.0,1046.125,2874.75,7261949.75
17-06-2020 07:45,zBIq5rxdHJRwDNY,3678.0,361.4857143,211.1428571,6577763.143
20-05-2020 03:45,3PZuoBAID5Wc2HD,0.0,0.0,0.0,7020512.0
16-06-2020 08:45,sjndEbLyjtCKgGv,5876.0,575.8,735.0,7250274.0
16-05-2020 12:45,bvBOhCH3iADSZry,10950.42857,1070.171429,3603.714286,6326113.714
29-05-2020 16:30,pkci93gMrogZuBj,4252.75,417.5625,7930.875,7281188.875
23-05-2020 02:15,1BY6WEcLGh8j5v7,0.0,0.0,0.0,6312437.0
02-06-2020 00:15,z9Y9gH1T5YWrNuG,0.0,0.0,0.0,7139828.0
20-05-2020 05:30,sjndEbLyjtCKgGv,0.0,0.0,0.0,7049284.0
09-06-2020 04:30,1IF53ai7Xc0U56Y,0.0,0.0,0.0,6371833.0
25-05-2020 16:15,pkci93gMrogZuBj,4224.0,414.825,8581.75,7250288.75
01-06-2020 22:45,YxYtjZvoooNbGkE,0.0,0.0,5777.0,7311516.0
02-06-2020 19:00,bvBOhCH3iADSZry,0.0,0.0,6842.0,6445487.0
10-06-2020 17:45,bvBOhCH3iADSZry,1090.714286,106.0285714,5836.571429,6499183.571
18-05-2020 18:15,zVJPv84UY57bAof,189.8571429,18.31428571,5387.428571,7141402.429
29-05-2020 10:30,VHMLBKoKgIrUVDU,12421.75,1211.4375,2162.5,7315049.5
17-06-2020 19:15,ih0vzX44oOqAx2f,0.0,0.0,5758.0,6426129.0
01-06-2020 08:15,YxYtjZvoooNbGkE,5956.0,583.6625,632.25,7306371.25
15-05-2020 13:30,iCRJl6heRkivqQ3,8068.714286,789.7857143,4039.857143,7182031.857
15-06-2020 18:45,bvBOhCH3iADSZry,0.0,0.0,6192.0,6527792.0
02-06-2020 20:15,zBIq5rxdHJRwDNY,0.0,0.0,7421.0,6476454.0
19-05-2020 05:30,uHbuxQJl8lW7ozc,0.0,0.0,0.0,7064201.0
03-06-2020 07:15,McdE0feGgRqW7Ca,2222.375,217.8875,106.5,7300465.5
10-06-2020 04:45,rGa61gmuvPhdLxV,0.0,0.0,0.0,7304204.0
16-05-2020 14:15,zBIq5rxdHJRwDNY,8731.0,854.25,4932.75,6350708.75
05-06-2020 12:30,WRmjgnKYAwPKWDb,3676.571429,361.3428571,3837.857143,7186502.857
18-05-2020 05:30,pkci93gMrogZuBj,0.0,0.0,0.0,7189047.0
16-06-2020 12:30,zVJPv84UY57bAof,6688.285714,654.9714286,3621.428571,7354721.429
16-06-2020 04:30,zBIq5rxdHJRwDNY,0.0,0.0,0.0,6571833.0
01-06-2020 02:30,iCRJl6heRkivqQ3,0.0,0.0,0.0,7304567.0
03-06-2020 00:15,pkci93gMrogZuBj,0.0,0.0,0.0,7307650.0
03-06-2020 02:15,1BY6WEcLGh8j5v7,0.0,0.0,0.0,6390468.0
22-05-2020 14:00,7JYdWkrLSPkdwr4,10066.5,982.3375,5324.625,7656959.625
15-06-2020 12:30,McdE0feGgRqW7Ca,5675.125,556.2,4261.5,7393619.5
25-05-2020 18:30,VHMLBKoKgIrUVDU,28.0,2.7,9013.0,7289525.0
28-05-2020 20:15,z9Y9gH1T5YWrNuG,0.0,0.0,8477.0,7112362.0
15-06-2020 02:15,WRmjgnKYAwPKWDb,0.0,0.0,0.0,7254584.0
31-05-2020 12:00,WRmjgnKYAwPKWDb,6737.125,659.675,3105.0,7151134.0
18-05-2020 17:00,wCURE6d3bPkepu2,2249.375,220.55,5263.375,6808263.375
26-05-2020 04:45,VHMLBKoKgIrUVDU,0.0,0.0,0.0,7289525.0
11-06-2020 14:00,3PZuoBAID5Wc2HD,6806.857143,666.6428571,3731.428571,7194200.429
08-06-2020 01:00,ih0vzX44oOqAx2f,0.0,0.0,0.0,6358692.0
15-05-2020 14:45,iCRJl6heRkivqQ3,7290.428571,713.2714286,5114.142857,7183106.143
16-06-2020 13:30,bvBOhCH3iADSZry,7705.0,754.1857143,3992.142857,6531784.143
01-06-2020 09:45,uHbuxQJl8lW7ozc,6909.625,676.525,1554.75,7166907.75
09-06-2020 15:45,McdE0feGgRqW7Ca,7842.25,767.675,7317.25,7354099.25
26-05-2020 21:15,YxYtjZvoooNbGkE,0.0,0.0,0.0,7269333.0
23-05-2020 17:00,YxYtjZvoooNbGkE,3389.5,333.2625,8309.25,7244430.25
30-05-2020 02:00,ih0vzX44oOqAx2f,0.0,0.0,0.0,6295121.0
17-06-2020 15:45,bvBOhCH3iADSZry,1302.285714,126.9571429,5079.857143,6538628.857
26-05-2020 21:30,pkci93gMrogZuBj,0.0,0.0,0.0,7258294.0
06-06-2020 22:00,uHbuxQJl8lW7ozc,0.0,0.0,0.0,7208855.0
23-05-2020 07:45,McdE0feGgRqW7Ca,3715.571429,365.1714286,233.5714286,7216185.571
08-06-2020 12:00,pkci93gMrogZuBj,10012.5,978.9375,4044.0,7350176.0
15-05-2020 14:30,zBIq5rxdHJRwDNY,7498.625,733.3875,4924.0,6344304.0
06-06-2020 03:00,z9Y9gH1T5YWrNuG,0.0,0.0,0.0,7171001.0
15-05-2020 05:15,bvBOhCH3iADSZry,0.0,0.0,0.0,6316803.0
29-05-2020 11:00,iCRJl6heRkivqQ3,11797.0,1150.928571,2724.571429,7285761.571
13-06-2020 19:30,7JYdWkrLSPkdwr4,0.0,0.0,8435.0,7820852.0
08-06-2020 21:00,7JYdWkrLSPkdwr4,0.0,0.0,8283.0,7786793.0
13-06-2020 11:15,z9Y9gH1T5YWrNuG,12947.0,1262.357143,3128.714286,7219995.714
12-06-2020 05:30,pkci93gMrogZuBj,0.0,0.0,0.0,7374956.0
02-06-2020 05:45,McdE0feGgRqW7Ca,0.0,0.0,0.0,7292752.0
14-06-2020 23:00,1BY6WEcLGh8j5v7,0.0,0.0,4012.0,6467675.0
12-06-2020 04:15,zBIq5rxdHJRwDNY,0.0,0.0,0.0,6543550.0
07-06-2020 16:45,ZnxXDlPa8U1GXgE,5098.75,499.8375,7861.75,6700915.75
29-05-2020 21:15,VHMLBKoKgIrUVDU,0.0,0.0,8172.0,7321059.0
01-06-2020 23:00,zBIq5rxdHJRwDNY,0.0,0.0,5794.0,6469033.0
02-06-2020 06:00,pkci93gMrogZuBj,43.57142857,4.2,0.428571429,7300300.429
09-06-2020 17:00,z9Y9gH1T5YWrNuG,3238.285714,318.3285714,7401.714286,7198825.714
03-06-2020 12:15,ZoEaEvLYb1n2sOq,9980.0,975.8125,3471.875,7239198.875
25-05-2020 01:00,ih0vzX44oOqAx2f,0.0,0.0,0.0,6256494.0
26-05-2020 19:30,7JYdWkrLSPkdwr4,0.0,0.0,0.0,7691912.0
25-05-2020 14:00,zBIq5rxdHJRwDNY,11030.875,1078.0,6291.5,6418049.5
08-06-2020 09:45,ZoEaEvLYb1n2sOq,11379.375,1110.9,1575.125,7275028.125
10-06-2020 17:45,rGa61gmuvPhdLxV,1207.0,117.4,6536.142857,7310740.143
19-05-2020 13:00,YxYtjZvoooNbGkE,9759.0,953.9285714,3889.142857,7209487.143
06-06-2020 04:45,1BY6WEcLGh8j5v7,0.0,0.0,0.0,6412542.0
04-06-2020 21:30,uHbuxQJl8lW7ozc,0.0,0.0,0.0,7194535.0
29-05-2020 08:45,wCURE6d3bPkepu2,5532.285714,542.2285714,660.4285714,6888369.429
15-05-2020 10:00,WRmjgnKYAwPKWDb,6619.25,648.275,1329.75,7030002.75
30-05-2020 16:45,bvBOhCH3iADSZry,3833.857143,376.7571429,6391.714286,6427414.714
14-06-2020 03:30,uHbuxQJl8lW7ozc,0.0,0.0,0.0,7260531.0
24-05-2020 07:15,rGa61gmuvPhdLxV,2318.375,227.3125,124.0,7175417.0
10-06-2020 03:45,McdE0feGgRqW7Ca,0.0,0.0,0.0,7355017.0
28-05-2020 06:30,pkci93gMrogZuBj,740.1428571,71.75714286,20.28571429,7265005.286
19-05-2020 20:00,VHMLBKoKgIrUVDU,0.0,0.0,6988.0,7239542.0
04-06-2020 06:30,wCURE6d3bPkepu2,718.75,69.65,19.375,6930795.375
08-06-2020 00:30,McdE0feGgRqW7Ca,0.0,0.0,0.0,7338202.0
25-05-2020 02:30,ih0vzX44oOqAx2f,0.0,0.0,0.0,6256494.0
08-06-2020 05:15,pkci93gMrogZuBj,0.0,0.0,0.0,7346132.0
05-06-2020 11:00,ZnxXDlPa8U1GXgE,9266.0,905.5714286,2558.428571,6681620.429
24-05-2020 04:30,uHbuxQJl8lW7ozc,0.0,0.0,0.0,7103746.0
16-06-2020 01:45,ZoEaEvLYb1n2sOq,0.0,0.0,0.0,7329691.0
27-05-2020 12:15,wCURE6d3bPkepu2,9060.125,885.7875,3907.625,6876392.625
26-05-2020 17:15,uHbuxQJl8lW7ozc,1061.375,103.2875,7793.25,7128489.25
14-06-2020 08:30,1BY6WEcLGh8j5v7,4431.0,451.2857143,567.1428571,6464230.143
05-06-2020 20:45,rGa61gmuvPhdLxV,0.0,0.0,7741.0,7273090.0
04-06-2020 08:30,bvBOhCH3iADSZry,5721.142857,560.6857143,599.7142857,6453323.714
11-06-2020 06:30,3PZuoBAID5Wc2HD,370.1428571,35.75714286,7.857142857,7190476.857
09-06-2020 22:45,1BY6WEcLGh8j5v7,0.0,0.0,7456.0,6439070.0
19-05-2020 05:00,iCRJl6heRkivqQ3,0.0,0.0,0.0,7203767.0
14-06-2020 18:45,WRmjgnKYAwPKWDb,0.0,0.0,7405.0,7254584.0
13-06-2020 13:00,pkci93gMrogZuBj,9375.0,915.7285714,5228.571429,7386035.571
22-05-2020 16:45,wCURE6d3bPkepu2,1958.571429,192.0,7035.285714,6839090.286
16-06-2020 08:15,WRmjgnKYAwPKWDb,4653.125,456.7375,482.875,7261797.875
07-06-2020 21:30,zBIq5rxdHJRwDNY,0.0,0.0,8183.0,6514911.0
16-06-2020 08:45,ZnxXDlPa8U1GXgE,5955.75,583.5875,743.75,6759247.75
15-05-2020 15:15,ZnxXDlPa8U1GXgE,6732.25,659.3,5311.125,6527483.125
13-06-2020 02:15,3PZuoBAID5Wc2HD,0.0,0.0,0.0,7202086.0
16-06-2020 10:30,ZnxXDlPa8U1GXgE,8753.0,856.3714286,2165.285714,6760669.286
11-06-2020 08:15,7JYdWkrLSPkdwr4,2874.571429,281.9714286,255.4285714,7801346.429
26-05-2020 05:30,adLQvlD726eNBSB,0.0,0.0,0.0,6355294.0
14-06-2020 11:45,WRmjgnKYAwPKWDb,5892.714286,577.2428571,3330.428571,7250509.429
28-05-2020 03:30,wCURE6d3bPkepu2,0.0,0.0,0.0,6879195.0
20-05-2020 10:00,uHbuxQJl8lW7ozc,10300.375,1006.9875,1909.0,7073107.0
07-06-2020 16:00,pkci93gMrogZuBj,7370.571429,721.5857143,7448.571429,7345366.571
14-06-2020 04:00,z9Y9gH1T5YWrNuG,0.0,0.0,0.0,7225230.0
13-06-2020 03:15,1IF53ai7Xc0U56Y,0.0,0.0,0.0,6398227.0
26-05-2020 09:30,YxYtjZvoooNbGkE,9512.857143,930.3714286,1487.571429,7262951.571
24-05-2020 20:15,wCURE6d3bPkepu2,0.0,0.0,7961.0,6855791.0
17-06-2020 08:15,ZnxXDlPa8U1GXgE,3856.125,378.9125,388.5,6765196.5
09-06-2020 03:00,wCURE6d3bPkepu2,0.0,0.0,0.0,6967970.0
09-06-2020 08:00,pkci93gMrogZuBj,5131.714286,503.1571429,370.8571429,7354846.857
26-05-2020 18:15,bvBOhCH3iADSZry,0.0,0.0,7364.0,6399700.0
15-05-2020 22:30,ih0vzX44oOqAx2f,0.0,0.0,0.0,6191360.0
28-05-2020 05:00,VHMLBKoKgIrUVDU,0.0,0.0,0.0,7304378.0
30-05-2020 12:15,rGa61gmuvPhdLxV,10397.0,1015.028571,2885.285714,7225959.286
27-05-2020 16:15,1IF53ai7Xc0U56Y,4969.375,487.05,6411.125,6281049.125
22-05-2020 08:00,adLQvlD726eNBSB,5202.25,509.8875,521.0,6322094.0
17-06-2020 04:15,zBIq5rxdHJRwDNY,0.0,0.0,0.0,6577552.0
20-05-2020 01:45,zBIq5rxdHJRwDNY,0.0,0.0,0.0,6371971.0
08-06-2020 01:15,rGa61gmuvPhdLxV,0.0,0.0,0.0,7287673.0
25-05-2020 06:30,3PZuoBAID5Wc2HD,811.25,78.675,18.75,7061586.75
12-06-2020 13:00,7JYdWkrLSPkdwr4,7849.285714,768.3714286,3358.0,7810022.0
25-05-2020 11:45,ZnxXDlPa8U1GXgE,12627.57143,1231.185714,3956.857143,6599712.857
17-06-2020 22:45,1IF53ai7Xc0U56Y,0.0,0.0,6034.0,6433566.0
17-05-2020 06:15,McdE0feGgRqW7Ca,137.75,13.2875,1.125,7172022.125
19-05-2020 01:30,7JYdWkrLSPkdwr4,0.0,0.0,0.0,7628372.0
06-06-2020 17:30,YxYtjZvoooNbGkE,455.8571429,44.07142857,6307.857143,7348796.857
27-05-2020 21:30,adLQvlD726eNBSB,0.0,0.0,6857.0,6370373.0
26-05-2020 13:45,z9Y9gH1T5YWrNuG,11842.0,1155.028571,5805.0,7095245.0
22-05-2020 14:00,adLQvlD726eNBSB,9574.5,935.2375,5500.25,6327073.25
07-06-2020 23:15,McdE0feGgRqW7Ca,0.0,0.0,7042.0,7338202.0
24-05-2020 04:15,z9Y9gH1T5YWrNuG,0.0,0.0,0.0,7072762.0
06-06-2020 18:15,bvBOhCH3iADSZry,88.28571429,8.514285714,5872.571429,6473123.571
12-06-2020 15:45,zBIq5rxdHJRwDNY,4649.125,456.1875,5293.75,6548843.75
27-05-2020 09:45,rGa61gmuvPhdLxV,5913.142857,579.5428571,1622.714286,7201491.714
08-06-2020 17:45,bvBOhCH3iADSZry,1209.375,117.75,7649.75,6485942.75
14-06-2020 07:00,McdE0feGgRqW7Ca,2002.625,196.2,72.0,7381995.0
28-05-2020 06:15,7JYdWkrLSPkdwr4,451.0,43.6,8.0,7698558.0
28-05-2020 03:15,ZoEaEvLYb1n2sOq,0.0,0.0,0.0,7193291.0
24-05-2020 23:15,bvBOhCH3iADSZry,0.0,0.0,7440.0,6384212.0
05-06-2020 21:45,VHMLBKoKgIrUVDU,0.0,0.0,0.0,7371554.0
07-06-2020 04:30,ZoEaEvLYb1n2sOq,0.0,0.0,0.0,7265368.0
14-06-2020 17:30,ih0vzX44oOqAx2f,1023.875,99.575,7124.25,6407642.25
11-06-2020 09:30,ih0vzX44oOqAx2f,4373.25,429.5375,688.25,6381720.25
16-05-2020 15:15,z9Y9gH1T5YWrNuG,5840.428571,572.2857143,5780.428571,7020032.429
06-06-2020 05:00,1IF53ai7Xc0U56Y,0.0,0.0,0.0,6348557.0
23-05-2020 12:00,WRmjgnKYAwPKWDb,12189.5,1188.8375,3982.875,7088577.875
05-06-2020 09:15,zVJPv84UY57bAof,8761.75,857.0,1072.75,7272345.75
03-06-2020 20:30,zVJPv84UY57bAof,0.0,0.0,7836.0,7263053.0
23-05-2020 20:00,iCRJl6heRkivqQ3,0.0,0.0,8627.0,7243220.0
20-05-2020 18:15,zBIq5rxdHJRwDNY,367.4285714,35.5,8885.714286,6380856.714
18-05-2020 21:30,zBIq5rxdHJRwDNY,0.0,0.0,5390.0,6365047.0
16-06-2020 21:15,uHbuxQJl8lW7ozc,0.0,0.0,6292.0,7281035.0
27-05-2020 11:45,iCRJl6heRkivqQ3,10145.42857,990.4285714,3324.857143,7271320.857
05-06-2020 00:15,1IF53ai7Xc0U56Y,0.0,0.0,0.0,6340855.0
27-05-2020 01:15,iCRJl6heRkivqQ3,0.0,0.0,0.0,7267996.0
08-06-2020 09:45,1IF53ai7Xc0U56Y,11880.375,1159.275,1686.625,6365024.625
17-05-2020 07:30,ZoEaEvLYb1n2sOq,2770.625,272.0375,154.375,7110898.375
09-06-2020 11:30,iCRJl6heRkivqQ3,8677.0,847.8,3555.285714,7368510.286
23-05-2020 10:45,pkci93gMrogZuBj,12421.28571,1211.528571,2540.428571,7227740.429
20-05-2020 02:00,1IF53ai7Xc0U56Y,0.0,0.0,0.0,6216430.0
17-06-2020 16:30,ih0vzX44oOqAx2f,1877.714286,183.9714286,5559.142857,6425930.143
28-05-2020 17:00,1BY6WEcLGh8j5v7,3109.0,305.3714286,7818.714286,6357651.714
12-06-2020 10:30,ih0vzX44oOqAx2f,7952.375,778.3625,1362.375,6387915.375
10-06-2020 03:00,McdE0feGgRqW7Ca,0.0,0.0,0.0,7355017.0
07-06-2020 00:30,VHMLBKoKgIrUVDU,0.0,0.0,0.0,7377989.0
10-06-2020 22:00,wCURE6d3bPkepu2,0.0,0.0,6423.0,6982403.0
14-06-2020 23:15,7JYdWkrLSPkdwr4,0.0,0.0,7306.0,7828158.0
16-06-2020 18:00,zBIq5rxdHJRwDNY,670.375,64.925,5701.75,6577534.75
18-05-2020 05:45,YxYtjZvoooNbGkE,0.0,0.0,0.0,7200229.0
20-05-2020 01:30,YxYtjZvoooNbGkE,0.0,0.0,0.0,7212476.0
10-06-2020 09:15,VHMLBKoKgIrUVDU,6769.0,662.9375,1075.25,7403891.25
15-05-2020 07:15,iCRJl6heRkivqQ3,2036.428571,199.6285714,124.4285714,7178116.429
05-06-2020 06:30,7JYdWkrLSPkdwr4,632.25,61.2,17.25,7756638.25
04-06-2020 07:15,3PZuoBAID5Wc2HD,2763.857143,271.1571429,144.8571429,7136632.857
03-06-2020 02:00,rGa61gmuvPhdLxV,0.0,0.0,0.0,7249330.0
09-06-2020 05:15,wCURE6d3bPkepu2,0.0,0.0,0.0,6967970.0
10-06-2020 00:45,7JYdWkrLSPkdwr4,0.0,0.0,0.0,7794729.0
03-06-2020 14:30,adLQvlD726eNBSB,8817.0,862.3,6069.125,6420345.125
21-05-2020 16:00,pkci93gMrogZuBj,3936.625,386.7875,7389.5,7217587.5
17-06-2020 16:30,ZnxXDlPa8U1GXgE,1935.0,189.6571429,5727.571429,6770535.571
24-05-2020 06:30,iCRJl6heRkivqQ3,720.125,69.775,20.125,7243240.125
18-05-2020 17:45,YxYtjZvoooNbGkE,726.125,70.4,5346.5,7205575.5
05-06-2020 09:30,ih0vzX44oOqAx2f,9787.428571,956.6142857,1241.714286,6338260.714
03-06-2020 11:30,ih0vzX44oOqAx2f,10169.625,993.85,2640.0,6323951.0
23-05-2020 21:30,VHMLBKoKgIrUVDU,0.0,0.0,8611.0,7272332.0
16-05-2020 11:00,WRmjgnKYAwPKWDb,9206.714286,900.4714286,2453.0,7037268.0
25-05-2020 16:00,WRmjgnKYAwPKWDb,7665.571429,750.4285714,8505.0,7109622.0
16-05-2020 11:15,VHMLBKoKgIrUVDU,8020.875,785.0,2636.625,7215302.625
19-05-2020 04:15,McdE0feGgRqW7Ca,0.0,0.0,0.0,7185091.0
15-05-2020 10:15,sjndEbLyjtCKgGv,8947.125,874.1625,1574.75,7018406.75
04-06-2020 09:15,ih0vzX44oOqAx2f,6185.75,606.0125,1082.25,6330092.25
28-05-2020 03:00,WRmjgnKYAwPKWDb,0.0,0.0,0.0,7124538.0
16-05-2020 15:15,wCURE6d3bPkepu2,5890.142857,577.1571429,5830.714286,6794757.714
20-05-2020 06:30,z9Y9gH1T5YWrNuG,699.2857143,67.77142857,20.28571429,7040485.286
25-05-2020 07:00,YxYtjZvoooNbGkE,1700.0,166.5285714,72.14285714,7252723.143
02-06-2020 07:45,YxYtjZvoooNbGkE,2361.0,231.525,205.75,7311721.75
03-06-2020 16:00,ZnxXDlPa8U1GXgE,5374.428571,526.9285714,7267.714286,6670235.714
23-05-2020 15:45,3PZuoBAID5Wc2HD,7572.0,741.3375,7763.875,7052379.875
17-05-2020 00:30,iCRJl6heRkivqQ3,0.0,0.0,0.0,7190848.0
02-06-2020 17:15,1BY6WEcLGh8j5v7,1451.857143,141.7714286,6961.428571,6390400.429
09-06-2020 05:00,zVJPv84UY57bAof,0.0,0.0,0.0,7302167.0
31-05-2020 12:30,zVJPv84UY57bAof,7012.375,686.2,3736.25,7239713.25
26-05-2020 03:45,uHbuxQJl8lW7ozc,0.0,0.0,0.0,7120696.0
29-05-2020 20:00,bvBOhCH3iADSZry,0.0,0.0,7438.0,6421023.0
04-06-2020 12:30,YxYtjZvoooNbGkE,9734.0,950.2857143,4073.571429,7330829.571
16-06-2020 23:00,z9Y9gH1T5YWrNuG,0.0,0.0,6201.0,7245385.0
02-06-2020 11:30,zVJPv84UY57bAof,6371.25,624.175,3098.625,7250864.625
19-05-2020 00:45,rGa61gmuvPhdLxV,0.0,0.0,0.0,7136902.0
27-05-2020 21:15,z9Y9gH1T5YWrNuG,0.0,0.0,0.0,7103885.0
27-05-2020 06:45,1BY6WEcLGh8j5v7,1427.875,139.375,45.25,6343714.25
16-05-2020 21:45,adLQvlD726eNBSB,0.0,0.0,6705.0,6284443.0
30-05-2020 01:00,1IF53ai7Xc0U56Y,0.0,0.0,0.0,6298211.0
19-05-2020 05:00,VHMLBKoKgIrUVDU,0.0,0.0,0.0,7232554.0
12-06-2020 08:45,zVJPv84UY57bAof,4139.25,406.5375,373.25,7323060.25
30-05-2020 21:45,ih0vzX44oOqAx2f,0.0,0.0,7146.0,6302267.0
17-05-2020 17:30,1BY6WEcLGh8j5v7,1279.571429,124.4857143,7000.714286,6278605.714
16-06-2020 15:15,rGa61gmuvPhdLxV,4802.5,471.125,5382.375,7350086.375
29-05-2020 14:45,ih0vzX44oOqAx2f,8844.875,865.3,6423.0,6293593.0
31-05-2020 17:45,zVJPv84UY57bAof,1048.25,101.8625,6011.125,7241988.125
05-06-2020 06:30,bvBOhCH3iADSZry,534.5,51.7125,15.5,6460201.5
28-05-2020 10:45,YxYtjZvoooNbGkE,9042.428571,883.3571429,2724.857143,7278753.857
17-05-2020 22:15,sjndEbLyjtCKgGv,0.0,0.0,7441.0,7037054.0
15-06-2020 03:30,ZoEaEvLYb1n2sOq,0.0,0.0,0.0,7323052.0
16-06-2020 12:30,ZnxXDlPa8U1GXgE,6974.0,682.9142857,3693.571429,6762197.571
20-05-2020 09:00,YxYtjZvoooNbGkE,7785.0,762.075,1025.875,7213501.875
22-05-2020 15:15,adLQvlD726eNBSB,6370.571429,624.0142857,6711.0,6328284.0
29-05-2020 21:45,1BY6WEcLGh8j5v7,0.0,0.0,7564.0,6365374.0
27-05-2020 02:30,3PZuoBAID5Wc2HD,0.0,0.0,0.0,7078711.0
16-06-2020 10:30,iCRJl6heRkivqQ3,8600.571429,841.5428571,2150.0,7416151.0
15-06-2020 03:00,YxYtjZvoooNbGkE,0.0,0.0,0.0,7406702.0
05-06-2020 03:45,VHMLBKoKgIrUVDU,0.0,0.0,0.0,7363821.0
09-06-2020 11:15,iCRJl6heRkivqQ3,11428.5,1115.3375,3348.5,7368303.5
03-06-2020 08:45,iCRJl6heRkivqQ3,5157.714286,505.6142857,673.2857143,7318486.286
24-05-2020 13:15,YxYtjZvoooNbGkE,11444.42857,1116.228571,5236.714286,7249916.714
04-06-2020 22:30,wCURE6d3bPkepu2,0.0,0.0,0.0,6939021.0
04-06-2020 05:45,sjndEbLyjtCKgGv,0.0,0.0,0.0,7163293.0
01-06-2020 00:15,WRmjgnKYAwPKWDb,0.0,0.0,0.0,7153866.0
20-05-2020 03:00,7JYdWkrLSPkdwr4,0.0,0.0,0.0,7635208.0
22-05-2020 23:45,bvBOhCH3iADSZry,0.0,0.0,3862.857143,6368908.0
05-06-2020 11:00,1BY6WEcLGh8j5v7,9449.142857,923.0,2433.857143,6407813.857
23-05-2020 08:30,zBIq5rxdHJRwDNY,7897.0,773.025,641.75,6396448.75
28-05-2020 18:45,rGa61gmuvPhdLxV,0.0,0.0,8266.0,7214815.0
02-06-2020 21:30,sjndEbLyjtCKgGv,0.0,0.0,7439.0,7155447.0
22-05-2020 12:30,1IF53ai7Xc0U56Y,10890.85714,1063.485714,3882.857143,6237129.857
18-05-2020 07:00,bvBOhCH3iADSZry,1587.25,155.2125,71.0,6335647.0
20-05-2020 10:00,zVJPv84UY57bAof,10278.625,1004.8875,1899.0,7150236.0
28-05-2020 03:15,WRmjgnKYAwPKWDb,0.0,0.0,0.0,7124538.0
02-06-2020 08:00,pkci93gMrogZuBj,3828.857143,375.8714286,268.7142857,7300568.714
01-06-2020 15:15,uHbuxQJl8lW7ozc,1986.625,194.7625,5200.25,7170553.25
03-06-2020 17:15,WRmjgnKYAwPKWDb,2435.75,238.925,7593.75,7174510.75
03-06-2020 00:45,uHbuxQJl8lW7ozc,0.0,0.0,0.0,7178405.0
07-06-2020 03:30,iCRJl6heRkivqQ3,0.0,0.0,0.0,7348234.0
26-05-2020 00:30,VHMLBKoKgIrUVDU,0.0,0.0,0.0,7289525.0
03-06-2020 07:00,iCRJl6heRkivqQ3,1437.125,140.2,61.5,7317874.5
15-06-2020 21:00,1IF53ai7Xc0U56Y,0.0,0.0,6846.0,6421214.0
15-06-2020 00:45,zVJPv84UY57bAof,0.0,0.0,0.0,7344280.0
16-06-2020 03:30,YxYtjZvoooNbGkE,0.0,0.0,0.0,7413335.0
22-05-2020 09:15,zVJPv84UY57bAof,5574.0,546.3,984.6666667,7166107.667
07-06-2020 14:45,7JYdWkrLSPkdwr4,4502.75,441.8625,6498.25,7776955.25
11-06-2020 13:15,bvBOhCH3iADSZry,6719.5,658.1625,2977.25,6502187.25
19-05-2020 20:45,3PZuoBAID5Wc2HD,0.0,0.0,0.0,7020512.0
27-05-2020 15:30,3PZuoBAID5Wc2HD,7556.25,739.6,5868.875,7084579.875
15-05-2020 05:30,WRmjgnKYAwPKWDb,0.0,0.0,0.0,7028673.0
15-06-2020 05:45,iCRJl6heRkivqQ3,0.0,0.0,0.0,7407224.0
22-05-2020 04:45,1IF53ai7Xc0U56Y,0.0,0.0,0.0,6233247.0
16-05-2020 07:30,VHMLBKoKgIrUVDU,2536.125,248.7125,170.625,7212836.625
08-06-2020 15:30,zVJPv84UY57bAof,6360.875,622.775,7414.5,7301204.5
18-05-2020 16:45,iCRJl6heRkivqQ3,2947.75,289.3125,5208.0,7203575.0
03-06-2020 17:30,rGa61gmuvPhdLxV,2238.0,219.425,7720.75,7257050.75
15-05-2020 08:45,3PZuoBAID5Wc2HD,5567.428571,545.7285714,613.2857143,6988372.286
17-05-2020 06:00,WRmjgnKYAwPKWDb,0.0,0.0,0.0,7041430.0
08-06-2020 15:00,iCRJl6heRkivqQ3,10608.28571,1036.914286,7015.714286,7363526.714
26-05-2020 16:45,1IF53ai7Xc0U56Y,5876.571429,575.8714286,7868.285714,6274396.286
13-06-2020 17:30,1IF53ai7Xc0U56Y,1231.5,120.0375,8593.75,6406820.75
19-05-2020 16:15,ih0vzX44oOqAx2f,5259.142857,515.7857143,6364.285714,6216851.286
06-06-2020 05:00,iCRJl6heRkivqQ3,0.0,0.0,0.0,7341803.0
22-05-2020 22:45,zVJPv84UY57bAof,0.0,0.0,0.0,7172294.0
28-05-2020 12:45,1BY6WEcLGh8j5v7,11597.57143,1131.528571,4919.714286,6354752.714
30-05-2020 09:45,zVJPv84UY57bAof,4599.125,451.4125,1049.875,7229736.875
17-06-2020 20:30,YxYtjZvoooNbGkE,0.0,0.0,5886.0,7425442.0
20-05-2020 19:45,sjndEbLyjtCKgGv,0.0,0.0,8777.0,7058061.0
05-06-2020 21:00,bvBOhCH3iADSZry,0.0,0.0,7065.0,6467251.0
04-06-2020 02:45,zBIq5rxdHJRwDNY,0.0,0.0,0.0,6484342.0
24-05-2020 19:15,YxYtjZvoooNbGkE,0.0,0.0,7971.0,7252651.0
26-05-2020 23:00,ih0vzX44oOqAx2f,0.0,0.0,0.0,6272291.0
27-05-2020 00:15,1BY6WEcLGh8j5v7,0.0,0.0,0.0,6343669.0
06-06-2020 19:45,ZoEaEvLYb1n2sOq,0.0,0.0,0.0,7265368.0
23-05-2020 20:30,z9Y9gH1T5YWrNuG,0.0,0.0,8543.0,7072762.0
17-05-2020 02:15,3PZuoBAID5Wc2HD,0.0,0.0,0.0,7000689.0
17-05-2020 04:15,zBIq5rxdHJRwDNY,0.0,0.0,0.0,6352150.0
19-05-2020 14:30,ZoEaEvLYb1n2sOq,10328.28571,1009.714286,5170.428571,7128697.429
24-05-2020 13:15,ZoEaEvLYb1n2sOq,11985.28571,1168.885714,5172.714286,7167356.714
18-05-2020 04:45,WRmjgnKYAwPKWDb,0.0,0.0,0.0,7049104.0
11-06-2020 22:30,WRmjgnKYAwPKWDb,0.0,0.0,5619.0,7232986.0
23-05-2020 16:15,1IF53ai7Xc0U56Y,5540.75,543.1375,8098.25,6248632.25
29-05-2020 17:30,bvBOhCH3iADSZry,1152.571429,112.0714286,7390.714286,6420975.714
01-06-2020 22:45,McdE0feGgRqW7Ca,0.0,0.0,5992.0,7292752.0
23-05-2020 22:00,7JYdWkrLSPkdwr4,0.0,0.0,8450.0,7667220.0
01-06-2020 11:00,1BY6WEcLGh8j5v7,8495.428571,830.4428571,2542.142857,6380473.143
14-06-2020 03:30,ZoEaEvLYb1n2sOq,0.0,0.0,0.0,7315763.0
17-05-2020 18:30,1IF53ai7Xc0U56Y,0.0,0.0,7759.0,6204353.0
18-05-2020 05:45,zBIq5rxdHJRwDNY,0.0,0.0,0.0,6359657.0
19-05-2020 20:45,1IF53ai7Xc0U56Y,0.0,0.0,0.0,6216430.0
23-05-2020 12:00,iCRJl6heRkivqQ3,12605.0,1228.971429,4043.857143,7238636.857
08-06-2020 19:45,WRmjgnKYAwPKWDb,0.0,0.0,8319.0,7213001.0
09-06-2020 01:15,ZoEaEvLYb1n2sOq,0.0,0.0,0.0,7281724.0
21-05-2020 12:15,pkci93gMrogZuBj,11236.5,1096.2625,4080.625,7214278.625
15-05-2020 14:15,z9Y9gH1T5YWrNuG,11975.71429,1168.314286,4680.714286,7012546.714
22-05-2020 13:30,ih0vzX44oOqAx2f,11161.42857,1089.014286,4772.285714,6238315.286
02-06-2020 15:30,rGa61gmuvPhdLxV,5969.5,584.9375,6505.5,7248474.5
13-06-2020 23:30,1IF53ai7Xc0U56Y,0.0,0.0,8654.0,6406881.0
29-05-2020 22:30,adLQvlD726eNBSB,0.0,0.0,8343.0,6387352.0
27-05-2020 20:30,adLQvlD726eNBSB,0.0,0.0,6857.0,6370373.0
27-05-2020 22:00,3PZuoBAID5Wc2HD,0.0,0.0,6740.0,7085451.0
30-05-2020 22:30,pkci93gMrogZuBj,0.0,0.0,7341.0,7288876.0
15-06-2020 19:15,ZoEaEvLYb1n2sOq,0.0,0.0,6639.0,7329691.0
22-05-2020 01:30,1BY6WEcLGh8j5v7,0.0,0.0,0.0,6305589.0
26-05-2020 11:30,ih0vzX44oOqAx2f,10627.125,1037.25,3494.75,6268073.75
18-05-2020 11:30,iCRJl6heRkivqQ3,5288.0,518.35,1319.5,7199686.5
10-06-2020 00:30,ZnxXDlPa8U1GXgE,0.0,0.0,0.0,6717772.0
23-05-2020 23:00,sjndEbLyjtCKgGv,0.0,0.0,8487.0,7081449.0
09-06-2020 22:45,ZnxXDlPa8U1GXgE,0.0,0.0,8074.0,6717772.0
22-05-2020 02:00,7JYdWkrLSPkdwr4,0.0,0.0,0.0,7651635.0
28-05-2020 11:45,VHMLBKoKgIrUVDU,12633.57143,1232.2,4001.428571,7308379.429
06-06-2020 10:30,bvBOhCH3iADSZry,8498.625,829.0875,1979.0,6469230.0
22-05-2020 19:15,1IF53ai7Xc0U56Y,0.0,0.0,7287.0,6240534.0
14-06-2020 15:00,7JYdWkrLSPkdwr4,8690.75,849.9375,6142.125,7826994.125
14-06-2020 02:00,McdE0feGgRqW7Ca,0.0,0.0,0.0,7381923.0
14-06-2020 03:15,pkci93gMrogZuBj,0.0,0.0,0.0,7389161.0
09-06-2020 19:45,WRmjgnKYAwPKWDb,0.0,0.0,7977.0,7220978.0
15-05-2020 17:00,rGa61gmuvPhdLxV,2297.428571,225.2571429,6238.857143,7117731.857
02-06-2020 08:45,wCURE6d3bPkepu2,7331.0,717.7714286,879.5714286,6916223.571
14-06-2020 22:15,1BY6WEcLGh8j5v7,0.0,0.0,4012.0,6467675.0
28-05-2020 14:00,3PZuoBAID5Wc2HD,7327.333333,716.5833333,6615.833333,7092066.833
15-05-2020 03:30,z9Y9gH1T5YWrNuG,0.0,0.0,0.0,7007866.0
07-06-2020 18:30,wCURE6d3bPkepu2,65.625,6.325,6432.125,6959526.125
09-06-2020 12:45,YxYtjZvoooNbGkE,9474.125,925.9125,4604.625,7369914.625
07-06-2020 18:00,z9Y9gH1T5YWrNuG,683.625,66.2375,6325.25,7183614.25
10-06-2020 21:45,ZoEaEvLYb1n2sOq,0.0,0.0,6392.0,7296071.0
06-06-2020 21:00,1BY6WEcLGh8j5v7,0.0,0.0,5940.0,6418482.0
27-05-2020 04:00,bvBOhCH3iADSZry,0.0,0.0,0.0,6399700.0
27-05-2020 23:45,1IF53ai7Xc0U56Y,0.0,0.0,5971.0,6281462.0
07-06-2020 15:45,bvBOhCH3iADSZry,5744.375,562.5625,4380.875,6477504.875
16-06-2020 19:45,zBIq5rxdHJRwDNY,0.0,0.0,5719.0,6577552.0
13-06-2020 15:15,z9Y9gH1T5YWrNuG,9733.0,951.7375,7368.5,7224235.5
06-06-2020 01:30,3PZuoBAID5Wc2HD,0.0,0.0,0.0,7152486.0
23-05-2020 23:30,WRmjgnKYAwPKWDb,0.0,0.0,8431.0,7093026.0
28-05-2020 14:00,zVJPv84UY57bAof,11253.5,1098.6,6294.0,7218376.0
21-05-2020 22:00,1IF53ai7Xc0U56Y,0.0,0.0,0.0,6233247.0
16-05-2020 12:30,uHbuxQJl8lW7ozc,8863.142857,866.9857143,3399.142857,7048467.143
16-05-2020 14:00,zBIq5rxdHJRwDNY,6246.285714,611.9285714,4746.285714,6350522.286
05-06-2020 18:15,McdE0feGgRqW7Ca,559.2857143,54.12857143,7911.857143,7324672.857
24-05-2020 23:00,zBIq5rxdHJRwDNY,0.0,0.0,7277.0,6411758.0
14-06-2020 10:30,ih0vzX44oOqAx2f,10107.125,987.4625,2003.75,6402521.75
30-05-2020 23:45,z9Y9gH1T5YWrNuG,0.0,0.0,7142.0,7127597.0
15-06-2020 15:30,VHMLBKoKgIrUVDU,5253.428571,515.0714286,6071.0,7443126.0
01-06-2020 08:45,wCURE6d3bPkepu2,6802.0,666.15,918.125,6910323.125
23-05-2020 13:45,zVJPv84UY57bAof,12866.375,1254.475,6035.375,7178329.375
26-05-2020 05:00,ih0vzX44oOqAx2f,0.0,0.0,0.0,6264579.0
20-05-2020 03:00,VHMLBKoKgIrUVDU,0.0,0.0,0.0,7239542.0
02-06-2020 03:30,WRmjgnKYAwPKWDb,0.0,0.0,0.0,7159700.0
14-06-2020 06:00,McdE0feGgRqW7Ca,52.5,5.075,0.375,7381923.375
03-06-2020 23:30,sjndEbLyjtCKgGv,0.0,0.0,7846.0,7163293.0
14-06-2020 06:45,ZnxXDlPa8U1GXgE,1093.285714,106.2571429,37.0,6744380.0
04-06-2020 23:00,adLQvlD726eNBSB,0.0,0.0,8314.0,6430581.0
09-06-2020 05:15,bvBOhCH3iADSZry,0.0,0.0,0.0,6485986.0
27-05-2020 01:45,uHbuxQJl8lW7ozc,0.0,0.0,0.0,7128538.0
11-06-2020 21:00,WRmjgnKYAwPKWDb,0.0,0.0,5619.0,7232986.0
12-06-2020 04:15,1IF53ai7Xc0U56Y,0.0,0.0,0.0,6392324.0
23-05-2020 11:30,pkci93gMrogZuBj,11401.375,1112.9875,3422.75,7228622.75
09-06-2020 19:15,1BY6WEcLGh8j5v7,0.0,0.0,7456.0,6439070.0
20-05-2020 09:00,1BY6WEcLGh8j5v7,7395.875,724.15,985.875,6291082.875
07-06-2020 21:00,ih0vzX44oOqAx2f,0.0,0.0,8019.0,6358692.0
24-05-2020 06:45,rGa61gmuvPhdLxV,1124.5,109.3,42.375,7175335.375
19-05-2020 13:00,McdE0feGgRqW7Ca,10680.14286,1043.257143,3961.571429,7189052.571
04-06-2020 17:45,bvBOhCH3iADSZry,1748.0,170.9625,7415.75,6460139.75
05-06-2020 17:30,1IF53ai7Xc0U56Y,3502.375,344.175,7565.25,6348420.25
13-06-2020 14:30,YxYtjZvoooNbGkE,8480.571429,829.3571429,6651.571429,7397710.571
24-05-2020 15:30,3PZuoBAID5Wc2HD,4272.375,419.175,7491.125,7060759.125
08-06-2020 15:45,ZnxXDlPa8U1GXgE,8154.285714,797.7714286,7606.0,6708869.0
24-05-2020 12:30,VHMLBKoKgIrUVDU,11931.125,1164.0,4583.25,7276915.25
08-06-2020 05:00,YxYtjZvoooNbGkE,0.0,0.0,0.0,7356967.0
15-05-2020 21:30,iCRJl6heRkivqQ3,0.0,0.0,6418.0,7184410.0
06-06-2020 21:15,1BY6WEcLGh8j5v7,0.0,0.0,5940.0,6418482.0
22-05-2020 19:00,3PZuoBAID5Wc2HD,0.0,0.0,7315.0,7044616.0
15-05-2020 17:00,McdE0feGgRqW7Ca,2386.571429,234.1285714,6336.428571,7165300.429
01-06-2020 08:00,sjndEbLyjtCKgGv,6069.125,594.6625,488.125,7142730.125
07-06-2020 23:30,z9Y9gH1T5YWrNuG,0.0,0.0,6342.0,7183631.0
09-06-2020 19:00,1IF53ai7Xc0U56Y,0.0,0.0,8189.0,6380022.0
16-05-2020 04:30,uHbuxQJl8lW7ozc,0.0,0.0,0.0,7045068.0
15-05-2020 17:00,1IF53ai7Xc0U56Y,2165.285714,212.2714286,6227.142857,6189872.143
03-06-2020 09:00,z9Y9gH1T5YWrNuG,6194.714286,606.9285714,815.5714286,7148089.571
07-06-2020 17:15,3PZuoBAID5Wc2HD,3255.0,319.8285714,8097.0,7167079.0
24-05-2020 04:30,wCURE6d3bPkepu2,0.0,0.0,0.0,6847830.0
10-06-2020 04:45,McdE0feGgRqW7Ca,0.0,0.0,0.0,7355017.0
18-05-2020 13:45,adLQvlD726eNBSB,12941.625,1261.825,3333.875,6295643.875
30-05-2020 20:15,VHMLBKoKgIrUVDU,0.0,0.0,7270.0,7328329.0
06-06-2020 00:15,WRmjgnKYAwPKWDb,0.0,0.0,0.0,7190270.0
31-05-2020 09:45,7JYdWkrLSPkdwr4,5682.0,556.8625,1173.25,7723151.25
16-06-2020 05:30,ZnxXDlPa8U1GXgE,0.0,0.0,0.0,6758504.0
04-06-2020 15:00,bvBOhCH3iADSZry,10639.75,1039.975,5913.0,6458637.0
08-06-2020 06:45,3PZuoBAID5Wc2HD,1146.875,111.525,48.25,7167272.25
07-06-2020 11:15,ZnxXDlPa8U1GXgE,13193.625,1286.65,2800.625,6695854.625
15-06-2020 21:15,adLQvlD726eNBSB,0.0,0.0,6916.0,6512002.0
01-06-2020 23:00,McdE0feGgRqW7Ca,0.0,0.0,5992.0,7292752.0
15-05-2020 01:45,ih0vzX44oOqAx2f,0.0,0.0,0.0,6185184.0
07-06-2020 01:30,z9Y9gH1T5YWrNuG,0.0,0.0,0.0,7177289.0
18-05-2020 12:00,7JYdWkrLSPkdwr4,7986.142857,781.6142857,1606.571429,7624669.571
30-05-2020 07:30,ZoEaEvLYb1n2sOq,1996.75,195.7125,171.375,7209771.375
16-06-2020 03:15,ZnxXDlPa8U1GXgE,0.0,0.0,0.0,6758504.0
29-05-2020 07:15,iCRJl6heRkivqQ3,1983.142857,194.4285714,141.5714286,7283178.571
28-05-2020 16:30,1IF53ai7Xc0U56Y,4158.375,407.625,8148.25,6289610.25
27-05-2020 22:45,uHbuxQJl8lW7ozc,0.0,0.0,0.0,7135258.0
01-06-2020 21:45,z9Y9gH1T5YWrNuG,0.0,0.0,5931.0,7139828.0
02-06-2020 10:30,7JYdWkrLSPkdwr4,6788.625,664.8125,2206.25,7735830.25
29-05-2020 23:15,1BY6WEcLGh8j5v7,0.0,0.0,7564.0,6365374.0
13-06-2020 18:30,pkci93gMrogZuBj,67.5,6.525,8353.75,7389160.75
26-05-2020 05:30,WRmjgnKYAwPKWDb,0.0,0.0,0.0,7109996.0
13-06-2020 13:30,iCRJl6heRkivqQ3,7982.25,781.3125,5719.25,7397078.25
17-06-2020 16:30,WRmjgnKYAwPKWDb,1880.125,184.0625,5755.125,7273334.125
19-05-2020 14:00,rGa61gmuvPhdLxV,9378.714286,917.3428571,4795.142857,7141697.143
15-05-2020 10:30,3PZuoBAID5Wc2HD,5319.857143,521.6,1661.857143,6989420.857
05-06-2020 00:00,adLQvlD726eNBSB,0.0,0.0,0.0,6430581.0
26-05-2020 10:00,wCURE6d3bPkepu2,10776.57143,1053.271429,1975.285714,6866625.286
08-06-2020 00:15,zBIq5rxdHJRwDNY,0.0,0.0,0.0,6514911.0
28-05-2020 10:45,zVJPv84UY57bAof,10275.71429,1002.657143,2706.0,7214788.0
05-06-2020 01:00,zBIq5rxdHJRwDNY,0.0,0.0,0.0,6492579.0
30-05-2020 11:45,1IF53ai7Xc0U56Y,9337.857143,912.9285714,2354.428571,6300565.429
18-05-2020 23:15,YxYtjZvoooNbGkE,0.0,0.0,5369.0,7205598.0
19-05-2020 20:30,adLQvlD726eNBSB,0.0,0.0,0.0,6304513.0
21-05-2020 23:15,bvBOhCH3iADSZry,0.0,0.0,7110.0,6362148.0
16-06-2020 13:45,bvBOhCH3iADSZry,5474.625,536.3875,4127.375,6531919.375
10-06-2020 14:30,z9Y9gH1T5YWrNuG,6006.428571,587.9571429,5407.0,7204460.0
11-06-2020 10:00,rGa61gmuvPhdLxV,5209.375,510.6375,943.25,7311712.25
17-06-2020 15:45,sjndEbLyjtCKgGv,1400.375,136.65,5478.5,7261272.5
07-06-2020 19:30,ih0vzX44oOqAx2f,0.0,0.0,8019.0,6358692.0
26-05-2020 08:15,ZnxXDlPa8U1GXgE,5985.875,586.5375,540.0,6605206.0
09-06-2020 02:00,VHMLBKoKgIrUVDU,0.0,0.0,0.0,7394696.0
14-06-2020 07:45,pkci93gMrogZuBj,4347.875,426.85,305.5,7389466.5
08-06-2020 07:15,zBIq5rxdHJRwDNY,1838.25,180.15,120.125,6515031.125
15-06-2020 21:30,bvBOhCH3iADSZry,0.0,0.0,6192.0,6527792.0
30-05-2020 13:15,McdE0feGgRqW7Ca,11436.75,1116.675,3927.875,7277140.875
19-05-2020 20:30,YxYtjZvoooNbGkE,0.0,0.0,6878.0,7212476.0
22-05-2020 10:45,YxYtjZvoooNbGkE,8643.0,844.5125,1974.5,7231008.5
11-06-2020 08:15,1BY6WEcLGh8j5v7,2702.714286,265.0857143,237.5714286,6445218.571
17-06-2020 11:45,wCURE6d3bPkepu2,11444.42857,1117.285714,2519.0,7025237.0
01-06-2020 02:15,zBIq5rxdHJRwDNY,0.0,0.0,0.0,6463239.0
15-05-2020 10:30,adLQvlD726eNBSB,5257.571429,515.5714286,1712.428571,6273067.429
23-05-2020 01:00,wCURE6d3bPkepu2,0.0,0.0,0.0,6839225.0
17-05-2020 22:00,uHbuxQJl8lW7ozc,0.0,0.0,7454.0,7058793.0
28-05-2020 10:45,bvBOhCH3iADSZry,8876.5,867.6,2543.875,6408376.875
19-05-2020 21:15,ZoEaEvLYb1n2sOq,0.0,0.0,6805.0,7130332.0
20-05-2020 06:30,adLQvlD726eNBSB,782.125,75.875,22.875,6304535.875
13-06-2020 09:15,WRmjgnKYAwPKWDb,9191.571429,899.0142857,1356.857143,7240136.857
17-05-2020 08:15,1IF53ai7Xc0U56Y,5427.0,531.925,525.25,6197119.25
15-06-2020 08:00,ZoEaEvLYb1n2sOq,6230.285714,610.4285714,372.4285714,7323424.429
06-06-2020 21:45,wCURE6d3bPkepu2,0.0,0.0,0.0,6953094.0
06-06-2020 07:30,VHMLBKoKgIrUVDU,4056.875,398.575,271.5,7371825.5
31-05-2020 22:15,zBIq5rxdHJRwDNY,0.0,0.0,0.0,6463239.0
14-06-2020 01:45,McdE0feGgRqW7Ca,0.0,0.0,0.0,7381923.0
18-05-2020 04:45,bvBOhCH3iADSZry,0.0,0.0,0.0,6335576.0
05-06-2020 11:00,bvBOhCH3iADSZry,9728.285714,950.2,2406.0,6462592.0
23-05-2020 01:00,zBIq5rxdHJRwDNY,0.0,0.0,0.0,6395807.0
01-06-2020 15:00,zBIq5rxdHJRwDNY,2943.285714,288.9142857,5342.142857,6468581.143
26-05-2020 00:15,bvBOhCH3iADSZry,0.0,0.0,0.0,6392336.0
12-06-2020 20:45,1BY6WEcLGh8j5v7,0.0,0.0,5441.0,6455679.0
25-05-2020 11:00,sjndEbLyjtCKgGv,11861.625,1156.525,2981.875,7092332.875
15-05-2020 02:15,WRmjgnKYAwPKWDb,0.0,0.0,0.0,7028673.0
31-05-2020 08:30,bvBOhCH3iADSZry,4000.857143,393.0714286,400.0,6428081.0
05-06-2020 08:45,zBIq5rxdHJRwDNY,7830.125,766.4875,694.875,6493273.875
18-05-2020 23:15,VHMLBKoKgIrUVDU,0.0,0.0,5457.0,7232554.0
08-06-2020 15:30,sjndEbLyjtCKgGv,7808.0,764.0428571,7394.428571,7199948.429
14-06-2020 14:45,bvBOhCH3iADSZry,5929.75,581.0625,2696.125,6520338.125
15-06-2020 10:45,3PZuoBAID5Wc2HD,8717.0,851.725,2759.0,7220982.0
20-05-2020 13:00,ih0vzX44oOqAx2f,11880.5,1158.7,5325.375,6222602.375
18-05-2020 00:00,sjndEbLyjtCKgGv,0.0,0.0,0.0,7037054.0
22-05-2020 15:45,WRmjgnKYAwPKWDb,4452.25,436.925,6823.875,7084181.875
09-06-2020 14:45,iCRJl6heRkivqQ3,7798.428571,763.2142857,6522.857143,7371477.857
21-05-2020 18:00,pkci93gMrogZuBj,311.75,30.1,7771.5,7217969.5
26-05-2020 02:45,YxYtjZvoooNbGkE,0.0,0.0,0.0,7261464.0
16-05-2020 09:00,WRmjgnKYAwPKWDb,6406.0,627.5285714,906.1428571,7035721.143
31-05-2020 12:45,bvBOhCH3iADSZry,12623.28571,1230.757143,3717.428571,6431398.429
17-05-2020 13:15,McdE0feGgRqW7Ca,6429.125,629.0,5022.625,7177043.625
14-06-2020 21:15,bvBOhCH3iADSZry,0.0,0.0,3958.0,6521600.0
14-06-2020 20:15,VHMLBKoKgIrUVDU,0.0,0.0,7489.0,7437055.0
16-05-2020 11:15,pkci93gMrogZuBj,6742.714286,660.4142857,2400.142857,7177877.143
31-05-2020 01:15,ZoEaEvLYb1n2sOq,0.0,0.0,0.0,7216848.0
26-05-2020 02:15,YxYtjZvoooNbGkE,0.0,0.0,0.0,7261464.0
17-05-2020 07:30,rGa61gmuvPhdLxV,2792.285714,274.1714286,157.0,7124256.0
13-06-2020 21:30,zVJPv84UY57bAof,0.0,0.0,8410.0,7336960.0
12-06-2020 07:30,7JYdWkrLSPkdwr4,946.1428571,91.88571429,88.71428571,7806752.714
19-05-2020 01:15,z9Y9gH1T5YWrNuG,0.0,0.0,0.0,7033573.0
22-05-2020 09:45,VHMLBKoKgIrUVDU,5400.25,529.5,1342.0,7257703.0
15-05-2020 18:00,WRmjgnKYAwPKWDb,292.0,28.22857143,6136.714286,7034809.714
19-05-2020 21:45,pkci93gMrogZuBj,0.0,0.0,6938.0,7201349.0
22-05-2020 22:00,adLQvlD726eNBSB,0.0,0.0,7378.0,6328951.0
16-05-2020 11:30,z9Y9gH1T5YWrNuG,7666.571429,750.4428571,2646.714286,7016898.714
10-06-2020 04:00,uHbuxQJl8lW7ozc,0.0,0.0,0.0,7233863.0
01-06-2020 23:45,1IF53ai7Xc0U56Y,0.0,0.0,6012.0,6317444.0
11-06-2020 13:15,iCRJl6heRkivqQ3,7393.875,723.925,3239.25,7383018.25
21-05-2020 23:45,WRmjgnKYAwPKWDb,0.0,0.0,0.0,7077358.0
27-05-2020 07:45,7JYdWkrLSPkdwr4,3909.142857,384.0285714,305.4285714,7692217.429
16-06-2020 11:45,YxYtjZvoooNbGkE,7407.857143,725.1571429,3214.0,7416549.0
21-05-2020 19:45,1BY6WEcLGh8j5v7,0.0,0.0,7243.0,6305589.0
02-06-2020 18:00,YxYtjZvoooNbGkE,362.0,35.0,7399.285714,7318915.286
13-06-2020 12:45,WRmjgnKYAwPKWDb,11781.0,1149.4125,5066.25,7243846.25
13-06-2020 08:30,sjndEbLyjtCKgGv,6917.714286,677.5,696.2857143,7227797.286
10-06-2020 20:15,1BY6WEcLGh8j5v7,0.0,0.0,5911.0,6444981.0
05-06-2020 10:30,bvBOhCH3iADSZry,9798.428571,956.7857143,1918.428571,6462104.429
12-06-2020 15:30,3PZuoBAID5Wc2HD,5909.75,579.1,5226.75,7201412.75
30-05-2020 04:15,sjndEbLyjtCKgGv,0.0,0.0,0.0,7129029.0
09-06-2020 20:30,McdE0feGgRqW7Ca,0.0,0.0,8235.0,7355017.0
19-05-2020 05:45,1BY6WEcLGh8j5v7,0.0,0.0,0.0,6283648.0
22-05-2020 23:15,rGa61gmuvPhdLxV,0.0,0.0,0.0,7167141.0
26-05-2020 09:00,uHbuxQJl8lW7ozc,8150.142857,797.7,1046.857143,7121742.857
13-06-2020 00:00,ZoEaEvLYb1n2sOq,0.0,0.0,0.0,7307385.0
18-05-2020 11:30,rGa61gmuvPhdLxV,5301.0,519.625,1318.25,7132855.25
19-05-2020 04:45,1BY6WEcLGh8j5v7,0.0,0.0,0.0,6283648.0
06-06-2020 21:30,uHbuxQJl8lW7ozc,0.0,0.0,0.0,7208855.0
26-05-2020 05:30,zVJPv84UY57bAof,0.0,0.0,0.0,7197609.0
02-06-2020 10:30,WRmjgnKYAwPKWDb,6529.428571,639.5428571,2182.857143,7161882.857
21-05-2020 16:15,1BY6WEcLGh8j5v7,3180.285714,312.4,6976.428571,6305322.429
16-05-2020 06:30,1IF53ai7Xc0U56Y,735.5,71.3,17.25,6190019.25
17-05-2020 06:30,rGa61gmuvPhdLxV,462.4285714,44.71428571,7.857142857,7124106.857
17-06-2020 02:30,rGa61gmuvPhdLxV,0.0,0.0,0.0,7350947.0
08-06-2020 01:30,McdE0feGgRqW7Ca,0.0,0.0,0.0,7338202.0
11-06-2020 19:00,1BY6WEcLGh8j5v7,0.0,0.0,5257.0,6450238.0
01-06-2020 09:45,1BY6WEcLGh8j5v7,6253.5,612.6125,1469.875,6379400.875
28-05-2020 03:15,zVJPv84UY57bAof,0.0,0.0,0.0,7212082.0
08-06-2020 13:00,WRmjgnKYAwPKWDb,10096.0,985.5285714,5009.0,7209691.0
27-05-2020 11:15,sjndEbLyjtCKgGv,11297.71429,1102.371429,2764.571429,7108653.571
15-06-2020 10:45,sjndEbLyjtCKgGv,11271.57143,1100.2,2716.571429,7245527.571
09-06-2020 18:45,rGa61gmuvPhdLxV,0.0,0.0,8240.0,7304204.0
04-06-2020 10:30,ZoEaEvLYb1n2sOq,10275.25,1003.3875,1989.25,7245490.25
16-05-2020 18:15,1BY6WEcLGh8j5v7,120.1428571,11.6,6291.428571,6271604.429
31-05-2020 07:30,ZnxXDlPa8U1GXgE,2018.625,197.8875,145.0,6643528.0
17-05-2020 07:00,WRmjgnKYAwPKWDb,1479.5,144.475,53.0,7041483.0
23-05-2020 10:45,ZnxXDlPa8U1GXgE,8582.875,838.875,2525.5,6581664.5
14-06-2020 23:30,rGa61gmuvPhdLxV,0.0,0.0,7302.0,7337972.0
12-06-2020 01:00,z9Y9gH1T5YWrNuG,0.0,0.0,0.0,7211064.0
06-06-2020 22:30,zBIq5rxdHJRwDNY,0.0,0.0,0.0,6506728.0
23-05-2020 18:30,zBIq5rxdHJRwDNY,34.875,3.375,8674.0,6404481.0
16-05-2020 09:45,adLQvlD726eNBSB,8174.25,799.9875,1413.0,6279151.0
07-06-2020 07:15,adLQvlD726eNBSB,1921.625,188.3375,140.25,6445171.25
28-05-2020 05:30,ZnxXDlPa8U1GXgE,0.0,0.0,0.0,6619376.0
31-05-2020 14:00,uHbuxQJl8lW7ozc,9548.142857,932.5,4996.857143,7164268.857
31-05-2020 05:45,rGa61gmuvPhdLxV,0.0,0.0,0.0,7230438.0
31-05-2020 20:45,uHbuxQJl8lW7ozc,0.0,0.0,6081.0,7165353.0
28-05-2020 17:45,zBIq5rxdHJRwDNY,629.5,60.9375,7886.375,6441969.375
30-05-2020 01:30,uHbuxQJl8lW7ozc,0.0,0.0,0.0,7151932.0
30-05-2020 19:00,McdE0feGgRqW7Ca,0.0,0.0,7352.0,7280565.0
10-06-2020 17:45,VHMLBKoKgIrUVDU,1191.857143,115.9,6450.714286,7409266.714
09-06-2020 15:15,uHbuxQJl8lW7ozc,8389.142857,820.9714286,6995.142857,7232549.143
10-06-2020 21:45,zBIq5rxdHJRwDNY,0.0,0.0,6498.0,6537903.0
16-05-2020 16:30,pkci93gMrogZuBj,2609.142857,255.8714286,5941.714286,7181418.714
07-06-2020 06:45,ZnxXDlPa8U1GXgE,1516.142857,148.2285714,47.0,6693101.0
27-05-2020 16:00,3PZuoBAID5Wc2HD,6199.142857,607.3285714,6211.285714,7084922.286
16-06-2020 14:30,VHMLBKoKgIrUVDU,10570.875,1032.025,5012.0,7448881.0
12-06-2020 14:00,7JYdWkrLSPkdwr4,8712.428571,852.4428571,4188.142857,7810852.143
30-05-2020 17:45,ZnxXDlPa8U1GXgE,1023.5,99.475,7281.25,6643347.25
05-06-2020 20:15,7JYdWkrLSPkdwr4,0.0,0.0,0.0,7764140.0
24-05-2020 13:45,1BY6WEcLGh8j5v7,11000.75,1075.075,5513.625,6325916.625
06-06-2020 03:45,bvBOhCH3iADSZry,0.0,0.0,0.0,6467251.0
02-06-2020 09:30,adLQvlD726eNBSB,9931.714286,969.9428571,1356.285714,6408187.286
25-05-2020 18:45,iCRJl6heRkivqQ3,0.0,0.0,8869.0,7260130.0
06-06-2020 08:00,McdE0feGgRqW7Ca,5242.0,513.8714286,486.1428571,7325167.143
13-06-2020 15:00,McdE0feGgRqW7Ca,10229.42857,999.7,7310.142857,7380638.143
31-05-2020 23:15,WRmjgnKYAwPKWDb,0.0,0.0,5837.0,7153866.0
01-06-2020 14:45,wCURE6d3bPkepu2,2873.75,282.1375,5430.25,6914835.25
08-06-2020 11:30,ZnxXDlPa8U1GXgE,10833.85714,1058.114286,3598.857143,6704861.857
26-05-2020 08:30,pkci93gMrogZuBj,6490.0,635.7714286,668.1428571,7251187.143
08-06-2020 03:30,sjndEbLyjtCKgGv,0.0,0.0,0.0,7192554.0
13-06-2020 22:15,VHMLBKoKgIrUVDU,0.0,0.0,8652.0,7429566.0
11-06-2020 12:15,McdE0feGgRqW7Ca,9087.125,888.9375,2568.0,7364191.0
15-06-2020 08:15,pkci93gMrogZuBj,7001.571429,685.6714286,543.5714286,7396965.571
24-05-2020 09:00,bvBOhCH3iADSZry,7089.125,694.125,882.25,6377654.25
07-06-2020 17:00,zVJPv84UY57bAof,3429.571429,336.5857143,8023.428571,7293553.429
07-06-2020 19:00,ZoEaEvLYb1n2sOq,0.0,0.0,8085.0,7273453.0
31-05-2020 18:45,ZoEaEvLYb1n2sOq,0.0,0.0,5796.0,7222644.0
08-06-2020 17:30,McdE0feGgRqW7Ca,2035.428571,199.4285714,8487.285714,7346689.286
09-06-2020 04:15,rGa61gmuvPhdLxV,0.0,0.0,0.0,7295964.0
30-05-2020 13:15,ZnxXDlPa8U1GXgE,12273.57143,1197.4,3924.857143,6639990.857
10-06-2020 10:30,McdE0feGgRqW7Ca,6710.571429,657.2285714,1898.142857,7356915.143
09-06-2020 01:45,adLQvlD726eNBSB,0.0,0.0,0.0,6462004.0
30-05-2020 06:15,ZnxXDlPa8U1GXgE,319.0,30.81428571,5.714285714,6636071.714
16-06-2020 06:30,bvBOhCH3iADSZry,632.375,61.25,10.5,6527802.5
15-06-2020 16:00,YxYtjZvoooNbGkE,1819.25,178.0,6156.0,7412858.0
05-06-2020 00:30,ZnxXDlPa8U1GXgE,0.0,0.0,0.0,6679062.0
17-06-2020 14:00,adLQvlD726eNBSB,6460.625,632.7375,4841.375,6523239.375
02-06-2020 15:45,VHMLBKoKgIrUVDU,6334.25,620.4875,6717.625,7347031.625
31-05-2020 18:00,ZnxXDlPa8U1GXgE,693.0,67.14285714,6127.571429,6649510.571
11-06-2020 23:45,ZoEaEvLYb1n2sOq,0.0,0.0,5561.0,7301632.0
17-06-2020 03:15,YxYtjZvoooNbGkE,0.0,0.0,0.0,7419556.0
24-05-2020 19:15,sjndEbLyjtCKgGv,0.0,0.0,7902.0,7089351.0
07-06-2020 17:30,3PZuoBAID5Wc2HD,2113.75,207.1375,8164.0,7167146.0
16-05-2020 18:00,7JYdWkrLSPkdwr4,402.4285714,38.91428571,6452.428571,7615528.429
26-05-2020 14:00,ZoEaEvLYb1n2sOq,9134.125,892.425,5989.375,7184903.375
16-05-2020 03:45,z9Y9gH1T5YWrNuG,0.0,0.0,0.0,7014252.0
31-05-2020 11:15,wCURE6d3bPkepu2,12817.125,1250.35,2699.0,6905857.0
09-06-2020 22:15,McdE0feGgRqW7Ca,0.0,0.0,8235.0,7355017.0
31-05-2020 04:45,VHMLBKoKgIrUVDU,0.0,0.0,0.0,7328329.0
18-05-2020 13:15,YxYtjZvoooNbGkE,10415.0,1017.2,2652.571429,7202881.571
31-05-2020 19:30,1IF53ai7Xc0U56Y,0.0,0.0,5889.0,6311432.0
11-06-2020 10:30,z9Y9gH1T5YWrNuG,5721.142857,560.7,1200.714286,7206665.714
02-06-2020 20:30,zVJPv84UY57bAof,0.0,0.0,7451.0,7255217.0
23-05-2020 01:00,zVJPv84UY57bAof,0.0,0.0,0.0,7172294.0
03-06-2020 18:45,1BY6WEcLGh8j5v7,0.0,0.0,7341.0,6397809.0
02-06-2020 20:45,3PZuoBAID5Wc2HD,0.0,0.0,0.0,7128614.0
31-05-2020 22:15,YxYtjZvoooNbGkE,0.0,0.0,5970.0,7305739.0
24-05-2020 06:00,WRmjgnKYAwPKWDb,110.25,10.65,0.375,7093026.375
07-06-2020 13:00,ih0vzX44oOqAx2f,12350.5,1204.1875,4822.625,6355495.625
12-06-2020 08:15,sjndEbLyjtCKgGv,2800.428571,274.6857143,209.1428571,7221463.143
26-05-2020 20:00,uHbuxQJl8lW7ozc,0.0,0.0,0.0,7128538.0
19-05-2020 14:30,zBIq5rxdHJRwDNY,10436.57143,1020.242857,5264.285714,6370311.286
05-06-2020 15:30,z9Y9gH1T5YWrNuG,5144.0,503.5428571,6458.571429,7169720.571
23-05-2020 13:00,YxYtjZvoooNbGkE,10306.42857,1007.528571,5136.428571,7241257.429
05-06-2020 05:30,zBIq5rxdHJRwDNY,0.0,0.0,0.0,6492579.0
27-05-2020 03:30,zVJPv84UY57bAof,0.0,0.0,0.0,7205383.0
09-06-2020 04:45,iCRJl6heRkivqQ3,0.0,0.0,0.0,7364955.0
20-05-2020 06:45,iCRJl6heRkivqQ3,938.0,91.1125,40.0,7210758.0
11-06-2020 08:30,VHMLBKoKgIrUVDU,3085.875,303.0875,334.625,7409629.625
17-05-2020 19:00,3PZuoBAID5Wc2HD,0.0,0.0,7794.0,7008483.0
29-05-2020 06:15,ih0vzX44oOqAx2f,446.1666667,43.21666667,2.0,6287172.0
08-06-2020 12:15,sjndEbLyjtCKgGv,8350.857143,817.0571429,4290.0,7196844.0
13-06-2020 06:45,7JYdWkrLSPkdwr4,1127.5,109.625,38.0,7812455.0
14-06-2020 06:30,VHMLBKoKgIrUVDU,677.5,65.65,16.75,7429582.75
06-06-2020 21:00,7JYdWkrLSPkdwr4,0.0,0.0,6317.0,7770457.0
25-05-2020 08:00,WRmjgnKYAwPKWDb,4575.285714,448.8,386.7142857,7101503.714
02-06-2020 23:15,ZoEaEvLYb1n2sOq,0.0,0.0,7287.0,7235727.0
18-05-2020 12:30,WRmjgnKYAwPKWDb,8417.428571,823.7285714,2055.571429,7051159.571
02-06-2020 10:30,sjndEbLyjtCKgGv,7252.625,710.075,2303.5,7150311.5
29-05-2020 11:00,1BY6WEcLGh8j5v7,10951.28571,1069.871429,2519.428571,6360329.429
18-05-2020 13:00,uHbuxQJl8lW7ozc,8312.0,813.4,2467.125,7061260.125
14-06-2020 04:00,7JYdWkrLSPkdwr4,0.0,0.0,0.0,7820852.0
18-05-2020 10:30,1BY6WEcLGh8j5v7,2999.0,294.5857143,695.4285714,6279345.429
15-05-2020 06:45,YxYtjZvoooNbGkE,1292.125,125.9625,37.25,7180003.25
16-05-2020 11:00,wCURE6d3bPkepu2,7736.875,757.375,2296.5,6791223.5
17-06-2020 19:00,ih0vzX44oOqAx2f,0.0,0.0,5758.0,6426129.0
02-06-2020 06:45,uHbuxQJl8lW7ozc,809.25,78.5375,30.75,7170972.75
15-06-2020 18:45,ZoEaEvLYb1n2sOq,0.0,0.0,6639.0,7329691.0
29-05-2020 18:00,zVJPv84UY57bAof,445.0,43.0375,8209.25,7228682.25
16-06-2020 12:15,7JYdWkrLSPkdwr4,6473.0,634.0375,3425.125,7838224.125
05-06-2020 16:30,YxYtjZvoooNbGkE,6032.571429,591.1,7030.857143,7341916.857
20-05-2020 12:30,YxYtjZvoooNbGkE,12873.0,1255.128571,4777.714286,7217253.714
02-06-2020 11:30,adLQvlD726eNBSB,6647.285714,651.1,3089.857143,6409920.857
22-05-2020 14:15,rGa61gmuvPhdLxV,7926.5,775.6,5334.0,7165733.0
16-06-2020 05:45,wCURE6d3bPkepu2,0.0,0.0,0.0,7016444.0
21-05-2020 23:00,zVJPv84UY57bAof,0.0,0.0,7944.0,7165123.0
05-06-2020 23:00,WRmjgnKYAwPKWDb,0.0,0.0,0.0,7190270.0
09-06-2020 13:30,1BY6WEcLGh8j5v7,9372.428571,915.3285714,5088.428571,6436702.429
26-05-2020 19:30,uHbuxQJl8lW7ozc,0.0,0.0,0.0,7128538.0
11-06-2020 17:00,adLQvlD726eNBSB,2456.125,240.8375,5625.5,6482569.5
05-06-2020 11:00,sjndEbLyjtCKgGv,8333.875,815.075,2575.875,7174093.875
21-05-2020 11:45,wCURE6d3bPkepu2,12387.625,1208.4875,3556.875,6827800.875
12-06-2020 09:30,7JYdWkrLSPkdwr4,5280.875,517.6625,749.25,7807413.25
21-05-2020 10:15,1IF53ai7Xc0U56Y,7354.857143,719.0857143,2075.571429,6227502.571
15-05-2020 11:45,sjndEbLyjtCKgGv,6771.375,663.075,2640.0,7019472.0
03-06-2020 19:15,zVJPv84UY57bAof,0.0,0.0,7836.0,7263053.0
18-05-2020 03:30,zVJPv84UY57bAof,0.0,0.0,0.0,7136015.0
24-05-2020 14:30,ih0vzX44oOqAx2f,6684.714286,654.5285714,6256.857143,6255194.857
07-06-2020 04:15,zVJPv84UY57bAof,0.0,0.0,0.0,7285530.0
31-05-2020 14:00,adLQvlD726eNBSB,10837.375,1057.7375,4771.625,6399542.625
25-05-2020 00:30,1BY6WEcLGh8j5v7,0.0,0.0,0.0,6327940.0
17-05-2020 08:00,uHbuxQJl8lW7ozc,4843.0,475.0714286,363.1428571,7051702.143
20-05-2020 06:30,3PZuoBAID5Wc2HD,747.7142857,72.48571429,20.57142857,7020532.571
12-06-2020 11:45,bvBOhCH3iADSZry,8490.571429,830.8571429,2212.285714,6506619.286
16-05-2020 13:45,WRmjgnKYAwPKWDb,6439.0,630.7571429,4867.0,7039682.0
21-05-2020 08:00,uHbuxQJl8lW7ozc,4829.8,473.54,369.2,7080474.667
30-05-2020 18:00,VHMLBKoKgIrUVDU,647.2857143,62.67142857,7254.571429,7328313.571
22-05-2020 10:30,ZnxXDlPa8U1GXgE,6476.625,634.025,1898.5,6573762.5
06-06-2020 17:45,YxYtjZvoooNbGkE,335.75,32.4375,6317.75,7348806.75
03-06-2020 18:15,1BY6WEcLGh8j5v7,347.0,33.54285714,7334.857143,6397802.857
11-06-2020 21:45,pkci93gMrogZuBj,0.0,0.0,5662.0,7374956.0
15-05-2020 16:15,iCRJl6heRkivqQ3,4732.142857,464.2571429,5983.0,7183975.0
07-06-2020 06:00,WRmjgnKYAwPKWDb,66.0,6.371428571,0.285714286,7196611.286
17-05-2020 23:30,zVJPv84UY57bAof,0.0,0.0,7480.0,7136015.0
19-05-2020 23:45,ZoEaEvLYb1n2sOq,0.0,0.0,6805.0,7130332.0
07-06-2020 21:45,1IF53ai7Xc0U56Y,0.0,0.0,8239.0,6363338.0
16-05-2020 05:45,ZnxXDlPa8U1GXgE,0.0,0.0,0.0,6528476.0
03-06-2020 18:15,3PZuoBAID5Wc2HD,360.4285714,34.84285714,7868.285714,7136482.286
15-06-2020 19:15,1IF53ai7Xc0U56Y,0.0,0.0,6846.0,6421214.0
02-06-2020 12:45,7JYdWkrLSPkdwr4,10673.28571,1042.628571,4011.857143,7737635.857
04-06-2020 15:30,zBIq5rxdHJRwDNY,8800.0,860.9,6943.285714,6491285.286
13-06-2020 01:00,pkci93gMrogZuBj,0.0,0.0,0.0,7380807.0
18-05-2020 21:15,zBIq5rxdHJRwDNY,0.0,0.0,5390.0,6365047.0
25-05-2020 14:45,3PZuoBAID5Wc2HD,9591.285714,937.9571429,7597.142857,7069165.143
24-05-2020 02:15,sjndEbLyjtCKgGv,0.0,0.0,0.0,7081449.0
20-05-2020 13:15,McdE0feGgRqW7Ca,12517.5,1220.433333,5743.833333,7197841.833
18-05-2020 16:30,3PZuoBAID5Wc2HD,3796.625,373.05,5160.875,7013643.875
21-05-2020 12:45,1BY6WEcLGh8j5v7,8430.25,824.4,4273.375,6302619.375
26-05-2020 14:00,McdE0feGgRqW7Ca,9593.5,936.5,6153.5,7247802.5
16-06-2020 01:45,VHMLBKoKgIrUVDU,0.0,0.0,0.0,7443869.0
12-06-2020 15:15,zBIq5rxdHJRwDNY,4924.875,482.9375,5027.25,6548577.25
07-06-2020 04:15,3PZuoBAID5Wc2HD,0.0,0.0,0.0,7158982.0
04-06-2020 15:15,wCURE6d3bPkepu2,8597.0,840.6571429,6748.571429,6937524.571
15-05-2020 13:30,7JYdWkrLSPkdwr4,7975.428571,780.6857143,3782.285714,7606742.286
26-05-2020 22:30,1BY6WEcLGh8j5v7,0.0,0.0,0.0,6343669.0
03-06-2020 02:45,7JYdWkrLSPkdwr4,0.0,0.0,0.0,7740873.0
22-05-2020 15:30,rGa61gmuvPhdLxV,4100.625,402.125,6269.5,7166668.5
28-05-2020 10:00,1IF53ai7Xc0U56Y,10736.125,1048.6375,2093.0,6283555.0
27-05-2020 17:15,sjndEbLyjtCKgGv,1840.714286,180.1857143,6613.857143,7112502.857
17-06-2020 11:00,WRmjgnKYAwPKWDb,6593.285714,645.6571429,1935.857143,7269514.857
16-06-2020 19:45,sjndEbLyjtCKgGv,0.0,0.0,6255.0,7255794.0
17-05-2020 14:15,McdE0feGgRqW7Ca,4386.0,430.55,5903.125,7177924.125
04-06-2020 03:45,WRmjgnKYAwPKWDb,0.0,0.0,0.0,7174627.0
04-06-2020 12:30,ZnxXDlPa8U1GXgE,8029.875,785.425,4103.375,6674987.375
14-06-2020 09:00,WRmjgnKYAwPKWDb,6076.0,595.2857143,889.0,7248068.0
17-05-2020 12:45,1IF53ai7Xc0U56Y,11852.42857,1156.485714,4790.142857,6201384.143
19-05-2020 21:30,wCURE6d3bPkepu2,0.0,0.0,6956.0,6815349.0
21-05-2020 07:45,uHbuxQJl8lW7ozc,4057.5,398.65,302.5,7080413.5
17-05-2020 14:30,VHMLBKoKgIrUVDU,4206.0,412.5285714,6079.142857,7225459.143
05-06-2020 23:15,wCURE6d3bPkepu2,0.0,0.0,7748.0,6946769.0
09-06-2020 02:30,7JYdWkrLSPkdwr4,0.0,0.0,0.0,7786793.0
10-06-2020 02:00,zVJPv84UY57bAof,0.0,0.0,0.0,7310456.0
01-06-2020 16:30,wCURE6d3bPkepu2,1727.285714,169.2857143,5770.285714,6915175.286
22-05-2020 16:45,zVJPv84UY57bAof,1949.857143,191.1428571,7037.714286,7172160.714
30-05-2020 02:30,sjndEbLyjtCKgGv,0.0,0.0,0.0,7129029.0
18-05-2020 09:45,3PZuoBAID5Wc2HD,1547.25,151.175,595.125,7009078.125
01-06-2020 23:15,1BY6WEcLGh8j5v7,0.0,0.0,5508.0,6383439.0
24-05-2020 05:45,rGa61gmuvPhdLxV,0.0,0.0,0.0,7175293.0
29-05-2020 23:30,zBIq5rxdHJRwDNY,0.0,0.0,0.0,6449905.0
13-06-2020 10:45,YxYtjZvoooNbGkE,9176.375,896.1625,2607.25,7393666.25
14-06-2020 15:45,WRmjgnKYAwPKWDb,5921.75,580.275,6820.25,7253999.25
15-05-2020 03:45,z9Y9gH1T5YWrNuG,0.0,0.0,0.0,7007866.0
30-05-2020 00:15,3PZuoBAID5Wc2HD,0.0,0.0,0.0,7102189.0
09-06-2020 07:15,pkci93gMrogZuBj,2547.375,249.8,150.375,7354626.375
30-05-2020 11:30,ih0vzX44oOqAx2f,7512.285714,735.5,2074.285714,6297195.286
29-05-2020 23:00,ZnxXDlPa8U1GXgE,0.0,0.0,8150.0,6636066.0
02-06-2020 15:45,ZnxXDlPa8U1GXgE,7040.75,689.275,6784.375,6662227.375
17-05-2020 12:45,7JYdWkrLSPkdwr4,10987.5,1072.3375,4609.875,7620146.875
31-05-2020 11:45,iCRJl6heRkivqQ3,7087.0,693.8,3061.142857,7301659.143
17-06-2020 04:45,ZnxXDlPa8U1GXgE,0.0,0.0,0.0,6764808.0
26-05-2020 08:15,7JYdWkrLSPkdwr4,5995.25,587.4375,560.125,7684580.125
19-05-2020 08:15,z9Y9gH1T5YWrNuG,2831.125,277.675,368.875,7033941.875
03-06-2020 03:15,3PZuoBAID5Wc2HD,0.0,0.0,0.0,7128614.0
13-06-2020 18:30,McdE0feGgRqW7Ca,70.28571429,6.785714286,8594.428571,7381922.429
01-06-2020 22:15,McdE0feGgRqW7Ca,0.0,0.0,5992.0,7292752.0
04-06-2020 08:30,z9Y9gH1T5YWrNuG,6132.142857,600.8857143,618.4285714,7155731.429
29-05-2020 17:15,bvBOhCH3iADSZry,2105.285714,206.4142857,7354.571429,6420939.571
16-06-2020 14:45,1BY6WEcLGh8j5v7,6350.285714,622.1142857,4847.285714,6478797.286
15-05-2020 03:45,McdE0feGgRqW7Ca,0.0,0.0,0.0,7158964.0
29-05-2020 23:00,7JYdWkrLSPkdwr4,0.0,0.0,8007.0,7714835.0
02-06-2020 12:15,YxYtjZvoooNbGkE,9686.285714,947.0142857,3628.571429,7315144.571
26-05-2020 10:00,uHbuxQJl8lW7ozc,10527.85714,1029.071429,1967.285714,7122663.286
12-06-2020 08:30,bvBOhCH3iADSZry,2975.571429,292.0,261.4285714,6504668.429
21-05-2020 20:30,WRmjgnKYAwPKWDb,0.0,0.0,0.0,7077358.0
09-06-2020 03:45,ZoEaEvLYb1n2sOq,0.0,0.0,0.0,7281724.0
11-06-2020 17:45,zBIq5rxdHJRwDNY,988.8571429,96.08571429,5612.0,6543515.0
12-06-2020 07:45,bvBOhCH3iADSZry,1216.5,118.325,107.125,6504514.125
20-05-2020 11:00,bvBOhCH3iADSZry,10609.875,1037.0875,2770.75,6349677.75
14-06-2020 11:30,rGa61gmuvPhdLxV,9289.5,908.3375,3050.25,7333720.25
26-05-2020 03:45,McdE0feGgRqW7Ca,0.0,0.0,0.0,7241649.0
07-06-2020 22:15,3PZuoBAID5Wc2HD,0.0,0.0,8242.0,7167224.0
01-06-2020 18:15,iCRJl6heRkivqQ3,277.8571429,26.84285714,5777.714286,7310344.714
16-05-2020 02:15,bvBOhCH3iADSZry,0.0,0.0,0.0,6322510.0
13-06-2020 19:15,7JYdWkrLSPkdwr4,0.0,0.0,8435.0,7820852.0
14-06-2020 04:00,iCRJl6heRkivqQ3,0.0,0.0,0.0,7399855.0
24-05-2020 09:15,1IF53ai7Xc0U56Y,7861.75,769.375,1210.625,6250417.625
05-06-2020 03:45,ZnxXDlPa8U1GXgE,0.0,0.0,0.0,6679062.0
24-05-2020 12:30,WRmjgnKYAwPKWDb,11870.42857,1157.814286,4528.142857,7097554.143
02-06-2020 04:30,zBIq5rxdHJRwDNY,0.0,0.0,0.0,6469033.0
08-06-2020 04:15,z9Y9gH1T5YWrNuG,0.0,0.0,0.0,7183631.0
04-06-2020 10:15,zBIq5rxdHJRwDNY,8495.285714,829.8428571,1783.571429,6486125.571
15-06-2020 04:30,YxYtjZvoooNbGkE,0.0,0.0,0.0,7406702.0
06-06-2020 08:45,YxYtjZvoooNbGkE,5991.25,587.025,917.875,7343406.875
15-05-2020 16:15,ZnxXDlPa8U1GXgE,4593.625,450.725,5869.5,6528041.5
16-06-2020 02:00,uHbuxQJl8lW7ozc,0.0,0.0,0.0,7274743.0
02-06-2020 14:00,1BY6WEcLGh8j5v7,6286.571429,615.9,5194.285714,6388633.286
24-05-2020 14:30,iCRJl6heRkivqQ3,9016.428571,881.1285714,6520.0,7249740.0
23-05-2020 06:45,YxYtjZvoooNbGkE,687.1666667,66.58333333,26.5,7236147.5
25-05-2020 02:00,zBIq5rxdHJRwDNY,0.0,0.0,0.0,6411758.0
05-06-2020 04:45,McdE0feGgRqW7Ca,0.0,0.0,0.0,7316761.0
14-06-2020 02:45,YxYtjZvoooNbGkE,0.0,0.0,0.0,7399439.0
24-05-2020 20:30,WRmjgnKYAwPKWDb,0.0,0.0,8091.0,7101117.0
17-06-2020 09:00,7JYdWkrLSPkdwr4,5100.0,499.9714286,691.2857143,7841656.286
25-05-2020 19:00,bvBOhCH3iADSZry,0.0,0.0,8124.0,6392336.0
01-06-2020 12:45,7JYdWkrLSPkdwr4,3875.625,380.825,4157.5,7731978.5
21-05-2020 11:00,rGa61gmuvPhdLxV,9665.125,944.2375,2694.0,7155327.0
09-06-2020 07:00,ih0vzX44oOqAx2f,2210.142857,216.6714286,97.0,6367006.0
26-05-2020 15:15,7JYdWkrLSPkdwr4,3710.428571,364.4428571,6732.0,7690752.0
23-05-2020 21:30,uHbuxQJl8lW7ozc,0.0,0.0,8493.0,7103746.0
30-05-2020 01:00,ih0vzX44oOqAx2f,0.0,0.0,0.0,6295121.0
20-05-2020 01:30,WRmjgnKYAwPKWDb,0.0,0.0,0.0,7060932.0
17-05-2020 05:00,ZnxXDlPa8U1GXgE,0.0,0.0,0.0,6535152.0
01-06-2020 12:45,wCURE6d3bPkepu2,3742.571429,367.7,4194.714286,6913599.714
06-06-2020 04:15,pkci93gMrogZuBj,0.0,0.0,0.0,7331487.0
08-06-2020 21:30,sjndEbLyjtCKgGv,0.0,0.0,8371.0,7200925.0
27-05-2020 12:00,sjndEbLyjtCKgGv,11949.375,1165.9,3626.125,7109515.125
07-06-2020 22:00,WRmjgnKYAwPKWDb,0.0,0.0,8071.0,7204682.0
07-06-2020 06:00,rGa61gmuvPhdLxV,46.71428571,4.514285714,0.0,7279501.0
12-06-2020 13:30,z9Y9gH1T5YWrNuG,8230.571429,805.5714286,3770.428571,7214834.429
26-05-2020 11:00,VHMLBKoKgIrUVDU,13057.57143,1273.114286,3157.0,7292682.0
27-05-2020 04:00,WRmjgnKYAwPKWDb,0.0,0.0,0.0,7117880.0
20-05-2020 18:00,pkci93gMrogZuBj,843.875,81.9125,8829.75,7210178.75
17-06-2020 02:15,1IF53ai7Xc0U56Y,0.0,0.0,0.0,6427532.0
19-05-2020 00:15,WRmjgnKYAwPKWDb,0.0,0.0,0.0,7054452.0
09-06-2020 10:00,ZoEaEvLYb1n2sOq,5233.5,512.8375,1856.0,7283580.0
29-05-2020 23:15,z9Y9gH1T5YWrNuG,0.0,0.0,0.0,7120455.0
13-06-2020 04:30,pkci93gMrogZuBj,0.0,0.0,0.0,7380807.0
10-06-2020 10:00,McdE0feGgRqW7Ca,4915.142857,482.0714286,1578.285714,7356595.286
20-05-2020 01:15,WRmjgnKYAwPKWDb,0.0,0.0,0.0,7060932.0
16-06-2020 00:00,1IF53ai7Xc0U56Y,0.0,0.0,0.0,6421214.0
15-05-2020 15:00,uHbuxQJl8lW7ozc,6160.625,603.6875,5237.25,7043918.25
30-05-2020 09:15,adLQvlD726eNBSB,5474.625,536.6625,811.625,6388163.625
21-05-2020 14:45,wCURE6d3bPkepu2,7673.714286,750.8857143,6564.142857,6830808.143
27-05-2020 01:30,ih0vzX44oOqAx2f,0.0,0.0,0.0,6272291.0
06-06-2020 18:00,zVJPv84UY57bAof,141.5,13.65,6440.0,7285530.0
03-06-2020 06:15,ZoEaEvLYb1n2sOq,335.8571429,32.48571429,4.285714286,7235731.286
22-05-2020 13:45,ZoEaEvLYb1n2sOq,8744.714286,854.1142857,4982.857143,7151667.857
01-06-2020 21:00,3PZuoBAID5Wc2HD,0.0,0.0,5965.0,7121269.0
25-05-2020 18:00,1BY6WEcLGh8j5v7,394.8571429,38.18571429,8258.428571,6336198.429
25-05-2020 01:15,pkci93gMrogZuBj,0.0,0.0,0.0,7241707.0
06-06-2020 03:00,1BY6WEcLGh8j5v7,0.0,0.0,0.0,6412542.0
02-06-2020 10:15,zBIq5rxdHJRwDNY,7075.375,692.8,2093.625,6471126.625
10-06-2020 22:15,wCURE6d3bPkepu2,0.0,0.0,6423.0,6982403.0
09-06-2020 21:45,7JYdWkrLSPkdwr4,0.0,0.0,7936.0,7794729.0
13-06-2020 16:45,WRmjgnKYAwPKWDb,2186.714286,214.4142857,8213.142857,7246993.143
10-06-2020 14:30,adLQvlD726eNBSB,5620.571429,550.5857143,5636.0,6475913.0
11-06-2020 05:15,McdE0feGgRqW7Ca,0.0,0.0,0.0,7361623.0
15-06-2020 01:45,3PZuoBAID5Wc2HD,0.0,0.0,0.0,7218223.0
10-06-2020 23:45,rGa61gmuvPhdLxV,0.0,0.0,6565.0,7310769.0
12-06-2020 14:00,pkci93gMrogZuBj,8942.625,874.8375,4243.875,7379199.875
12-06-2020 10:45,3PZuoBAID5Wc2HD,6743.125,660.45,1638.625,7197824.625
04-06-2020 15:45,1IF53ai7Xc0U56Y,6974.571429,682.9714286,7197.714286,6339856.714
01-06-2020 10:00,YxYtjZvoooNbGkE,7631.428571,746.6142857,1760.285714,7307499.286
14-06-2020 19:30,bvBOhCH3iADSZry,0.0,0.0,3958.0,6521600.0
03-06-2020 19:15,1IF53ai7Xc0U56Y,0.0,0.0,7875.0,6332659.0
10-06-2020 19:00,z9Y9gH1T5YWrNuG,0.0,0.0,6412.0,7205465.0
18-05-2020 21:00,adLQvlD726eNBSB,0.0,0.0,5506.0,6297816.0
27-05-2020 20:45,uHbuxQJl8lW7ozc,0.0,0.0,0.0,7135258.0
10-06-2020 09:00,McdE0feGgRqW7Ca,7107.625,695.9875,886.75,7355903.75
02-06-2020 18:30,iCRJl6heRkivqQ3,64.57142857,6.214285714,7464.571429,7317812.571
25-05-2020 05:15,iCRJl6heRkivqQ3,0.0,0.0,0.0,7251261.0
30-05-2020 03:15,VHMLBKoKgIrUVDU,0.0,0.0,0.0,7321059.0
07-06-2020 02:00,YxYtjZvoooNbGkE,0.0,0.0,0.0,7348812.0
13-06-2020 02:00,3PZuoBAID5Wc2HD,0.0,0.0,0.0,7202086.0
24-05-2020 05:30,iCRJl6heRkivqQ3,0.0,0.0,0.0,7243220.0
22-05-2020 22:15,WRmjgnKYAwPKWDb,0.0,0.0,7237.0,7084595.0
22-05-2020 02:15,zVJPv84UY57bAof,0.0,0.0,0.0,7165123.0
17-06-2020 07:15,7JYdWkrLSPkdwr4,2051.857143,201.1571429,55.85714286,7841020.857
15-06-2020 23:45,WRmjgnKYAwPKWDb,0.0,0.0,5889.625,7261315.0
24-05-2020 00:00,VHMLBKoKgIrUVDU,0.0,0.0,1230.142857,7272332.0
01-06-2020 03:15,wCURE6d3bPkepu2,0.0,0.0,0.0,6909405.0
24-05-2020 22:00,sjndEbLyjtCKgGv,0.0,0.0,7902.0,7089351.0
16-05-2020 05:45,3PZuoBAID5Wc2HD,0.0,0.0,0.0,6994033.0
02-06-2020 15:45,sjndEbLyjtCKgGv,6528.75,639.3875,6704.875,7154712.875
06-06-2020 10:15,YxYtjZvoooNbGkE,8481.0,828.6125,1990.375,7344479.375
10-06-2020 07:30,ih0vzX44oOqAx2f,3296.142857,324.0,214.1428571,6374969.143
18-05-2020 11:15,VHMLBKoKgIrUVDU,7270.714286,711.9285714,1192.0,7228289.0
08-06-2020 10:45,pkci93gMrogZuBj,10821.57143,1056.771429,2669.571429,7348801.571
24-05-2020 02:00,ih0vzX44oOqAx2f,0.0,0.0,0.0,6248938.0
30-05-2020 21:00,WRmjgnKYAwPKWDb,0.0,0.0,7130.0,7148029.0
31-05-2020 13:00,7JYdWkrLSPkdwr4,9401.25,918.125,4014.0,7725992.0
02-06-2020 03:00,wCURE6d3bPkepu2,0.0,0.0,0.0,6915344.0
22-05-2020 00:45,ih0vzX44oOqAx2f,0.0,0.0,0.0,6233543.0
11-06-2020 15:15,3PZuoBAID5Wc2HD,6330.25,620.2125,4725.25,7195194.25
12-06-2020 21:15,uHbuxQJl8lW7ozc,0.0,0.0,5888.0,7252094.0
17-06-2020 01:30,rGa61gmuvPhdLxV,0.0,0.0,0.0,7350947.0
27-05-2020 12:15,WRmjgnKYAwPKWDb,6545.857143,641.1285714,3864.142857,7121744.143
07-06-2020 09:30,pkci93gMrogZuBj,6882.0,673.95,1151.625,7339069.625
26-05-2020 05:15,pkci93gMrogZuBj,0.0,0.0,0.0,7250519.0
17-06-2020 10:45,uHbuxQJl8lW7ozc,6663.125,652.625,1794.875,7282829.875
07-06-2020 05:45,sjndEbLyjtCKgGv,0.0,0.0,0.0,7185656.0
25-05-2020 14:15,3PZuoBAID5Wc2HD,10696.14286,1045.428571,7081.428571,7068649.429
30-05-2020 06:15,z9Y9gH1T5YWrNuG,313.2857143,30.25714286,4.0,7120459.0
25-05-2020 12:00,bvBOhCH3iADSZry,11486.125,1121.5,3914.125,6388126.125
13-06-2020 01:45,ih0vzX44oOqAx2f,0.0,0.0,0.0,6392263.0
09-06-2020 09:45,sjndEbLyjtCKgGv,9886.5,965.65,1748.875,7202673.875
13-06-2020 12:30,VHMLBKoKgIrUVDU,12986.75,1266.85,4890.625,7425804.625
07-06-2020 08:00,zVJPv84UY57bAof,3389.571429,333.2,306.2857143,7285836.286
15-06-2020 21:30,VHMLBKoKgIrUVDU,0.0,0.0,6814.0,7443869.0
09-06-2020 13:15,VHMLBKoKgIrUVDU,9826.714286,959.7857143,5281.857143,7399977.857
02-06-2020 06:00,rGa61gmuvPhdLxV,66.125,6.3875,0.0,7241969.0
29-05-2020 12:45,3PZuoBAID5Wc2HD,12723.0,1240.4625,4702.625,7098681.625
09-06-2020 20:30,3PZuoBAID5Wc2HD,0.0,0.0,8186.0,7183919.0
17-05-2020 04:00,ZnxXDlPa8U1GXgE,0.0,0.0,0.0,6535152.0
10-06-2020 03:15,uHbuxQJl8lW7ozc,0.0,0.0,0.0,7233863.0
17-06-2020 07:00,3PZuoBAID5Wc2HD,1392.25,135.925,17.875,7231390.875
31-05-2020 08:45,ih0vzX44oOqAx2f,7367.428571,721.2285714,562.2857143,6302829.286
11-06-2020 00:00,iCRJl6heRkivqQ3,0.0,0.0,0.0,7379779.0
01-06-2020 20:00,VHMLBKoKgIrUVDU,0.0,0.0,5909.0,7340314.0
15-05-2020 15:45,z9Y9gH1T5YWrNuG,4801.0,470.575,5702.625,7013568.625
03-06-2020 23:15,pkci93gMrogZuBj,0.0,0.0,7786.0,7315436.0
08-06-2020 22:45,wCURE6d3bPkepu2,0.0,0.0,8443.0,6967970.0
12-06-2020 09:15,ZoEaEvLYb1n2sOq,5835.375,571.8375,614.875,7302246.875
11-06-2020 06:30,sjndEbLyjtCKgGv,366.625,35.4,6.75,7215606.75
10-06-2020 15:30,1BY6WEcLGh8j5v7,4411.0,433.0,5228.857143,6444298.857
30-05-2020 10:00,VHMLBKoKgIrUVDU,4756.0,466.5714286,1187.857143,7322246.857
08-06-2020 13:00,YxYtjZvoooNbGkE,10120.0,988.45,4962.125,7361929.125
28-05-2020 04:00,VHMLBKoKgIrUVDU,0.0,0.0,0.0,7304378.0
16-06-2020 00:30,ZoEaEvLYb1n2sOq,0.0,0.0,0.0,7329691.0
31-05-2020 18:15,adLQvlD726eNBSB,280.75,27.125,5929.5,6400700.5
21-05-2020 21:45,1IF53ai7Xc0U56Y,0.0,0.0,0.0,6233247.0
26-05-2020 19:30,rGa61gmuvPhdLxV,0.0,0.0,0.0,7199869.0
06-06-2020 06:00,ih0vzX44oOqAx2f,132.1428571,12.74285714,0.285714286,6344476.286
17-06-2020 08:15,zVJPv84UY57bAof,3765.625,370.075,382.75,7357744.75
14-06-2020 01:00,YxYtjZvoooNbGkE,0.0,0.0,0.0,7399439.0
10-06-2020 18:00,1IF53ai7Xc0U56Y,572.0,55.37142857,6589.142857,6386611.143
23-05-2020 00:00,1BY6WEcLGh8j5v7,0.0,0.0,856.0,6312437.0
17-06-2020 13:15,adLQvlD726eNBSB,9690.857143,947.3142857,4191.428571,6522589.429
16-05-2020 05:15,ZoEaEvLYb1n2sOq,0.0,0.0,0.0,7104360.0
10-06-2020 01:15,1BY6WEcLGh8j5v7,0.0,0.0,0.0,6439070.0
28-05-2020 20:45,z9Y9gH1T5YWrNuG,0.0,0.0,8477.0,7112362.0
16-05-2020 12:30,rGa61gmuvPhdLxV,9343.571429,913.7714286,3403.571429,7121269.571
18-05-2020 02:15,1IF53ai7Xc0U56Y,0.0,0.0,0.0,6204353.0
23-05-2020 09:45,1IF53ai7Xc0U56Y,9512.0,929.8428571,1735.142857,6242269.143
12-06-2020 23:30,wCURE6d3bPkepu2,0.0,0.0,5854.0,6993908.0
17-05-2020 14:45,ih0vzX44oOqAx2f,10236.85714,1000.7,5958.714286,6203768.714
24-05-2020 02:30,z9Y9gH1T5YWrNuG,0.0,0.0,0.0,7072762.0
05-06-2020 16:00,1BY6WEcLGh8j5v7,6881.375,673.9875,6352.75,6411732.75
10-06-2020 00:45,sjndEbLyjtCKgGv,0.0,0.0,0.0,7209095.0
20-05-2020 08:30,7JYdWkrLSPkdwr4,6833.375,669.275,709.0,7635917.0
23-05-2020 12:00,1BY6WEcLGh8j5v7,12502.28571,1219.342857,3714.142857,6316151.143
10-06-2020 23:45,zVJPv84UY57bAof,0.0,0.0,6560.0,7317016.0
28-05-2020 11:00,pkci93gMrogZuBj,12028.42857,1173.2,2907.0,7267892.0
03-06-2020 14:15,McdE0feGgRqW7Ca,10188.57143,995.6142857,5769.428571,7306128.429
12-06-2020 15:00,1BY6WEcLGh8j5v7,5337.714286,523.2,4570.571429,6454808.571
01-06-2020 01:45,7JYdWkrLSPkdwr4,0.0,0.0,0.0,7727821.0
05-06-2020 10:30,zVJPv84UY57bAof,9559.142857,933.7142857,2115.0,7273388.0
15-05-2020 20:15,zBIq5rxdHJRwDNY,0.0,0.0,6396.0,6345776.0
15-05-2020 14:30,pkci93gMrogZuBj,7223.0,706.425,4929.75,7174031.75
02-06-2020 16:45,uHbuxQJl8lW7ozc,3199.875,314.075,7262.625,7178204.625
10-06-2020 22:30,wCURE6d3bPkepu2,0.0,0.0,6423.0,6982403.0
23-05-2020 20:00,WRmjgnKYAwPKWDb,0.0,0.0,8431.0,7093026.0
23-05-2020 19:30,zBIq5rxdHJRwDNY,0.0,0.0,8674.0,6404481.0
11-06-2020 20:15,z9Y9gH1T5YWrNuG,0.0,0.0,5599.0,7211064.0
04-06-2020 03:00,zBIq5rxdHJRwDNY,0.0,0.0,0.0,6484342.0
22-05-2020 12:45,pkci93gMrogZuBj,12458.75,1215.1125,4158.5,7222134.5
17-06-2020 19:45,WRmjgnKYAwPKWDb,0.0,0.0,5953.0,7273532.0
17-05-2020 03:45,bvBOhCH3iADSZry,0.0,0.0,0.0,6328648.0
26-05-2020 21:45,uHbuxQJl8lW7ozc,0.0,0.0,0.0,7128538.0
22-05-2020 08:30,zVJPv84UY57bAof,2646.125,259.5125,676.375,7165799.375
15-06-2020 10:30,McdE0feGgRqW7Ca,10213.25,997.1625,2571.25,7391929.25
23-05-2020 18:00,7JYdWkrLSPkdwr4,1267.75,123.35,8421.0,7667191.0
14-06-2020 03:00,1IF53ai7Xc0U56Y,0.0,0.0,0.0,6406881.0
08-06-2020 18:00,ih0vzX44oOqAx2f,825.2857143,80.08571429,8193.428571,6366885.429
16-06-2020 02:45,iCRJl6heRkivqQ3,0.0,0.0,0.0,7414001.0
17-05-2020 05:30,3PZuoBAID5Wc2HD,0.0,0.0,0.0,7000689.0
08-06-2020 16:15,ZoEaEvLYb1n2sOq,3239.0,317.8714286,7712.285714,7281165.286
01-06-2020 16:30,7JYdWkrLSPkdwr4,1735.0,170.0714286,5633.142857,7733454.143
30-05-2020 12:30,1BY6WEcLGh8j5v7,12228.71429,1192.742857,2943.857143,6368317.857
31-05-2020 16:00,pkci93gMrogZuBj,3075.285714,302.2285714,5559.857143,7294435.857
02-06-2020 13:45,zBIq5rxdHJRwDNY,13298.42857,1296.628571,5232.0,6474265.0
17-06-2020 22:15,zVJPv84UY57bAof,0.0,0.0,5910.0,7363272.0
13-06-2020 23:30,1BY6WEcLGh8j5v7,0.0,0.0,7984.0,6463663.0
16-05-2020 23:45,sjndEbLyjtCKgGv,0.0,0.0,3674.857143,7029613.0
27-05-2020 22:00,1BY6WEcLGh8j5v7,0.0,0.0,6164.0,6349833.0
13-06-2020 23:00,wCURE6d3bPkepu2,0.0,0.0,8461.0,7002369.0
27-05-2020 06:45,WRmjgnKYAwPKWDb,1613.25,157.8875,50.75,7117930.75
14-06-2020 14:30,McdE0feGgRqW7Ca,8734.75,853.85,5860.25,7387783.25
02-06-2020 23:30,3PZuoBAID5Wc2HD,0.0,0.0,0.0,7128614.0
01-06-2020 20:15,ih0vzX44oOqAx2f,0.0,0.0,5751.0,6313983.0
16-05-2020 22:15,1IF53ai7Xc0U56Y,0.0,0.0,6592.0,6196594.0
15-05-2020 17:00,adLQvlD726eNBSB,2165.285714,212.2857143,6253.428571,6277608.429
13-06-2020 15:15,adLQvlD726eNBSB,10204.57143,997.2285714,7748.428571,6496470.429
26-05-2020 18:30,iCRJl6heRkivqQ3,0.0,0.0,0.0,7267996.0
25-05-2020 21:00,VHMLBKoKgIrUVDU,0.0,0.0,9013.0,7289525.0
28-05-2020 13:30,ih0vzX44oOqAx2f,6983.0,683.05,5839.0,6284701.571
22-05-2020 13:15,VHMLBKoKgIrUVDU,12816.57143,1249.614286,4687.0,7261048.0
15-05-2020 04:00,sjndEbLyjtCKgGv,0.0,0.0,0.0,7016832.0
11-06-2020 04:45,VHMLBKoKgIrUVDU,0.0,0.0,0.0,7409295.0
23-05-2020 12:00,3PZuoBAID5Wc2HD,12966.75,1264.3875,4112.75,7048728.75
07-06-2020 06:00,zVJPv84UY57bAof,45.42857143,4.385714286,0.0,7285530.0
24-05-2020 11:15,1IF53ai7Xc0U56Y,11512.28571,1123.614286,2992.571429,6252199.571
05-06-2020 10:15,VHMLBKoKgIrUVDU,6817.75,667.6375,1969.0,7365790.0
31-05-2020 04:00,uHbuxQJl8lW7ozc,0.0,0.0,0.0,7159272.0
21-05-2020 23:30,1BY6WEcLGh8j5v7,0.0,0.0,7243.0,6305589.0
27-05-2020 08:00,uHbuxQJl8lW7ozc,4884.571429,479.0857143,395.0,7128933.0
03-06-2020 06:45,pkci93gMrogZuBj,895.1428571,86.9,32.57142857,7307682.571
15-06-2020 22:45,7JYdWkrLSPkdwr4,0.0,0.0,6641.0,7834799.0
16-05-2020 10:15,1IF53ai7Xc0U56Y,7505.875,734.75,1763.375,6191765.375
26-05-2020 10:00,1IF53ai7Xc0U56Y,11155.14286,1089.585714,2093.428571,6268621.429
20-05-2020 05:15,ih0vzX44oOqAx2f,0.0,0.0,0.0,6217277.0
21-05-2020 11:00,pkci93gMrogZuBj,8812.714286,861.5571429,2677.857143,7212875.857
05-06-2020 21:15,1BY6WEcLGh8j5v7,0.0,0.0,7162.0,6412542.0
31-05-2020 00:15,sjndEbLyjtCKgGv,0.0,0.0,0.0,7136255.0
13-06-2020 08:30,uHbuxQJl8lW7ozc,6629.375,649.3625,696.375,7252790.375
18-05-2020 01:00,iCRJl6heRkivqQ3,0.0,0.0,0.0,7198367.0
30-05-2020 20:30,zVJPv84UY57bAof,0.0,0.0,7290.0,7235977.0
29-05-2020 12:15,3PZuoBAID5Wc2HD,10230.75,999.875,4125.875,7098104.875
08-06-2020 03:45,adLQvlD726eNBSB,0.0,0.0,0.0,6453384.0
12-06-2020 07:00,z9Y9gH1T5YWrNuG,937.5,91.075,41.0,7211105.0
15-05-2020 16:00,iCRJl6heRkivqQ3,5077.875,498.075,5873.75,7183865.75
25-05-2020 22:00,7JYdWkrLSPkdwr4,0.0,0.0,8779.0,7684020.0
26-05-2020 23:45,sjndEbLyjtCKgGv,0.0,0.0,0.0,7105889.0
20-05-2020 05:45,zVJPv84UY57bAof,0.0,0.0,0.0,7148337.0
30-05-2020 23:30,ZnxXDlPa8U1GXgE,0.0,0.0,7317.0,6643383.0
22-05-2020 13:00,ZoEaEvLYb1n2sOq,10367.5,1011.95,4194.0,7150879.0
05-06-2020 15:15,7JYdWkrLSPkdwr4,6095.142857,596.3857143,6193.428571,7762814.429
16-06-2020 11:45,adLQvlD726eNBSB,8017.875,784.6125,3309.5,6515311.5
14-06-2020 21:30,uHbuxQJl8lW7ozc,0.0,0.0,7306.0,7267837.0
20-05-2020 11:45,VHMLBKoKgIrUVDU,12487.0,1217.8,4012.571429,7243554.571
13-06-2020 16:00,ZnxXDlPa8U1GXgE,6764.625,662.525,8090.625,6743875.625
08-06-2020 14:00,iCRJl6heRkivqQ3,9875.5,964.6625,5998.875,7362509.875
15-06-2020 23:45,adLQvlD726eNBSB,0.0,0.0,6916.0,6512002.0
06-06-2020 06:00,3PZuoBAID5Wc2HD,147.125,14.2125,0.5,7152486.5
16-06-2020 02:45,uHbuxQJl8lW7ozc,0.0,0.0,0.0,7274743.0
25-05-2020 06:30,WRmjgnKYAwPKWDb,791.25,76.75,18.25,7101135.25
13-06-2020 16:30,wCURE6d3bPkepu2,3607.857143,354.2285714,8199.714286,7002107.714
03-06-2020 07:45,1IF53ai7Xc0U56Y,3462.875,340.45,250.125,6325034.125
18-05-2020 07:00,uHbuxQJl8lW7ozc,1683.142857,164.7142857,75.28571429,7058868.286
23-05-2020 22:45,3PZuoBAID5Wc2HD,0.0,0.0,8652.0,7053268.0
07-06-2020 20:30,z9Y9gH1T5YWrNuG,0.0,0.0,6342.0,7183631.0
09-06-2020 06:15,1IF53ai7Xc0U56Y,524.7142857,50.77142857,8.714285714,6371841.714
25-05-2020 09:00,zBIq5rxdHJRwDNY,7837.428571,767.2142857,927.8571429,6412685.857
08-06-2020 23:00,1IF53ai7Xc0U56Y,0.0,0.0,8495.0,6371833.0
28-05-2020 12:45,adLQvlD726eNBSB,12317.125,1201.575,5360.625,6375733.625
22-05-2020 13:45,7JYdWkrLSPkdwr4,8810.571429,860.1714286,5093.285714,7656728.286
18-05-2020 23:30,VHMLBKoKgIrUVDU,0.0,0.0,5457.0,7232554.0
16-05-2020 02:15,1IF53ai7Xc0U56Y,0.0,0.0,0.0,6190002.0
22-05-2020 03:15,z9Y9gH1T5YWrNuG,0.0,0.0,0.0,7057147.0
30-05-2020 15:00,sjndEbLyjtCKgGv,9593.571429,938.2571429,5730.714286,7134759.714
17-06-2020 13:00,sjndEbLyjtCKgGv,6959.625,681.625,3854.625,7259648.625
24-05-2020 18:30,adLQvlD726eNBSB,156.7142857,15.11428571,8395.428571,6346129.429
20-05-2020 07:45,1BY6WEcLGh8j5v7,4069.428571,399.7714286,269.0,6290366.0
21-05-2020 17:00,rGa61gmuvPhdLxV,1079.285714,104.9,7698.857143,7160331.857
10-06-2020 04:45,wCURE6d3bPkepu2,0.0,0.0,0.0,6975980.0
04-06-2020 06:15,ih0vzX44oOqAx2f,386.1428571,37.35714286,6.285714286,6329016.286
02-06-2020 01:30,1IF53ai7Xc0U56Y,0.0,0.0,0.0,6317444.0
18-05-2020 22:45,wCURE6d3bPkepu2,0.0,0.0,5393.0,6808393.0
05-06-2020 01:00,bvBOhCH3iADSZry,0.0,0.0,0.0,6460186.0
18-05-2020 07:45,7JYdWkrLSPkdwr4,1774.571429,173.6714286,270.8571429,7623333.857
30-05-2020 01:30,VHMLBKoKgIrUVDU,0.0,0.0,0.0,7321059.0
20-05-2020 00:15,ZnxXDlPa8U1GXgE,0.0,0.0,0.0,6555136.0
21-05-2020 10:00,rGa61gmuvPhdLxV,5628.142857,550.5571429,1295.285714,7154439.714
14-06-2020 03:30,iCRJl6heRkivqQ3,0.0,0.0,0.0,7399855.0
27-05-2020 11:15,ih0vzX44oOqAx2f,11337.66667,1106.116667,2765.833333,6275045.8
10-06-2020 22:45,zVJPv84UY57bAof,0.0,0.0,6560.0,7317016.0
11-06-2020 08:00,z9Y9gH1T5YWrNuG,2593.875,254.375,189.0,7205654.0
13-06-2020 15:00,iCRJl6heRkivqQ3,10685.75,1043.875,7224.75,7398583.75
24-05-2020 18:45,VHMLBKoKgIrUVDU,0.0,0.0,8180.0,7280512.0
08-06-2020 00:30,z9Y9gH1T5YWrNuG,0.0,0.0,0.0,7183631.0
24-05-2020 17:15,ZoEaEvLYb1n2sOq,2659.0,260.925,7857.625,7170041.625
02-06-2020 22:45,pkci93gMrogZuBj,0.0,0.0,7350.0,7307650.0
16-05-2020 07:15,wCURE6d3bPkepu2,1944.857143,190.6857143,110.7142857,6789037.714
10-06-2020 20:00,McdE0feGgRqW7Ca,0.0,0.0,6606.0,7361623.0
24-05-2020 08:00,3PZuoBAID5Wc2HD,4850.0,475.4625,426.75,7053694.75
25-05-2020 13:45,zVJPv84UY57bAof,11771.5,1147.8875,6304.75,7195100.75
25-05-2020 01:30,1IF53ai7Xc0U56Y,0.0,0.0,0.0,6257480.0
06-06-2020 19:30,WRmjgnKYAwPKWDb,0.0,0.0,6341.0,7196611.0
03-06-2020 13:15,z9Y9gH1T5YWrNuG,10029.14286,980.5857143,4622.142857,7151896.143
29-05-2020 19:15,adLQvlD726eNBSB,0.0,0.0,8343.0,6387352.0
30-05-2020 11:45,VHMLBKoKgIrUVDU,9036.857143,883.6571429,2345.714286,7323404.714
04-06-2020 18:30,ZnxXDlPa8U1GXgE,45.85714286,4.414285714,8177.714286,6679061.714
01-06-2020 18:00,ZoEaEvLYb1n2sOq,563.0,54.475,5781.75,7228425.75
24-05-2020 21:30,rGa61gmuvPhdLxV,0.0,0.0,8002.0,7183295.0
03-06-2020 12:00,z9Y9gH1T5YWrNuG,9526.75,931.675,3273.25,7150547.25
17-05-2020 22:00,bvBOhCH3iADSZry,0.0,0.0,6928.0,6335576.0
04-06-2020 14:00,sjndEbLyjtCKgGv,8373.571429,818.4571429,5643.714286,7168936.714
26-05-2020 21:45,rGa61gmuvPhdLxV,0.0,0.0,0.0,7199869.0
15-06-2020 14:45,wCURE6d3bPkepu2,6877.125,673.425,5566.5,7015264.5
31-05-2020 16:15,ZoEaEvLYb1n2sOq,2130.875,208.9,5510.5,7222358.5
27-05-2020 17:45,z9Y9gH1T5YWrNuG,596.1428571,57.71428571,6692.0,7103875.0
15-05-2020 07:15,WRmjgnKYAwPKWDb,2024.285714,198.4714286,126.7142857,7028799.714
26-05-2020 06:30,VHMLBKoKgIrUVDU,816.875,79.2625,22.75,7289547.75
21-05-2020 15:45,ZoEaEvLYb1n2sOq,5143.285714,504.4,7136.714286,7146204.714
10-06-2020 00:30,ih0vzX44oOqAx2f,0.0,0.0,0.0,6374755.0
04-06-2020 22:00,3PZuoBAID5Wc2HD,0.0,0.0,8215.0,7144703.0
31-05-2020 18:30,7JYdWkrLSPkdwr4,25.85714286,2.5,5843.0,7727821.0
16-06-2020 23:45,WRmjgnKYAwPKWDb,0.0,0.0,6264.0,7267579.0
04-06-2020 01:15,bvBOhCH3iADSZry,0.0,0.0,0.0,6452724.0
22-05-2020 16:30,ZoEaEvLYb1n2sOq,2212.857143,216.9571429,6843.571429,7153528.571
14-06-2020 15:30,wCURE6d3bPkepu2,6783.0,664.325,6588.5,7008957.5
18-05-2020 02:00,ZnxXDlPa8U1GXgE,0.0,0.0,0.0,6542738.0
15-06-2020 05:30,ZnxXDlPa8U1GXgE,0.0,0.0,0.0,6751747.0
17-05-2020 17:00,iCRJl6heRkivqQ3,2096.625,205.575,7386.5,7198234.5
29-05-2020 20:45,WRmjgnKYAwPKWDb,0.0,0.0,8038.0,7140899.0
08-06-2020 23:45,pkci93gMrogZuBj,0.0,0.0,8344.0,7354476.0
23-05-2020 00:45,z9Y9gH1T5YWrNuG,0.0,0.0,0.0,7064219.0
20-05-2020 21:30,z9Y9gH1T5YWrNuG,0.0,0.0,8796.0,7049261.0
17-05-2020 02:00,1IF53ai7Xc0U56Y,0.0,0.0,0.0,6196594.0
24-05-2020 06:15,zBIq5rxdHJRwDNY,390.5714286,37.74285714,6.857142857,6404487.857
19-05-2020 15:15,ZnxXDlPa8U1GXgE,6111.5,598.85,5954.25,6554116.25
05-06-2020 14:30,WRmjgnKYAwPKWDb,11428.875,1115.8625,5626.125,7188291.125
28-05-2020 11:15,zBIq5rxdHJRwDNY,12001.125,1170.1125,3091.875,6437174.875
04-06-2020 21:00,1IF53ai7Xc0U56Y,0.0,0.0,8196.0,6340855.0
17-05-2020 07:30,zVJPv84UY57bAof,2837.142857,278.5714286,155.5714286,7128690.571
11-06-2020 21:45,wCURE6d3bPkepu2,0.0,0.0,5651.0,6988054.0
07-06-2020 01:00,3PZuoBAID5Wc2HD,0.0,0.0,0.0,7158982.0
10-06-2020 20:15,ZoEaEvLYb1n2sOq,0.0,0.0,6392.0,7296071.0
17-05-2020 02:45,ZoEaEvLYb1n2sOq,0.0,0.0,0.0,7110744.0
03-06-2020 11:30,zBIq5rxdHJRwDNY,11227.57143,1096.328571,2703.0,6479157.0
11-06-2020 10:45,iCRJl6heRkivqQ3,6012.857143,589.2,1364.571429,7381143.571
30-05-2020 11:30,WRmjgnKYAwPKWDb,8142.25,796.875,2106.25,7143005.25
13-06-2020 03:30,1IF53ai7Xc0U56Y,0.0,0.0,0.0,6398227.0
10-06-2020 09:00,adLQvlD726eNBSB,7220.875,707.0,947.5,6471224.5
30-05-2020 20:30,WRmjgnKYAwPKWDb,0.0,0.0,7130.0,7148029.0
24-05-2020 23:45,sjndEbLyjtCKgGv,0.0,0.0,4515.428571,7089351.0
30-05-2020 14:45,wCURE6d3bPkepu2,10269.14286,1003.942857,5539.0,6901419.0
20-05-2020 12:30,adLQvlD726eNBSB,13117.0,1278.9125,5021.5,6309534.5
03-06-2020 16:15,WRmjgnKYAwPKWDb,3467.125,340.35,7244.875,7174161.875
30-05-2020 22:30,ZoEaEvLYb1n2sOq,0.0,0.0,7248.0,7216848.0
01-06-2020 21:15,uHbuxQJl8lW7ozc,0.0,0.0,5589.0,7170942.0
07-06-2020 19:00,sjndEbLyjtCKgGv,0.0,0.0,6898.0,7192554.0
22-05-2020 10:45,zBIq5rxdHJRwDNY,9984.125,974.8875,1963.125,6390562.125
01-06-2020 22:15,zVJPv84UY57bAof,0.0,0.0,5742.0,7247766.0
04-06-2020 08:30,uHbuxQJl8lW7ozc,5945.875,582.625,617.25,7186872.25
10-06-2020 20:45,1BY6WEcLGh8j5v7,0.0,0.0,5911.0,6444981.0
05-06-2020 14:00,VHMLBKoKgIrUVDU,13091.25,1276.675,5207.25,7369028.25
24-05-2020 18:30,YxYtjZvoooNbGkE,145.1428571,14.01428571,7969.714286,7252649.714
22-05-2020 11:15,1BY6WEcLGh8j5v7,7977.5,780.0875,2299.625,6307888.625
14-06-2020 05:45,bvBOhCH3iADSZry,0.0,0.0,0.0,6517642.0
14-06-2020 10:15,YxYtjZvoooNbGkE,7619.857143,745.9857143,1810.857143,7401249.857
15-05-2020 11:30,bvBOhCH3iADSZry,7353.125,719.0625,2024.375,6318827.375
16-06-2020 02:00,adLQvlD726eNBSB,0.0,0.0,0.0,6512002.0
15-05-2020 05:15,7JYdWkrLSPkdwr4,0.0,0.0,0.0,7602960.0
30-05-2020 20:45,z9Y9gH1T5YWrNuG,0.0,0.0,7142.0,7127597.0
25-05-2020 08:30,ih0vzX44oOqAx2f,5929.428571,581.0,554.4285714,6257048.429
29-05-2020 06:30,sjndEbLyjtCKgGv,991.8571429,96.38571429,19.0,7120922.0
14-06-2020 08:15,sjndEbLyjtCKgGv,3619.714286,355.7285714,513.5714286,7236017.571
21-05-2020 13:30,ih0vzX44oOqAx2f,10690.0,1043.375,5332.625,6231273.625
07-06-2020 14:00,pkci93gMrogZuBj,10248.85714,1000.5,5989.714286,7343907.714
27-05-2020 07:30,ZnxXDlPa8U1GXgE,3473.571429,341.4857143,210.8571429,6612859.857
01-06-2020 23:00,ZoEaEvLYb1n2sOq,0.0,0.0,5796.0,7228440.0
16-06-2020 12:45,ZoEaEvLYb1n2sOq,7508.375,734.2375,3761.375,7333452.375
04-06-2020 21:00,sjndEbLyjtCKgGv,0.0,0.0,0.0,7171518.0
19-05-2020 09:15,adLQvlD726eNBSB,6747.285714,660.7428571,841.8571429,6298657.857
31-05-2020 23:45,ZnxXDlPa8U1GXgE,0.0,0.0,6142.0,6649525.0
27-05-2020 23:45,zVJPv84UY57bAof,0.0,0.0,0.0,7212082.0
01-06-2020 08:15,7JYdWkrLSPkdwr4,5563.571429,545.3285714,651.2857143,7728472.286
13-06-2020 17:30,sjndEbLyjtCKgGv,1245.0,121.3857143,8343.0,7235444.0
04-06-2020 13:15,YxYtjZvoooNbGkE,12259.5,1196.0625,4854.375,7331610.375
16-05-2020 19:30,rGa61gmuvPhdLxV,0.0,0.0,6233.0,7124099.0
02-06-2020 14:15,YxYtjZvoooNbGkE,7268.714286,711.7571429,5634.0,7317150.0
30-05-2020 05:30,z9Y9gH1T5YWrNuG,0.0,0.0,0.0,7120455.0
13-06-2020 16:00,1IF53ai7Xc0U56Y,6496.5,636.3875,8185.0,6406412.0
18-05-2020 04:00,wCURE6d3bPkepu2,0.0,0.0,0.0,6803000.0
24-05-2020 18:15,iCRJl6heRkivqQ3,373.0,36.04285714,8033.857143,7251253.857
19-05-2020 22:45,sjndEbLyjtCKgGv,0.0,0.0,6879.0,7049284.0
08-06-2020 01:30,adLQvlD726eNBSB,0.0,0.0,0.0,6453384.0
15-05-2020 22:00,zBIq5rxdHJRwDNY,0.0,0.0,6396.0,6345776.0
17-05-2020 15:00,rGa61gmuvPhdLxV,9840.428571,962.2571429,6207.428571,7130306.429
23-05-2020 00:30,1IF53ai7Xc0U56Y,0.0,0.0,0.0,6240534.0
19-05-2020 22:30,zVJPv84UY57bAof,0.0,0.0,6932.0,7148337.0
23-05-2020 17:45,zBIq5rxdHJRwDNY,1620.857143,158.7428571,8606.142857,6404413.143
19-05-2020 02:45,wCURE6d3bPkepu2,0.0,0.0,0.0,6808393.0
15-06-2020 03:30,sjndEbLyjtCKgGv,0.0,0.0,0.0,7242811.0
10-06-2020 09:00,ZoEaEvLYb1n2sOq,6861.0,671.9428571,855.7142857,7290534.714
16-05-2020 10:15,VHMLBKoKgIrUVDU,7224.142857,707.3714286,1761.857143,7214427.857
30-05-2020 00:15,z9Y9gH1T5YWrNuG,0.0,0.0,0.0,7120455.0
17-05-2020 08:30,7JYdWkrLSPkdwr4,5578.125,546.8375,630.25,7616167.25
25-05-2020 02:45,ZnxXDlPa8U1GXgE,0.0,0.0,0.0,6595756.0
05-06-2020 20:15,adLQvlD726eNBSB,0.0,0.0,0.0,6438428.0
02-06-2020 05:30,YxYtjZvoooNbGkE,0.0,0.0,0.0,7311516.0
09-06-2020 04:00,zBIq5rxdHJRwDNY,0.0,0.0,0.0,6523269.0
20-05-2020 19:45,zBIq5rxdHJRwDNY,0.0,0.0,8891.0,6380862.0
07-06-2020 16:30,bvBOhCH3iADSZry,2879.571429,282.3571429,4772.285714,6477896.286
17-05-2020 09:30,bvBOhCH3iADSZry,7695.0,753.2142857,1228.714286,6329876.714
13-06-2020 19:45,zVJPv84UY57bAof,0.0,0.0,8410.0,7336960.0
02-06-2020 19:15,sjndEbLyjtCKgGv,0.0,0.0,7439.0,7155447.0
13-06-2020 07:30,sjndEbLyjtCKgGv,3299.142857,324.2,193.4285714,7227294.429
03-06-2020 20:00,iCRJl6heRkivqQ3,0.0,0.0,7883.0,7325696.0
09-06-2020 09:15,zVJPv84UY57bAof,9086.142857,888.2571429,1283.857143,7303450.857
01-06-2020 21:45,ih0vzX44oOqAx2f,0.0,0.0,5751.0,6313983.0
16-05-2020 22:00,7JYdWkrLSPkdwr4,0.0,0.0,6461.0,7615537.0
09-06-2020 19:15,iCRJl6heRkivqQ3,0.0,0.0,8265.0,7373220.0
24-05-2020 22:00,3PZuoBAID5Wc2HD,0.0,0.0,8300.0,7061568.0
24-05-2020 01:00,uHbuxQJl8lW7ozc,0.0,0.0,0.0,7103746.0
07-06-2020 11:45,z9Y9gH1T5YWrNuG,11319.42857,1105.185714,3341.285714,7180630.286
17-06-2020 11:45,McdE0feGgRqW7Ca,11714.71429,1143.471429,2572.0,7405167.0
26-05-2020 16:45,z9Y9gH1T5YWrNuG,6124.625,600.0625,7495.875,7096935.875
16-06-2020 20:45,zVJPv84UY57bAof,0.0,0.0,6262.0,7357362.0
19-05-2020 04:00,ZoEaEvLYb1n2sOq,0.0,0.0,0.0,7123527.0
20-05-2020 10:45,ZnxXDlPa8U1GXgE,11084.85714,1083.242857,2726.571429,6557862.571
22-05-2020 01:30,ZnxXDlPa8U1GXgE,0.0,0.0,0.0,6571864.0
02-06-2020 12:45,YxYtjZvoooNbGkE,10882.71429,1062.985714,4100.142857,7315616.143
29-05-2020 12:30,McdE0feGgRqW7Ca,12271.71429,1197.257143,4395.857143,7269351.857
01-06-2020 20:15,YxYtjZvoooNbGkE,0.0,0.0,5777.0,7311516.0
05-06-2020 19:30,iCRJl6heRkivqQ3,0.0,0.0,7803.0,7341803.0
18-05-2020 05:15,7JYdWkrLSPkdwr4,0.0,0.0,0.0,7623063.0
01-06-2020 10:00,z9Y9gH1T5YWrNuG,7983.375,780.9625,1710.5,7135607.5
15-05-2020 20:30,1BY6WEcLGh8j5v7,0.0,0.0,5754.0,6265313.0
15-05-2020 11:30,3PZuoBAID5Wc2HD,8226.857143,803.6714286,2295.857143,6990054.857
17-06-2020 09:30,rGa61gmuvPhdLxV,7106.714286,695.8571429,975.4285714,7351922.429
23-05-2020 13:00,pkci93gMrogZuBj,10839.57143,1058.6,5095.142857,7230295.143
27-05-2020 07:15,rGa61gmuvPhdLxV,1877.142857,183.7571429,130.8571429,7199999.857
04-06-2020 10:30,WRmjgnKYAwPKWDb,9041.0,882.7285714,2107.857143,7176734.857
08-06-2020 03:15,YxYtjZvoooNbGkE,0.0,0.0,0.0,7356967.0
04-06-2020 12:45,zVJPv84UY57bAof,8467.714286,827.3,4340.285714,7267393.286
07-06-2020 17:45,VHMLBKoKgIrUVDU,1179.142857,114.6571429,8179.857143,7386168.857
10-06-2020 19:15,adLQvlD726eNBSB,0.0,0.0,6667.0,6476944.0
02-06-2020 17:15,1IF53ai7Xc0U56Y,1567.0,153.1375,7278.625,6324722.625
10-06-2020 06:30,ih0vzX44oOqAx2f,839.0,81.4,21.0,6374776.0
18-05-2020 02:45,rGa61gmuvPhdLxV,0.0,0.0,0.0,7131537.0
02-06-2020 00:30,ZoEaEvLYb1n2sOq,0.0,0.0,0.0,7228440.0
19-05-2020 09:00,7JYdWkrLSPkdwr4,6189.857143,606.4142857,674.4285714,7629046.429
19-05-2020 17:00,pkci93gMrogZuBj,2708.875,265.8625,6816.375,7201227.375
03-06-2020 09:15,wCURE6d3bPkepu2,6376.125,624.6125,965.0,6923834.0
04-06-2020 02:45,3PZuoBAID5Wc2HD,0.0,0.0,0.0,7136488.0
15-06-2020 10:00,wCURE6d3bPkepu2,9424.375,921.5625,1982.5,7011680.5
19-05-2020 05:15,pkci93gMrogZuBj,0.0,0.0,0.0,7194411.0
23-05-2020 00:45,bvBOhCH3iADSZry,0.0,0.0,0.0,6368908.0
14-06-2020 15:15,WRmjgnKYAwPKWDb,9486.857143,926.9857143,6486.428571,7253665.429
14-06-2020 22:00,iCRJl6heRkivqQ3,0.0,0.0,7369.0,7407224.0
23-05-2020 06:45,iCRJl6heRkivqQ3,683.1666667,66.2,26.16666667,7234619.167
30-05-2020 02:00,7JYdWkrLSPkdwr4,0.0,0.0,0.0,7714835.0
18-05-2020 19:15,bvBOhCH3iADSZry,0.0,0.0,4962.0,6340538.0
07-06-2020 05:15,pkci93gMrogZuBj,0.0,0.0,0.0,7337918.0
16-06-2020 22:45,YxYtjZvoooNbGkE,0.0,0.0,6221.0,7419556.0
29-05-2020 06:15,1BY6WEcLGh8j5v7,470.2,45.5,1.2,6357811.0
20-05-2020 09:45,zVJPv84UY57bAof,9546.571429,933.6571429,1655.142857,7149992.143
15-06-2020 05:30,z9Y9gH1T5YWrNuG,0.0,0.0,0.0,7232468.0
02-06-2020 15:00,ZoEaEvLYb1n2sOq,6455.285714,632.2428571,6153.571429,7234593.571
02-06-2020 05:15,wCURE6d3bPkepu2,0.0,0.0,0.0,6915344.0
14-06-2020 14:30,bvBOhCH3iADSZry,7117.714286,696.9285714,2538.142857,6520180.143
03-06-2020 05:30,zVJPv84UY57bAof,0.0,0.0,0.0,7255217.0
21-05-2020 09:30,rGa61gmuvPhdLxV,9836.142857,961.8428571,1422.857143,7154055.857
20-05-2020 08:15,1IF53ai7Xc0U56Y,6244.5,611.8,576.0,6217006.0
26-05-2020 23:45,pkci93gMrogZuBj,0.0,0.0,0.0,7258294.0
15-06-2020 05:00,rGa61gmuvPhdLxV,0.0,0.0,0.0,7337972.0
16-06-2020 19:30,ZnxXDlPa8U1GXgE,0.0,0.0,6304.0,6764808.0
27-05-2020 02:45,ih0vzX44oOqAx2f,0.0,0.0,0.0,6272291.0
10-06-2020 08:15,ih0vzX44oOqAx2f,2917.0,286.4875,492.0,6375247.0
23-05-2020 02:30,ZoEaEvLYb1n2sOq,0.0,0.0,0.0,7153713.0
27-05-2020 12:00,WRmjgnKYAwPKWDb,11778.0,1149.425,3611.5,7121491.5
16-05-2020 12:45,wCURE6d3bPkepu2,11819.875,1152.875,3786.125,6792713.125
25-05-2020 01:30,pkci93gMrogZuBj,0.0,0.0,0.0,7241707.0
15-05-2020 05:00,ZnxXDlPa8U1GXgE,0.0,0.0,0.0,6522172.0
21-05-2020 08:45,sjndEbLyjtCKgGv,7301.285714,714.8857143,774.8571429,7058835.857
11-06-2020 21:30,3PZuoBAID5Wc2HD,0.0,0.0,5717.0,7196186.0
09-06-2020 21:15,uHbuxQJl8lW7ozc,0.0,0.0,8309.0,7233863.0
03-06-2020 04:30,sjndEbLyjtCKgGv,0.0,0.0,0.0,7155447.0
04-06-2020 17:15,rGa61gmuvPhdLxV,3953.125,388.425,8010.625,7265147.625
28-05-2020 13:00,ZoEaEvLYb1n2sOq,12995.25,1267.05,5242.375,7198533.375
16-05-2020 15:15,3PZuoBAID5Wc2HD,5957.285714,583.7142857,5940.142857,6999973.143
18-05-2020 04:45,iCRJl6heRkivqQ3,0.0,0.0,0.0,7198367.0
11-06-2020 02:30,3PZuoBAID5Wc2HD,0.0,0.0,0.0,7190469.0
02-06-2020 07:30,ZoEaEvLYb1n2sOq,2050.571429,201.0,145.1428571,7228585.143
01-06-2020 13:15,zBIq5rxdHJRwDNY,9009.714286,880.5571429,4455.857143,6467694.857
16-06-2020 16:15,1IF53ai7Xc0U56Y,3583.428571,352.0714286,5975.857143,6427189.857
02-06-2020 01:00,VHMLBKoKgIrUVDU,0.0,0.0,0.0,7340314.0
27-05-2020 05:15,1IF53ai7Xc0U56Y,0.0,0.0,0.0,6274638.0
02-06-2020 16:30,zVJPv84UY57bAof,4538.428571,445.3714286,7149.714286,7254915.714
15-06-2020 03:00,1IF53ai7Xc0U56Y,0.0,0.0,0.0,6414368.0
30-05-2020 03:15,pkci93gMrogZuBj,0.0,0.0,0.0,7281535.0
05-06-2020 05:45,adLQvlD726eNBSB,0.0,0.0,0.0,6430581.0
12-06-2020 02:15,McdE0feGgRqW7Ca,0.0,0.0,0.0,7367373.0
16-05-2020 11:30,7JYdWkrLSPkdwr4,6662.428571,652.5428571,2719.714286,7611795.714
19-05-2020 14:00,McdE0feGgRqW7Ca,9399.0,919.3,4846.714286,7189937.714
20-05-2020 06:00,1BY6WEcLGh8j5v7,97.71428571,9.442857143,0.285714286,6290097.286
04-06-2020 04:15,z9Y9gH1T5YWrNuG,0.0,0.0,0.0,7155113.0
29-05-2020 21:30,rGa61gmuvPhdLxV,0.0,0.0,0.0,7223074.0
04-06-2020 04:30,sjndEbLyjtCKgGv,0.0,0.0,0.0,7163293.0
11-06-2020 13:45,VHMLBKoKgIrUVDU,6368.75,623.925,3567.5,7412862.5
09-06-2020 22:00,ih0vzX44oOqAx2f,0.0,0.0,7846.0,6374755.0
13-06-2020 05:45,sjndEbLyjtCKgGv,0.0,0.0,0.0,7227101.0
14-06-2020 21:00,zVJPv84UY57bAof,0.0,0.0,7320.0,7344280.0
23-05-2020 04:30,WRmjgnKYAwPKWDb,0.0,0.0,0.0,7084595.0
24-05-2020 10:30,bvBOhCH3iADSZry,9498.5,927.925,2009.375,6378781.375
27-05-2020 22:30,wCURE6d3bPkepu2,0.0,0.0,0.0,6879195.0
06-06-2020 17:30,VHMLBKoKgIrUVDU,457.25,44.2125,6412.625,7377966.625
11-06-2020 00:15,7JYdWkrLSPkdwr4,0.0,0.0,0.0,7801091.0
04-06-2020 14:00,ih0vzX44oOqAx2f,7356.75,719.4375,5518.375,6334528.375
21-05-2020 13:45,uHbuxQJl8lW7ozc,12286.125,1198.5125,5679.0,7085790.0
23-05-2020 12:45,ZnxXDlPa8U1GXgE,9040.875,884.45,4897.875,6584036.875
20-05-2020 02:45,uHbuxQJl8lW7ozc,0.0,0.0,0.0,7071198.0
17-05-2020 22:30,YxYtjZvoooNbGkE,0.0,0.0,7497.0,7200229.0
29-05-2020 20:45,1IF53ai7Xc0U56Y,0.0,0.0,8253.0,6298211.0
12-06-2020 08:45,3PZuoBAID5Wc2HD,4163.875,408.9875,373.0,7196559.0
03-06-2020 11:00,zVJPv84UY57bAof,9749.142857,953.3857143,2221.142857,7257438.143
22-05-2020 19:00,ih0vzX44oOqAx2f,0.0,0.0,7000.0,6240543.0
17-05-2020 01:30,pkci93gMrogZuBj,0.0,0.0,0.0,7181650.0
10-06-2020 14:45,ih0vzX44oOqAx2f,972.2857143,94.45714286,5348.857143,6380103.857
22-05-2020 06:15,7JYdWkrLSPkdwr4,583.1428571,56.42857143,11.42857143,7651646.429
08-06-2020 11:00,1BY6WEcLGh8j5v7,10768.0,1050.985714,2856.714286,6426606.714
13-06-2020 23:30,ZnxXDlPa8U1GXgE,0.0,0.0,8558.0,6744343.0
07-06-2020 03:15,z9Y9gH1T5YWrNuG,0.0,0.0,0.0,7177289.0
19-05-2020 06:45,z9Y9gH1T5YWrNuG,679.25,65.975,12.25,7033585.25
02-06-2020 01:45,1IF53ai7Xc0U56Y,0.0,0.0,0.0,6317444.0
14-06-2020 01:15,z9Y9gH1T5YWrNuG,0.0,0.0,0.0,7225230.0
04-06-2020 22:00,z9Y9gH1T5YWrNuG,0.0,0.0,0.0,7163262.0
22-05-2020 22:30,wCURE6d3bPkepu2,0.0,0.0,0.0,6839225.0
08-06-2020 08:30,iCRJl6heRkivqQ3,5466.285714,535.8571429,533.4285714,7357044.429
28-05-2020 15:15,zVJPv84UY57bAof,9178.142857,897.8,7309.571429,7219391.571
24-05-2020 13:00,z9Y9gH1T5YWrNuG,12341.0,1203.2375,4863.375,7077625.375
07-06-2020 09:00,adLQvlD726eNBSB,9664.571429,945.0857143,790.4285714,6445821.429
02-06-2020 12:15,uHbuxQJl8lW7ozc,9895.285714,967.4857143,3677.428571,7174619.429
17-06-2020 14:00,ZoEaEvLYb1n2sOq,6351.375,622.1125,4651.5,7340533.5
02-06-2020 06:45,7JYdWkrLSPkdwr4,808.75,78.475,31.25,7733655.25
04-06-2020 15:30,bvBOhCH3iADSZry,7840.625,767.4625,6334.5,6459058.5
14-06-2020 17:00,adLQvlD726eNBSB,1861.375,182.45,7465.75,6504961.75
04-06-2020 15:00,ZoEaEvLYb1n2sOq,11456.14286,1118.385714,6352.714286,7249853.714
16-06-2020 09:00,3PZuoBAID5Wc2HD,5980.285714,585.9857143,917.7142857,7225959.714
11-06-2020 13:30,zVJPv84UY57bAof,4905.285714,481.1714286,3379.142857,7320395.143
16-05-2020 17:45,sjndEbLyjtCKgGv,745.2857143,72.25714286,6410.714286,7029592.714
28-05-2020 20:00,adLQvlD726eNBSB,0.0,0.0,8636.0,6379009.0
01-06-2020 01:30,YxYtjZvoooNbGkE,0.0,0.0,0.0,7305739.0
01-06-2020 00:30,YxYtjZvoooNbGkE,0.0,0.0,0.0,7305739.0
28-05-2020 20:15,iCRJl6heRkivqQ3,0.0,0.0,8345.0,7283037.0
01-06-2020 11:45,zBIq5rxdHJRwDNY,4238.857143,416.3142857,3477.0,6466716.0
10-06-2020 10:15,WRmjgnKYAwPKWDb,7989.75,781.5875,1735.25,7222713.25
01-06-2020 07:30,7JYdWkrLSPkdwr4,4286.5,420.9375,253.75,7728074.75
26-05-2020 18:15,wCURE6d3bPkepu2,0.0,0.0,7835.0,6872485.0
20-05-2020 20:30,ZnxXDlPa8U1GXgE,0.0,0.0,8909.0,6564045.0
21-05-2020 17:00,zBIq5rxdHJRwDNY,1074.375,104.4375,7669.75,6388531.75
15-05-2020 05:45,sjndEbLyjtCKgGv,0.0,0.0,0.0,7016832.0
10-06-2020 05:30,ZnxXDlPa8U1GXgE,0.0,0.0,0.0,6717772.0
11-06-2020 17:45,bvBOhCH3iADSZry,909.4285714,88.31428571,5164.857143,6504374.857
17-06-2020 07:45,iCRJl6heRkivqQ3,3761.571429,369.6714286,213.8571429,7420519.857
30-05-2020 03:30,WRmjgnKYAwPKWDb,0.0,0.0,0.0,7140899.0
03-06-2020 02:15,ih0vzX44oOqAx2f,0.0,0.0,0.0,6321311.0
30-05-2020 22:15,z9Y9gH1T5YWrNuG,0.0,0.0,7142.0,7127597.0
21-05-2020 10:30,zBIq5rxdHJRwDNY,10729.75,1047.1375,2201.5,6383063.5
30-05-2020 22:30,zVJPv84UY57bAof,0.0,0.0,7290.0,7235977.0
10-06-2020 00:15,wCURE6d3bPkepu2,0.0,0.0,0.0,6975980.0
20-05-2020 21:15,z9Y9gH1T5YWrNuG,0.0,0.0,8796.0,7049261.0
10-06-2020 02:45,1IF53ai7Xc0U56Y,0.0,0.0,0.0,6380022.0
27-05-2020 21:45,bvBOhCH3iADSZry,0.0,0.0,6133.0,6405833.0
19-05-2020 10:45,McdE0feGgRqW7Ca,8341.75,815.425,1944.25,7187035.25
03-06-2020 16:45,iCRJl6heRkivqQ3,4767.857143,467.3714286,7495.0,7325308.0
14-06-2020 07:45,rGa61gmuvPhdLxV,4226.714286,414.9285714,299.7142857,7330969.714
17-05-2020 13:15,sjndEbLyjtCKgGv,6430.75,629.125,4875.25,7034488.25
22-05-2020 08:00,iCRJl6heRkivqQ3,5008.625,491.1625,469.125,7227911.125
30-05-2020 07:30,ih0vzX44oOqAx2f,1967.714286,192.9,171.4285714,6295292.429
28-05-2020 22:15,YxYtjZvoooNbGkE,0.0,0.0,8375.0,7284404.0
24-05-2020 00:15,VHMLBKoKgIrUVDU,0.0,0.0,0.0,7272332.0
18-05-2020 04:45,pkci93gMrogZuBj,0.0,0.0,0.0,7189047.0
22-05-2020 10:15,7JYdWkrLSPkdwr4,11040.375,1077.625,1635.75,7653270.75
03-06-2020 06:15,rGa61gmuvPhdLxV,329.7142857,31.85714286,3.428571429,7249333.429
17-06-2020 11:30,1BY6WEcLGh8j5v7,7074.285714,692.7571429,2162.857143,6481960.857
30-05-2020 20:00,zBIq5rxdHJRwDNY,0.0,0.0,7396.0,6457301.0
20-05-2020 09:30,uHbuxQJl8lW7ozc,8723.0,853.4875,1440.875,7072638.875
27-05-2020 14:00,wCURE6d3bPkepu2,4166.875,409.3375,5023.375,6877508.375
24-05-2020 18:30,WRmjgnKYAwPKWDb,149.5714286,14.44285714,8089.0,7101115.0
09-06-2020 01:45,1IF53ai7Xc0U56Y,0.0,0.0,0.0,6371833.0
13-06-2020 21:15,3PZuoBAID5Wc2HD,0.0,0.0,8633.0,7210719.0
25-05-2020 08:15,1IF53ai7Xc0U56Y,6362.625,623.3375,497.5,6257977.5
17-05-2020 11:00,ih0vzX44oOqAx2f,11199.57143,1092.328571,2782.428571,6200592.429
15-06-2020 03:00,7JYdWkrLSPkdwr4,0.0,0.0,0.0,7828158.0
11-06-2020 12:45,7JYdWkrLSPkdwr4,5860.125,574.2375,2865.375,7803956.375
04-06-2020 17:30,1IF53ai7Xc0U56Y,2907.142857,285.4714286,8087.571429,6340746.571
17-05-2020 12:45,3PZuoBAID5Wc2HD,13217.42857,1288.9,4806.714286,7005495.714
24-05-2020 11:00,WRmjgnKYAwPKWDb,11291.42857,1101.757143,2806.0,7095832.0
07-06-2020 04:00,zBIq5rxdHJRwDNY,0.0,0.0,0.0,6506728.0
18-05-2020 03:45,wCURE6d3bPkepu2,0.0,0.0,0.0,6803000.0
31-05-2020 02:15,zBIq5rxdHJRwDNY,0.0,0.0,0.0,6457301.0
09-06-2020 12:00,iCRJl6heRkivqQ3,9229.0,901.8714286,4067.142857,7369022.143
01-06-2020 22:30,wCURE6d3bPkepu2,0.0,0.0,5939.0,6915344.0
24-05-2020 16:30,iCRJl6heRkivqQ3,3279.0,321.475,7630.25,7250850.25
27-05-2020 11:00,3PZuoBAID5Wc2HD,7108.0,695.5714286,2607.857143,7081318.857
22-05-2020 18:45,1BY6WEcLGh8j5v7,0.0,0.0,6848.0,6312437.0
28-05-2020 05:15,VHMLBKoKgIrUVDU,0.0,0.0,0.0,7304378.0
29-05-2020 10:30,WRmjgnKYAwPKWDb,12314.25,1200.95,2141.625,7135002.625
02-06-2020 23:00,bvBOhCH3iADSZry,0.0,0.0,6842.0,6445487.0
23-05-2020 09:15,3PZuoBAID5Wc2HD,9279.142857,907.6285714,1296.142857,7045912.143
12-06-2020 03:45,ZoEaEvLYb1n2sOq,0.0,0.0,0.0,7301632.0
21-05-2020 18:00,rGa61gmuvPhdLxV,321.4285714,31.04285714,7759.285714,7160392.286
14-06-2020 18:30,iCRJl6heRkivqQ3,65.75,6.35,7368.75,7407223.75
07-06-2020 09:15,rGa61gmuvPhdLxV,8590.25,840.5,957.75,7280458.75
14-06-2020 15:45,sjndEbLyjtCKgGv,5913.142857,579.4428571,6715.714286,7242219.714
16-05-2020 18:30,pkci93gMrogZuBj,0.0,0.0,6173.0,7181650.0
01-06-2020 20:00,bvBOhCH3iADSZry,0.0,0.0,5378.0,6438645.0
18-05-2020 05:15,sjndEbLyjtCKgGv,0.0,0.0,0.0,7037054.0
24-05-2020 13:00,McdE0feGgRqW7Ca,12560.375,1224.6625,4956.625,7229592.625
11-06-2020 10:45,McdE0feGgRqW7Ca,6031.875,591.0125,1370.0,7362993.0
08-06-2020 11:45,zVJPv84UY57bAof,10995.0,1073.157143,3783.285714,7297573.286
13-06-2020 02:45,pkci93gMrogZuBj,0.0,0.0,0.0,7380807.0
30-05-2020 21:00,iCRJl6heRkivqQ3,0.0,0.0,7345.0,7298598.0
10-06-2020 21:30,YxYtjZvoooNbGkE,0.0,0.0,6419.0,7379687.0
12-06-2020 05:30,uHbuxQJl8lW7ozc,0.0,0.0,0.0,7246206.0
29-05-2020 06:30,ZnxXDlPa8U1GXgE,985.0,95.7,18.85714286,6627934.857
17-05-2020 15:00,z9Y9gH1T5YWrNuG,7854.714286,768.6,6323.428571,7027063.429
05-06-2020 15:15,McdE0feGgRqW7Ca,8483.0,829.6375,6465.875,7323226.875
12-06-2020 04:45,adLQvlD726eNBSB,0.0,0.0,0.0,6482734.0
09-06-2020 03:30,pkci93gMrogZuBj,0.0,0.0,0.0,7354476.0
15-06-2020 05:00,3PZuoBAID5Wc2HD,0.0,0.0,0.0,7218223.0
25-05-2020 18:30,ZnxXDlPa8U1GXgE,39.0,3.775,8909.875,6604665.875
09-06-2020 00:15,ih0vzX44oOqAx2f,0.0,0.0,0.0,6366909.0
19-05-2020 03:30,1BY6WEcLGh8j5v7,0.0,0.0,0.0,6283648.0
20-05-2020 22:15,WRmjgnKYAwPKWDb,0.0,0.0,8793.0,7069725.0
20-05-2020 13:15,YxYtjZvoooNbGkE,12315.33333,1200.733333,5659.5,7218135.5
28-05-2020 00:30,1BY6WEcLGh8j5v7,0.0,0.0,0.0,6349833.0
22-05-2020 01:45,sjndEbLyjtCKgGv,0.0,0.0,0.0,7065886.0
15-06-2020 09:45,YxYtjZvoooNbGkE,8953.625,875.575,1727.125,7408429.125
15-06-2020 21:15,VHMLBKoKgIrUVDU,0.0,0.0,6814.0,7443869.0
13-06-2020 06:00,ih0vzX44oOqAx2f,102.875,9.9375,0.625,6392263.625
16-06-2020 08:00,VHMLBKoKgIrUVDU,4962.142857,486.6571429,355.2857143,7444224.286
24-05-2020 14:15,WRmjgnKYAwPKWDb,10638.28571,1039.271429,6374.142857,7099400.143
14-06-2020 13:15,zBIq5rxdHJRwDNY,10681.5,1043.3,4385.625,6562207.625
27-05-2020 22:30,1BY6WEcLGh8j5v7,0.0,0.0,6164.0,6349833.0
22-05-2020 10:15,WRmjgnKYAwPKWDb,11788.625,1150.1375,1674.0,7079032.0
26-05-2020 10:45,WRmjgnKYAwPKWDb,10182.375,994.275,2791.625,7112787.625
02-06-2020 07:30,McdE0feGgRqW7Ca,2176.142857,213.3428571,155.0,7292907.0
17-05-2020 20:30,pkci93gMrogZuBj,0.0,0.0,7397.0,7189047.0
04-06-2020 16:45,ZoEaEvLYb1n2sOq,3839.285714,376.7,7648.0,7251149.0
11-06-2020 20:15,sjndEbLyjtCKgGv,0.0,0.0,5654.0,7221254.0
20-05-2020 08:30,3PZuoBAID5Wc2HD,7112.571429,696.5285714,737.4285714,7021249.429
08-06-2020 17:15,1IF53ai7Xc0U56Y,2139.0,209.4875,8361.25,6371699.25
30-05-2020 17:15,adLQvlD726eNBSB,2485.125,243.7,7298.5,6394650.5
19-05-2020 08:00,zBIq5rxdHJRwDNY,1980.571429,194.0428571,321.0,6365368.0
16-05-2020 20:30,zVJPv84UY57bAof,0.0,0.0,6419.0,7128535.0
11-06-2020 03:45,zVJPv84UY57bAof,0.0,0.0,0.0,7317016.0
15-05-2020 18:00,adLQvlD726eNBSB,311.5714286,30.08571429,6377.142857,6277732.143
07-06-2020 00:15,ih0vzX44oOqAx2f,0.0,0.0,0.0,6350673.0
19-05-2020 12:30,1BY6WEcLGh8j5v7,9414.0,920.7,3279.0,6286927.0
30-05-2020 07:00,iCRJl6heRkivqQ3,1705.875,166.975,73.875,7291326.875
20-05-2020 19:45,bvBOhCH3iADSZry,0.0,0.0,8131.0,6355038.0
25-05-2020 04:15,YxYtjZvoooNbGkE,0.0,0.0,0.0,7252651.0
19-05-2020 03:15,YxYtjZvoooNbGkE,0.0,0.0,0.0,7205598.0
21-05-2020 18:15,uHbuxQJl8lW7ozc,125.8571429,12.15714286,7863.142857,7087974.143
22-05-2020 03:00,YxYtjZvoooNbGkE,0.0,0.0,0.0,7229034.0
02-06-2020 04:45,uHbuxQJl8lW7ozc,0.0,0.0,0.0,7170942.0
22-05-2020 03:30,bvBOhCH3iADSZry,0.0,0.0,0.0,6362148.0
18-05-2020 12:30,z9Y9gH1T5YWrNuG,8383.428571,820.4142857,2031.0,7030257.0
31-05-2020 05:00,iCRJl6heRkivqQ3,0.0,0.0,0.0,7298598.0
13-06-2020 14:30,1BY6WEcLGh8j5v7,7963.125,778.8875,6343.125,6462022.125
24-05-2020 05:30,1BY6WEcLGh8j5v7,0.0,0.0,0.0,6320403.0
07-06-2020 10:15,VHMLBKoKgIrUVDU,7734.857143,757.1857143,1683.428571,7379672.429
07-06-2020 18:00,1BY6WEcLGh8j5v7,589.2857143,57.01428571,5253.571429,6423735.571
24-05-2020 13:00,7JYdWkrLSPkdwr4,11985.25,1168.9,5035.625,7672255.625
17-06-2020 13:15,3PZuoBAID5Wc2HD,10755.85714,1050.842857,4144.571429,7235517.571
30-05-2020 17:45,bvBOhCH3iADSZry,901.7142857,87.52857143,6626.285714,6427649.286
23-05-2020 09:45,pkci93gMrogZuBj,9116.142857,891.3142857,1633.0,7226833.0
16-05-2020 10:15,3PZuoBAID5Wc2HD,7764.625,759.95,1766.875,6995799.875
10-06-2020 20:30,WRmjgnKYAwPKWDb,0.0,0.0,6389.0,7227367.0
16-05-2020 14:30,1IF53ai7Xc0U56Y,7631.125,747.0625,5353.75,6195355.75
06-06-2020 09:30,z9Y9gH1T5YWrNuG,9456.0,924.4,1310.0,7172311.0
26-05-2020 10:15,bvBOhCH3iADSZry,8431.75,824.325,2055.0,6394391.0
09-06-2020 21:15,YxYtjZvoooNbGkE,0.0,0.0,7958.0,7373268.0
09-06-2020 17:00,3PZuoBAID5Wc2HD,3158.428571,310.4142857,7965.428571,7183698.429
28-05-2020 10:45,uHbuxQJl8lW7ozc,9810.875,957.5875,2694.375,7137952.375
29-05-2020 23:00,YxYtjZvoooNbGkE,0.0,0.0,0.0,7292503.0
04-06-2020 12:45,1BY6WEcLGh8j5v7,7234.142857,707.3,4000.714286,6401809.714
15-05-2020 08:00,ih0vzX44oOqAx2f,3172.142857,311.5142857,285.2857143,6185465.0
17-05-2020 01:30,1IF53ai7Xc0U56Y,0.0,0.0,0.0,6196594.0
30-05-2020 13:00,zBIq5rxdHJRwDNY,9303.142857,909.9571429,3685.0,6453590.0
22-05-2020 15:30,iCRJl6heRkivqQ3,4921.875,482.575,6613.5,7234055.5
15-05-2020 23:00,ZoEaEvLYb1n2sOq,0.0,0.0,6261.0,7104360.0
17-05-2020 03:30,iCRJl6heRkivqQ3,0.0,0.0,0.0,7190848.0
19-05-2020 07:30,wCURE6d3bPkepu2,2665.428571,261.5,178.4285714,6808571.429
14-06-2020 16:30,YxYtjZvoooNbGkE,2826.714286,277.4428571,7037.571429,7406476.571
31-05-2020 21:15,z9Y9gH1T5YWrNuG,0.0,0.0,6300.0,7133897.0
04-06-2020 18:30,z9Y9gH1T5YWrNuG,46.42857143,4.485714286,8149.0,7163262.0
12-06-2020 13:00,zVJPv84UY57bAof,8201.125,802.65,3415.0,7326102.0
10-06-2020 07:15,VHMLBKoKgIrUVDU,2739.428571,268.7,152.0,7402968.0
12-06-2020 18:30,7JYdWkrLSPkdwr4,89.125,8.6,5752.5,7812416.5
28-05-2020 01:00,sjndEbLyjtCKgGv,0.0,0.0,0.0,7112565.0
05-06-2020 10:45,1IF53ai7Xc0U56Y,10335.625,1009.475,2460.5,6343315.5
04-06-2020 13:30,rGa61gmuvPhdLxV,7758.714286,759.4428571,5143.714286,7262280.714
10-06-2020 14:00,z9Y9gH1T5YWrNuG,6824.142857,668.2285714,5010.571429,7204063.571
10-06-2020 05:15,z9Y9gH1T5YWrNuG,0.0,0.0,0.0,7199053.0
19-05-2020 22:15,ZoEaEvLYb1n2sOq,0.0,0.0,6805.0,7130332.0
28-05-2020 21:15,ZoEaEvLYb1n2sOq,0.0,0.0,8247.0,7201538.0
08-06-2020 05:30,iCRJl6heRkivqQ3,0.0,0.0,0.0,7356511.0
26-05-2020 16:30,iCRJl6heRkivqQ3,5639.0,552.6625,7477.125,7267607.125
17-05-2020 02:30,1BY6WEcLGh8j5v7,0.0,0.0,0.0,6271605.0
26-05-2020 03:45,wCURE6d3bPkepu2,0.0,0.0,0.0,6864650.0
14-06-2020 18:45,VHMLBKoKgIrUVDU,0.0,0.0,7489.0,7437055.0
08-06-2020 12:15,pkci93gMrogZuBj,8459.857143,827.8,4278.0,7350410.0
07-06-2020 06:15,adLQvlD726eNBSB,430.0,41.575,6.0,6445037.0
26-05-2020 02:00,1BY6WEcLGh8j5v7,0.0,0.0,0.0,6336208.0
17-06-2020 13:45,iCRJl6heRkivqQ3,8698.285714,850.2428571,4526.142857,7424832.143
15-06-2020 03:45,z9Y9gH1T5YWrNuG,0.0,0.0,0.0,7232468.0
29-05-2020 21:45,YxYtjZvoooNbGkE,0.0,0.0,0.0,7292503.0
04-06-2020 08:00,pkci93gMrogZuBj,4644.375,455.8,358.0,7315794.0
16-06-2020 10:00,iCRJl6heRkivqQ3,11138.42857,1087.471429,1649.571429,7415650.571
09-06-2020 04:45,uHbuxQJl8lW7ozc,0.0,0.0,0.0,7225554.0
26-05-2020 06:30,3PZuoBAID5Wc2HD,825.625,80.1125,21.625,7070657.625
14-06-2020 17:15,1IF53ai7Xc0U56Y,1747.285714,171.2428571,7407.142857,6414288.143
14-06-2020 17:45,zBIq5rxdHJRwDNY,589.0,56.98571429,7291.0,6565113.0
13-06-2020 06:45,z9Y9gH1T5YWrNuG,1036.5,100.75,35.25,7216902.25
17-05-2020 04:00,VHMLBKoKgIrUVDU,0.0,0.0,0.0,7219380.0
25-05-2020 03:45,ZnxXDlPa8U1GXgE,0.0,0.0,0.0,6595756.0
14-06-2020 21:30,iCRJl6heRkivqQ3,0.0,0.0,7369.0,7407224.0
24-05-2020 19:30,3PZuoBAID5Wc2HD,0.0,0.0,8300.0,7061568.0
30-05-2020 09:30,1IF53ai7Xc0U56Y,6482.285714,634.9571429,944.5714286,6299155.571
25-05-2020 08:45,zBIq5rxdHJRwDNY,7031.375,688.5875,745.125,6412503.125
27-05-2020 18:00,VHMLBKoKgIrUVDU,295.625,28.5375,6756.375,7304371.375
11-06-2020 17:00,wCURE6d3bPkepu2,2386.875,234.05,5494.375,6987897.375
08-06-2020 18:00,WRmjgnKYAwPKWDb,725.375,70.2875,8296.375,7212978.375
19-05-2020 23:00,3PZuoBAID5Wc2HD,0.0,0.0,0.0,7020512.0
03-06-2020 02:45,McdE0feGgRqW7Ca,0.0,0.0,0.0,7300359.0
05-06-2020 02:45,bvBOhCH3iADSZry,0.0,0.0,0.0,6460186.0
18-05-2020 18:45,3PZuoBAID5Wc2HD,0.0,0.0,5435.0,7013918.0
02-06-2020 03:30,zVJPv84UY57bAof,0.0,0.0,0.0,7247766.0
08-06-2020 15:30,rGa61gmuvPhdLxV,5950.125,582.75,7343.125,7295016.125
26-05-2020 22:15,zVJPv84UY57bAof,0.0,0.0,0.0,7205383.0
22-05-2020 04:00,uHbuxQJl8lW7ozc,0.0,0.0,0.0,7087976.0
13-06-2020 21:30,pkci93gMrogZuBj,0.0,0.0,8354.0,7389161.0
31-05-2020 14:15,WRmjgnKYAwPKWDb,9562.571429,933.7714286,4973.714286,7153002.714
16-06-2020 15:00,ZoEaEvLYb1n2sOq,3882.571429,381.4428571,5241.857143,7334932.857
31-05-2020 12:45,ZnxXDlPa8U1GXgE,13711.375,1336.8625,4129.0,6647512.0
04-06-2020 12:30,zVJPv84UY57bAof,10572.25,1032.175,4130.5,7267183.5
31-05-2020 12:00,3PZuoBAID5Wc2HD,6945.0,679.7625,3097.75,7112585.75
19-05-2020 20:30,rGa61gmuvPhdLxV,0.0,0.0,6910.0,7143812.0
17-05-2020 11:00,rGa61gmuvPhdLxV,9853.25,962.0625,2782.75,7126881.75
14-06-2020 08:30,adLQvlD726eNBSB,5025.75,509.0428571,645.1428571,6498141.143
31-05-2020 20:15,VHMLBKoKgIrUVDU,0.0,0.0,6076.0,7334405.0
24-05-2020 22:30,z9Y9gH1T5YWrNuG,0.0,0.0,7876.0,7080638.0
17-05-2020 01:30,ZnxXDlPa8U1GXgE,0.0,0.0,0.0,6535152.0
27-05-2020 19:45,zBIq5rxdHJRwDNY,0.0,0.0,0.0,6434083.0
31-05-2020 05:00,wCURE6d3bPkepu2,0.0,0.0,0.0,6903158.0
19-05-2020 07:30,pkci93gMrogZuBj,2842.25,279.075,179.375,7194590.375
19-05-2020 04:30,zVJPv84UY57bAof,0.0,0.0,0.0,7141405.0
05-06-2020 18:45,YxYtjZvoooNbGkE,0.0,0.0,7603.0,7342489.0
11-06-2020 04:45,bvBOhCH3iADSZry,0.0,0.0,0.0,6499210.0
10-06-2020 22:15,7JYdWkrLSPkdwr4,0.0,0.0,6362.0,7801091.0
28-05-2020 05:30,zBIq5rxdHJRwDNY,0.0,0.0,0.0,6434083.0
13-06-2020 15:00,rGa61gmuvPhdLxV,10563.625,1032.3,7128.75,7329409.75
09-06-2020 15:30,1BY6WEcLGh8j5v7,7789.0,762.475,6460.25,6438074.25
29-05-2020 15:45,uHbuxQJl8lW7ozc,7672.285714,751.1142857,7473.285714,7151105.286
01-06-2020 21:45,pkci93gMrogZuBj,0.0,0.0,5509.0,7300300.0
20-05-2020 00:45,wCURE6d3bPkepu2,0.0,0.0,0.0,6815349.0
03-06-2020 21:00,7JYdWkrLSPkdwr4,0.0,0.0,7749.0,7748622.0
02-06-2020 16:45,bvBOhCH3iADSZry,2870.428571,281.7571429,6658.142857,6445303.143
28-05-2020 20:00,VHMLBKoKgIrUVDU,0.0,0.0,8509.0,7312887.0
24-05-2020 08:15,rGa61gmuvPhdLxV,4894.875,480.0,497.75,7175790.75
06-06-2020 16:15,McdE0feGgRqW7Ca,1629.0,159.225,6335.25,7331016.25
27-05-2020 23:00,McdE0feGgRqW7Ca,0.0,0.0,0.0,7256389.0
14-06-2020 20:00,1BY6WEcLGh8j5v7,0.0,0.0,4012.0,6467675.0
27-05-2020 19:15,ih0vzX44oOqAx2f,0.0,0.0,6564.0,6278855.0
03-06-2020 22:15,ZoEaEvLYb1n2sOq,0.0,0.0,7774.0,7243501.0
07-06-2020 09:45,VHMLBKoKgIrUVDU,6308.714286,618.0428571,1343.142857,7379332.143
07-06-2020 13:00,WRmjgnKYAwPKWDb,12386.28571,1207.642857,4878.285714,7201489.286
15-06-2020 05:45,3PZuoBAID5Wc2HD,0.0,0.0,0.0,7218223.0
11-06-2020 05:45,3PZuoBAID5Wc2HD,0.0,0.0,0.0,7190469.0
24-05-2020 22:15,zVJPv84UY57bAof,0.0,0.0,7958.0,7188796.0
25-05-2020 22:00,ZnxXDlPa8U1GXgE,0.0,0.0,8910.0,6604666.0
28-05-2020 22:00,7JYdWkrLSPkdwr4,0.0,0.0,8278.0,7706828.0
20-05-2020 11:15,VHMLBKoKgIrUVDU,12383.14286,1207.385714,3390.857143,7242932.857
17-05-2020 14:00,pkci93gMrogZuBj,8559.0,836.6,5479.428571,7187129.429
16-06-2020 17:30,YxYtjZvoooNbGkE,1454.25,141.8625,6151.125,7419486.125
12-06-2020 11:30,ZoEaEvLYb1n2sOq,9630.875,941.7,2121.5,7303753.5
01-06-2020 20:15,sjndEbLyjtCKgGv,0.0,0.0,5766.0,7148008.0
10-06-2020 07:45,zVJPv84UY57bAof,4124.125,405.075,302.75,7310758.75
12-06-2020 09:45,adLQvlD726eNBSB,6700.25,656.275,937.75,6483671.75
17-05-2020 01:00,3PZuoBAID5Wc2HD,0.0,0.0,0.0,7000689.0
10-06-2020 03:15,sjndEbLyjtCKgGv,0.0,0.0,0.0,7209095.0
17-06-2020 04:45,sjndEbLyjtCKgGv,0.0,0.0,0.0,7255794.0
28-05-2020 02:15,sjndEbLyjtCKgGv,0.0,0.0,0.0,7112565.0
14-06-2020 15:15,wCURE6d3bPkepu2,10279.0,1003.814286,6390.285714,7008759.286
15-06-2020 16:00,McdE0feGgRqW7Ca,1801.142857,176.2571429,6382.428571,7395740.429
30-05-2020 11:15,zVJPv84UY57bAof,10371.28571,1013.214286,1857.142857,7230544.143
20-05-2020 06:45,uHbuxQJl8lW7ozc,947.875,92.0875,40.25,7071238.25
25-05-2020 00:00,YxYtjZvoooNbGkE,0.0,0.0,0.0,7252651.0
30-05-2020 13:00,z9Y9gH1T5YWrNuG,7956.625,778.7625,3590.0,7124045.0
04-06-2020 10:45,uHbuxQJl8lW7ozc,12090.28571,1179.2,2406.0,7188661.0
05-06-2020 13:00,bvBOhCH3iADSZry,7839.0,767.3428571,3793.142857,6463979.143
10-06-2020 12:45,1BY6WEcLGh8j5v7,10729.25,1047.725,3533.875,6442603.875
16-05-2020 06:00,wCURE6d3bPkepu2,56.0,5.4,0.0,6788927.0
17-06-2020 04:45,ZoEaEvLYb1n2sOq,0.0,0.0,0.0,7335882.0
11-06-2020 11:30,1IF53ai7Xc0U56Y,7403.857143,724.9142857,1907.142857,6388527.143
25-05-2020 23:00,zVJPv84UY57bAof,0.0,0.0,8813.0,7197609.0
27-05-2020 04:00,pkci93gMrogZuBj,0.0,0.0,0.0,7258294.0
26-05-2020 12:15,wCURE6d3bPkepu2,13153.71429,1282.485714,4276.571429,6868926.571
29-05-2020 13:45,rGa61gmuvPhdLxV,8507.125,832.075,5879.375,7220694.375
25-05-2020 11:30,pkci93gMrogZuBj,12190.0,1188.5375,3548.75,7245255.75
11-06-2020 17:30,zBIq5rxdHJRwDNY,1431.625,139.6,5582.25,6543485.25
22-05-2020 04:45,uHbuxQJl8lW7ozc,0.0,0.0,0.0,7087976.0
04-06-2020 01:45,ih0vzX44oOqAx2f,0.0,0.0,0.0,6329010.0
15-06-2020 08:45,bvBOhCH3iADSZry,7076.625,692.9875,851.125,6522451.125
07-06-2020 20:15,zVJPv84UY57bAof,0.0,0.0,8260.0,7293790.0
04-06-2020 23:00,1IF53ai7Xc0U56Y,0.0,0.0,8196.0,6340855.0
20-05-2020 06:15,zVJPv84UY57bAof,427.625,41.3375,7.375,7148344.375
12-06-2020 21:00,uHbuxQJl8lW7ozc,0.0,0.0,5888.0,7252094.0
22-05-2020 03:00,ZoEaEvLYb1n2sOq,0.0,0.0,0.0,7146685.0
25-05-2020 02:30,pkci93gMrogZuBj,0.0,0.0,0.0,7241707.0
16-05-2020 21:15,pkci93gMrogZuBj,0.0,0.0,6173.0,7181650.0
22-05-2020 11:30,bvBOhCH3iADSZry,12976.0,1265.157143,2509.428571,6364657.429
28-05-2020 05:45,wCURE6d3bPkepu2,0.0,0.0,0.0,6879195.0
26-05-2020 11:45,McdE0feGgRqW7Ca,7340.857143,718.2,3827.285714,7245476.286
17-06-2020 19:15,McdE0feGgRqW7Ca,0.0,0.0,5992.0,7408587.0
06-06-2020 06:15,z9Y9gH1T5YWrNuG,408.875,39.525,6.75,7171007.75
14-06-2020 20:00,ZoEaEvLYb1n2sOq,0.0,0.0,7289.0,7323052.0
13-06-2020 22:15,7JYdWkrLSPkdwr4,0.0,0.0,8435.0,7820852.0
19-05-2020 11:30,adLQvlD726eNBSB,4161.5,408.825,2530.5,6300346.5
06-06-2020 18:00,7JYdWkrLSPkdwr4,234.5,22.6125,6311.75,7770451.75
08-06-2020 16:15,uHbuxQJl8lW7ozc,3420.5,335.5375,7830.625,7224979.625
09-06-2020 03:15,YxYtjZvoooNbGkE,0.0,0.0,0.0,7365310.0
03-06-2020 22:45,iCRJl6heRkivqQ3,0.0,0.0,7883.0,7325696.0
24-05-2020 14:45,rGa61gmuvPhdLxV,10021.5,979.8125,6644.25,7181937.25
15-06-2020 01:30,adLQvlD726eNBSB,0.0,0.0,0.0,6505086.0
21-05-2020 12:45,zVJPv84UY57bAof,11459.75,1118.525,4697.375,7161876.375
27-05-2020 17:45,zBIq5rxdHJRwDNY,596.8571429,57.78571429,6370.428571,6434072.429
21-05-2020 16:15,zBIq5rxdHJRwDNY,3443.857143,338.5428571,7438.714286,6388300.714
29-05-2020 14:15,uHbuxQJl8lW7ozc,8648.857143,846.2571429,6302.571429,7149934.571
26-05-2020 06:15,adLQvlD726eNBSB,443.5714286,42.9,8.142857143,6355302.143
10-06-2020 14:15,uHbuxQJl8lW7ozc,9594.714286,938.3142857,5394.285714,7239257.286
29-05-2020 08:00,iCRJl6heRkivqQ3,3361.0,330.3,326.75,7283363.75
30-05-2020 01:00,zVJPv84UY57bAof,0.0,0.0,0.0,7228687.0
11-06-2020 22:15,YxYtjZvoooNbGkE,0.0,0.0,5592.0,7385279.0
27-05-2020 21:45,wCURE6d3bPkepu2,0.0,0.0,0.0,6879195.0
27-05-2020 05:00,uHbuxQJl8lW7ozc,0.0,0.0,0.0,7128538.0
01-06-2020 02:15,rGa61gmuvPhdLxV,0.0,0.0,0.0,7236332.0
18-05-2020 21:15,bvBOhCH3iADSZry,0.0,0.0,4962.0,6340538.0
15-06-2020 23:45,1BY6WEcLGh8j5v7,0.0,0.0,6275.0,6473950.0
18-05-2020 13:30,ih0vzX44oOqAx2f,11553.25,1127.15,2868.0,6208069.0
22-05-2020 04:30,ih0vzX44oOqAx2f,0.0,0.0,0.0,6233543.0
13-06-2020 16:15,uHbuxQJl8lW7ozc,2984.571429,293.0428571,8094.142857,7260188.143
22-05-2020 09:45,1BY6WEcLGh8j5v7,5051.571429,495.4285714,1238.0,6306827.0
21-05-2020 23:00,rGa61gmuvPhdLxV,0.0,0.0,7766.0,7160399.0
17-06-2020 16:30,1IF53ai7Xc0U56Y,1858.714286,182.0285714,5829.285714,6433361.286
19-05-2020 08:45,McdE0feGgRqW7Ca,4178.625,410.175,569.25,7185660.25
05-06-2020 15:00,1IF53ai7Xc0U56Y,8623.428571,842.6714286,6167.0,6347022.0
02-06-2020 21:00,bvBOhCH3iADSZry,0.0,0.0,6842.0,6445487.0
16-05-2020 17:00,1BY6WEcLGh8j5v7,1837.0,180.0571429,6179.0,6271492.0
15-05-2020 04:45,ih0vzX44oOqAx2f,0.0,0.0,0.0,6185184.0
04-06-2020 01:00,bvBOhCH3iADSZry,0.0,0.0,0.0,6452724.0
07-06-2020 11:00,iCRJl6heRkivqQ3,11779.625,1149.875,2438.125,7350672.125
29-05-2020 22:00,wCURE6d3bPkepu2,0.0,0.0,0.0,6895880.0
01-06-2020 22:15,iCRJl6heRkivqQ3,0.0,0.0,5781.0,7310348.0
03-06-2020 23:15,3PZuoBAID5Wc2HD,0.0,0.0,7874.0,7136488.0
16-06-2020 04:30,zVJPv84UY57bAof,0.0,0.0,0.0,7351100.0
09-06-2020 06:45,sjndEbLyjtCKgGv,1378.5,134.55,49.5,7200974.5
14-06-2020 12:45,ZnxXDlPa8U1GXgE,7791.75,762.75,3969.875,6748312.875
22-05-2020 23:15,ZnxXDlPa8U1GXgE,0.0,0.0,7275.0,6579139.0
21-05-2020 19:00,McdE0feGgRqW7Ca,0.0,0.0,7993.0,7209055.0
11-06-2020 16:30,zBIq5rxdHJRwDNY,3677.5,361.4625,5335.375,6543238.375
08-06-2020 08:45,z9Y9gH1T5YWrNuG,7007.875,686.275,698.5,7184329.5
20-05-2020 09:30,ZnxXDlPa8U1GXgE,8788.875,859.9375,1450.5,6556586.5
04-06-2020 21:30,iCRJl6heRkivqQ3,0.0,0.0,0.0,7334000.0
06-06-2020 01:30,McdE0feGgRqW7Ca,0.0,0.0,0.0,7324681.0
24-05-2020 09:45,ZoEaEvLYb1n2sOq,5848.5,573.1375,1467.125,7163651.125
14-06-2020 03:45,adLQvlD726eNBSB,0.0,0.0,0.0,6497496.0
09-06-2020 07:30,uHbuxQJl8lW7ozc,2995.428571,294.2428571,224.4285714,7225778.429
10-06-2020 18:15,zVJPv84UY57bAof,111.375,10.7625,6559.0,7317015.0
15-05-2020 11:30,zVJPv84UY57bAof,6598.428571,646.2142857,2111.285714,7118262.286
17-06-2020 10:15,z9Y9gH1T5YWrNuG,6703.75,656.6125,1420.25,7246805.25
22-05-2020 09:15,adLQvlD726eNBSB,6885.25,674.15,1069.625,6322642.625
14-06-2020 18:15,rGa61gmuvPhdLxV,253.2857143,24.45714286,7297.142857,7337967.143
28-05-2020 11:00,1BY6WEcLGh8j5v7,11362.85714,1109.6,2862.857143,6352695.857
26-05-2020 21:15,3PZuoBAID5Wc2HD,0.0,0.0,0.0,7078711.0
28-05-2020 14:45,wCURE6d3bPkepu2,8289.75,810.4375,6955.625,6886150.625
03-06-2020 19:00,ZnxXDlPa8U1GXgE,0.0,0.0,7916.0,6670884.0
03-06-2020 17:15,1BY6WEcLGh8j5v7,2582.25,253.4875,7216.125,6397684.125
02-06-2020 11:15,ZoEaEvLYb1n2sOq,6905.857143,676.2571429,2842.857143,7231282.857
12-06-2020 13:30,3PZuoBAID5Wc2HD,8505.0,832.275,3846.625,7200032.625
30-05-2020 07:30,YxYtjZvoooNbGkE,2016.75,197.7125,172.375,7292675.375
04-06-2020 14:30,iCRJl6heRkivqQ3,6701.142857,656.3428571,6079.285714,7331775.286
18-05-2020 10:30,iCRJl6heRkivqQ3,3191.0,313.475,737.5,7199104.5
17-05-2020 16:30,7JYdWkrLSPkdwr4,4253.0,417.225,7229.75,7622766.75
25-05-2020 09:00,7JYdWkrLSPkdwr4,8358.428571,817.9857143,1012.142857,7676253.143
17-05-2020 22:15,ZoEaEvLYb1n2sOq,0.0,0.0,7464.0,7118208.0
15-05-2020 10:00,pkci93gMrogZuBj,9441.428571,922.8,1411.571429,7170513.571
27-05-2020 11:45,WRmjgnKYAwPKWDb,8019.857143,784.0142857,3383.571429,7121263.571
28-05-2020 12:00,rGa61gmuvPhdLxV,11039.375,1077.0625,4089.375,7210638.375
16-05-2020 05:00,3PZuoBAID5Wc2HD,0.0,0.0,0.0,6994033.0
17-05-2020 09:45,VHMLBKoKgIrUVDU,10609.57143,1036.885714,1601.714286,7220981.714
26-05-2020 21:00,zVJPv84UY57bAof,0.0,0.0,0.0,7205383.0
06-06-2020 01:15,VHMLBKoKgIrUVDU,0.0,0.0,0.0,7371554.0
26-05-2020 04:00,pkci93gMrogZuBj,0.0,0.0,0.0,7250519.0
28-05-2020 21:30,1BY6WEcLGh8j5v7,0.0,0.0,7977.0,6357810.0
08-06-2020 17:00,bvBOhCH3iADSZry,3062.0,300.6714286,7498.0,6485791.0
16-06-2020 21:45,adLQvlD726eNBSB,0.0,0.0,6396.0,6518398.0
25-05-2020 19:00,ZnxXDlPa8U1GXgE,0.0,0.0,8910.0,6604666.0
03-06-2020 08:45,uHbuxQJl8lW7ozc,5184.714286,508.2571429,678.8571429,7179083.857
03-06-2020 23:45,adLQvlD726eNBSB,0.0,0.0,6849.428571,6422267.0
04-06-2020 00:15,wCURE6d3bPkepu2,0.0,0.0,0.0,6930776.0
18-05-2020 16:45,VHMLBKoKgIrUVDU,2920.714286,286.5714286,5262.142857,7232359.143
12-06-2020 12:45,bvBOhCH3iADSZry,7133.285714,698.5285714,2953.428571,6507360.429
25-05-2020 10:00,1BY6WEcLGh8j5v7,9935.75,971.5375,1835.875,6329775.875
01-06-2020 03:15,bvBOhCH3iADSZry,0.0,0.0,0.0,6433267.0
27-05-2020 09:00,pkci93gMrogZuBj,8681.857143,849.4714286,978.8571429,7259272.857
03-06-2020 17:30,7JYdWkrLSPkdwr4,1955.0,191.625,7669.625,7748542.625
05-06-2020 07:45,ZoEaEvLYb1n2sOq,2282.125,223.7625,213.625,7251753.625
24-05-2020 03:00,3PZuoBAID5Wc2HD,0.0,0.0,0.0,7053268.0
27-05-2020 08:30,zVJPv84UY57bAof,6252.0,612.575,673.125,7206056.125
15-06-2020 14:45,7JYdWkrLSPkdwr4,6959.125,681.5,5464.25,7833623.0
11-06-2020 19:30,ZnxXDlPa8U1GXgE,0.0,0.0,5692.0,6729902.0
16-06-2020 21:45,7JYdWkrLSPkdwr4,0.0,0.0,6166.0,7840965.0
13-06-2020 06:30,McdE0feGgRqW7Ca,585.2857143,56.65714286,17.14285714,7373345.143
30-05-2020 05:15,ZoEaEvLYb1n2sOq,0.0,0.0,0.0,7209600.0
24-05-2020 16:30,ih0vzX44oOqAx2f,3540.5,347.5125,7198.125,6256136.125
30-05-2020 04:30,WRmjgnKYAwPKWDb,0.0,0.0,0.0,7140899.0
30-05-2020 12:30,McdE0feGgRqW7Ca,12823.85714,1250.742857,3160.571429,7276373.571
19-05-2020 13:00,ih0vzX44oOqAx2f,10152.71429,992.2714286,3849.0,6214336.0
15-06-2020 11:15,WRmjgnKYAwPKWDb,7755.75,758.6875,3203.5,7257787.5
01-06-2020 07:30,1IF53ai7Xc0U56Y,4531.625,444.7,264.625,6311696.625
12-06-2020 22:15,McdE0feGgRqW7Ca,0.0,0.0,5955.0,7373328.0
16-05-2020 18:15,iCRJl6heRkivqQ3,124.0,12.0,6437.0,7190847.0
16-06-2020 19:45,iCRJl6heRkivqQ3,0.0,0.0,6305.0,7420306.0
06-06-2020 11:30,ZoEaEvLYb1n2sOq,6935.0,678.2571429,3090.428571,7262165.429
11-06-2020 16:15,ZoEaEvLYb1n2sOq,4430.285714,434.8285714,5152.0,7301223.0
13-06-2020 00:00,bvBOhCH3iADSZry,0.0,0.0,0.0,6509779.0
02-06-2020 11:30,bvBOhCH3iADSZry,5895.0,577.6625,2840.875,6441485.875
09-06-2020 18:00,VHMLBKoKgIrUVDU,845.8571429,82.07142857,8096.857143,7402792.857
15-05-2020 17:15,rGa61gmuvPhdLxV,2367.25,232.1125,6297.375,7117790.375
13-06-2020 03:30,7JYdWkrLSPkdwr4,0.0,0.0,0.0,7812417.0
24-05-2020 21:30,1BY6WEcLGh8j5v7,0.0,0.0,7537.0,6327940.0
15-06-2020 19:30,pkci93gMrogZuBj,0.0,0.0,6795.0,7403217.0
19-05-2020 10:15,ZnxXDlPa8U1GXgE,7433.625,726.9375,1520.25,6549682.25
02-06-2020 19:30,ZoEaEvLYb1n2sOq,0.0,0.0,7287.0,7235727.0
15-06-2020 19:00,WRmjgnKYAwPKWDb,0.0,0.0,6731.0,7261315.0
16-06-2020 04:45,7JYdWkrLSPkdwr4,0.0,0.0,0.0,7834799.0
15-06-2020 00:30,zBIq5rxdHJRwDNY,0.0,0.0,0.0,6565137.0
15-05-2020 18:45,pkci93gMrogZuBj,0.0,0.0,6375.0,7175477.0
13-06-2020 06:30,sjndEbLyjtCKgGv,577.8571429,55.92857143,17.0,7227118.0
10-06-2020 02:45,3PZuoBAID5Wc2HD,0.0,0.0,0.0,7183919.0
18-05-2020 11:00,uHbuxQJl8lW7ozc,6577.875,644.3375,1000.375,7059793.375
15-06-2020 10:00,7JYdWkrLSPkdwr4,8710.875,852.2375,1961.5,7830119.5
27-05-2020 05:15,YxYtjZvoooNbGkE,0.0,0.0,0.0,7269333.0
05-06-2020 02:00,pkci93gMrogZuBj,0.0,0.0,0.0,7323691.0
04-06-2020 07:00,McdE0feGgRqW7Ca,1846.75,180.9625,78.25,7308447.25
07-06-2020 22:45,McdE0feGgRqW7Ca,0.0,0.0,7042.0,7338202.0
17-06-2020 15:00,ih0vzX44oOqAx2f,4934.75,483.9125,5222.125,6425593.125
22-05-2020 03:30,z9Y9gH1T5YWrNuG,0.0,0.0,0.0,7057147.0
02-06-2020 13:45,3PZuoBAID5Wc2HD,13579.57143,1324.2,5225.142857,7126494.143
15-05-2020 14:45,ih0vzX44oOqAx2f,7644.833333,747.75,4886.666667,6190084.0
17-06-2020 15:30,adLQvlD726eNBSB,988.0,95.97142857,5647.428571,6524045.429
18-05-2020 13:15,sjndEbLyjtCKgGv,9949.875,972.0125,2634.5,7039688.5
31-05-2020 14:15,1BY6WEcLGh8j5v7,6354.285714,621.0285714,5036.857143,6377164.857
10-06-2020 11:15,wCURE6d3bPkepu2,6926.625,677.9625,2262.25,6978242.25
10-06-2020 09:30,ZnxXDlPa8U1GXgE,8945.142857,875.0142857,1267.714286,6719039.714
22-05-2020 00:30,McdE0feGgRqW7Ca,0.0,0.0,0.0,7209055.0
16-06-2020 14:15,3PZuoBAID5Wc2HD,4268.285714,419.0571429,4843.857143,7229885.857
09-06-2020 06:00,zVJPv84UY57bAof,143.125,13.8375,0.875,7302167.875
12-06-2020 22:15,1BY6WEcLGh8j5v7,0.0,0.0,5441.0,6455679.0
10-06-2020 20:45,iCRJl6heRkivqQ3,0.0,0.0,6559.0,7379779.0
14-06-2020 10:00,7JYdWkrLSPkdwr4,8542.714286,835.9142857,1644.428571,7822496.429
11-06-2020 22:00,zBIq5rxdHJRwDNY,0.0,0.0,5647.0,6543550.0
10-06-2020 23:30,WRmjgnKYAwPKWDb,0.0,0.0,6389.0,7227367.0
23-05-2020 11:30,ih0vzX44oOqAx2f,12921.28571,1259.842857,3303.571429,6243846.571
19-05-2020 14:00,zBIq5rxdHJRwDNY,9273.285714,907.0714286,4791.857143,6369838.857
17-05-2020 22:45,YxYtjZvoooNbGkE,0.0,0.0,7497.0,7200229.0
23-05-2020 18:45,WRmjgnKYAwPKWDb,0.0,0.0,8431.0,7093026.0
03-06-2020 03:15,ih0vzX44oOqAx2f,0.0,0.0,0.0,6321311.0
21-05-2020 09:00,7JYdWkrLSPkdwr4,8238.375,806.2625,1020.5,7645000.5
03-06-2020 17:15,McdE0feGgRqW7Ca,2953.0,289.9625,7861.0,7308220.0
04-06-2020 08:00,uHbuxQJl8lW7ozc,4712.0,462.375,369.375,7186624.375
14-06-2020 14:30,iCRJl6heRkivqQ3,8034.714286,785.9142857,5834.142857,7405689.143
16-05-2020 05:30,ih0vzX44oOqAx2f,0.0,0.0,0.0,6191360.0
25-05-2020 14:30,1IF53ai7Xc0U56Y,10743.5,1050.05,7326.25,6264806.25
09-06-2020 13:15,rGa61gmuvPhdLxV,10444.5,1019.8125,5278.25,7301242.25
15-05-2020 09:30,iCRJl6heRkivqQ3,3721.375,365.4625,1040.75,7179032.75
31-05-2020 08:30,ih0vzX44oOqAx2f,4368.25,429.0,431.0,6302698.0
16-05-2020 06:15,McdE0feGgRqW7Ca,348.25,33.675,4.75,7165439.75
08-06-2020 08:15,VHMLBKoKgIrUVDU,3484.125,342.5125,461.625,7386669.625
29-05-2020 16:15,iCRJl6heRkivqQ3,6648.571429,651.2428571,7740.285714,7290777.286
19-05-2020 03:15,WRmjgnKYAwPKWDb,0.0,0.0,0.0,7054452.0
23-05-2020 14:45,YxYtjZvoooNbGkE,7141.375,699.325,6897.375,7243018.375
28-05-2020 06:45,wCURE6d3bPkepu2,1233.428571,119.9571429,44.14285714,6879239.143
16-06-2020 09:00,ih0vzX44oOqAx2f,5698.285714,558.4571429,859.1428571,6415106.143
05-06-2020 07:15,ZnxXDlPa8U1GXgE,1920.714286,188.1285714,114.4285714,6679176.429
13-06-2020 20:30,ZnxXDlPa8U1GXgE,0.0,0.0,8558.0,6744343.0
11-06-2020 10:45,ZnxXDlPa8U1GXgE,5955.625,583.5625,1348.125,6725558.125
13-06-2020 03:00,7JYdWkrLSPkdwr4,0.0,0.0,0.0,7812417.0
06-06-2020 13:30,z9Y9gH1T5YWrNuG,8163.375,798.025,4628.75,7175629.75
17-05-2020 08:45,zVJPv84UY57bAof,7364.857143,721.1,755.8571429,7129290.857
03-06-2020 00:00,pkci93gMrogZuBj,0.0,0.0,0.0,7307650.0
14-06-2020 18:00,sjndEbLyjtCKgGv,395.25,38.2125,7294.5,7242798.5
20-05-2020 10:15,ZoEaEvLYb1n2sOq,10824.85714,1057.8,2129.0,7132461.0
21-05-2020 11:15,zVJPv84UY57bAof,12392.85714,1208.7,2999.714286,7160178.714
31-05-2020 23:30,McdE0feGgRqW7Ca,0.0,0.0,6195.0,7286760.0
26-05-2020 05:45,YxYtjZvoooNbGkE,0.0,0.0,0.0,7261464.0
16-05-2020 18:45,1IF53ai7Xc0U56Y,0.0,0.0,6592.0,6196594.0
18-05-2020 23:00,adLQvlD726eNBSB,0.0,0.0,5506.0,6297816.0
08-06-2020 18:45,3PZuoBAID5Wc2HD,0.0,0.0,8509.0,7175733.0
15-06-2020 16:15,1BY6WEcLGh8j5v7,2247.125,220.425,5876.75,6473551.75
31-05-2020 01:00,uHbuxQJl8lW7ozc,0.0,0.0,0.0,7159272.0
16-06-2020 19:15,ZnxXDlPa8U1GXgE,0.0,0.0,6304.0,6764808.0
15-06-2020 23:45,YxYtjZvoooNbGkE,0.0,0.0,6633.0,7413335.0
07-06-2020 12:30,ZoEaEvLYb1n2sOq,12957.0,1263.2875,4193.875,7269561.875
10-06-2020 10:30,sjndEbLyjtCKgGv,6515.571429,638.2,1858.142857,7210953.143
15-05-2020 00:15,z9Y9gH1T5YWrNuG,0.0,0.0,0.0,7007866.0
15-06-2020 22:45,iCRJl6heRkivqQ3,0.0,0.0,6777.0,7414001.0
15-05-2020 19:00,ZoEaEvLYb1n2sOq,0.0,0.0,6261.0,7104360.0
10-06-2020 02:45,sjndEbLyjtCKgGv,0.0,0.0,0.0,7209095.0
09-06-2020 02:30,rGa61gmuvPhdLxV,0.0,0.0,0.0,7295964.0
30-05-2020 18:45,7JYdWkrLSPkdwr4,0.0,0.0,7143.0,7721978.0
11-06-2020 21:45,zVJPv84UY57bAof,0.0,0.0,5671.0,7322687.0
16-05-2020 09:15,wCURE6d3bPkepu2,5748.142857,563.3285714,1019.857143,6789946.857
06-06-2020 21:30,ih0vzX44oOqAx2f,0.0,0.0,6197.0,6350673.0
28-05-2020 06:45,7JYdWkrLSPkdwr4,1382.875,134.825,49.625,7698599.625
23-05-2020 15:00,iCRJl6heRkivqQ3,5382.857143,527.5857143,7127.857143,7241720.857
18-05-2020 12:30,YxYtjZvoooNbGkE,8403.375,822.35,2041.375,7202270.375
12-06-2020 14:45,pkci93gMrogZuBj,6011.714286,589.0571429,4764.714286,7379720.714
17-06-2020 22:45,ih0vzX44oOqAx2f,0.0,0.0,5758.0,6426129.0
17-05-2020 18:45,ih0vzX44oOqAx2f,0.0,0.0,7391.0,6205201.0
18-05-2020 19:30,ZoEaEvLYb1n2sOq,0.0,0.0,5319.0,7123527.0
19-05-2020 13:45,bvBOhCH3iADSZry,9268.0,906.5875,4210.25,6344748.25
14-06-2020 00:15,z9Y9gH1T5YWrNuG,0.0,0.0,0.0,7225230.0
16-06-2020 14:15,ZnxXDlPa8U1GXgE,4390.571429,431.0714286,4807.428571,6763311.429
11-06-2020 09:30,zVJPv84UY57bAof,4499.0,441.7125,703.375,7317719.375
06-06-2020 05:15,WRmjgnKYAwPKWDb,0.0,0.0,0.0,7190270.0
13-06-2020 04:00,YxYtjZvoooNbGkE,0.0,0.0,0.0,7391059.0
25-05-2020 09:45,bvBOhCH3iADSZry,9366.571429,916.1571429,1559.0,6385771.0
15-06-2020 14:30,rGa61gmuvPhdLxV,10295.0,1005.275,5316.25,7343288.25
31-05-2020 14:00,zBIq5rxdHJRwDNY,9954.571429,972.5285714,4833.571429,6462134.571
12-06-2020 01:15,ZnxXDlPa8U1GXgE,0.0,0.0,0.0,6729902.0
25-05-2020 12:30,YxYtjZvoooNbGkE,12648.875,1233.2625,4832.5,7257483.5
17-05-2020 20:45,wCURE6d3bPkepu2,0.0,0.0,7530.0,6803000.0
25-05-2020 14:15,bvBOhCH3iADSZry,9720.375,950.6125,6315.875,6390527.875
28-05-2020 04:30,ZnxXDlPa8U1GXgE,0.0,0.0,0.0,6619376.0
16-05-2020 13:00,YxYtjZvoooNbGkE,9550.428571,933.9142857,4024.571429,7190281.571
05-06-2020 16:30,adLQvlD726eNBSB,5668.5,555.35,7298.25,6437879.25
06-06-2020 19:30,ZnxXDlPa8U1GXgE,0.0,0.0,6355.0,6693054.0
09-06-2020 05:00,WRmjgnKYAwPKWDb,0.0,0.0,0.0,7213001.0
13-06-2020 09:15,uHbuxQJl8lW7ozc,6924.714286,677.9857143,1192.428571,7253286.429
23-05-2020 10:30,sjndEbLyjtCKgGv,8354.0,816.9857143,2314.714286,7075276.714
10-06-2020 04:45,bvBOhCH3iADSZry,0.0,0.0,0.0,6493347.0
06-06-2020 12:00,McdE0feGgRqW7Ca,8785.0,858.0,3448.125,7328129.125
13-06-2020 00:15,ZoEaEvLYb1n2sOq,0.0,0.0,0.0,7307385.0
16-06-2020 22:00,ih0vzX44oOqAx2f,0.0,0.0,6124.0,6420371.0
24-05-2020 11:30,ZoEaEvLYb1n2sOq,11925.0,1163.1875,3090.125,7165274.125
07-06-2020 07:45,adLQvlD726eNBSB,2607.0,255.6625,246.75,6445277.75
20-05-2020 05:15,ZnxXDlPa8U1GXgE,0.0,0.0,0.0,6555136.0
06-06-2020 08:45,rGa61gmuvPhdLxV,6382.285714,625.2,904.5714286,7273994.571
08-06-2020 11:00,ZoEaEvLYb1n2sOq,12046.28571,1175.242857,2973.571429,7276426.571
15-05-2020 16:15,7JYdWkrLSPkdwr4,4268.857143,419.0,5709.285714,7608669.286
03-06-2020 16:30,uHbuxQJl8lW7ozc,2742.0,269.0,7380.75,7185785.75
31-05-2020 14:45,zVJPv84UY57bAof,2789.714286,273.9857143,5370.142857,7241347.143
27-05-2020 09:30,7JYdWkrLSPkdwr4,8236.285714,805.7142857,1396.0,7693308.0
12-06-2020 21:30,zVJPv84UY57bAof,0.0,0.0,5863.0,7328550.0
06-06-2020 09:30,McdE0feGgRqW7Ca,8797.428571,860.6428571,1356.428571,7326037.429
22-05-2020 15:45,1IF53ai7Xc0U56Y,4284.0,420.5285714,6872.0,6240119.0
03-06-2020 04:30,WRmjgnKYAwPKWDb,0.0,0.0,0.0,7166917.0
04-06-2020 13:30,VHMLBKoKgIrUVDU,8175.0,800.0125,5196.75,7360857.75
16-05-2020 04:45,sjndEbLyjtCKgGv,0.0,0.0,0.0,7023182.0
08-06-2020 05:15,VHMLBKoKgIrUVDU,0.0,0.0,0.0,7386208.0
01-06-2020 21:45,rGa61gmuvPhdLxV,0.0,0.0,5637.0,7241969.0
09-06-2020 18:15,rGa61gmuvPhdLxV,421.8571429,40.78571429,8233.857143,7304197.857
22-05-2020 03:30,zVJPv84UY57bAof,0.0,0.0,0.0,7165123.0
14-06-2020 04:00,zBIq5rxdHJRwDNY,0.0,0.0,0.0,6557822.0
25-05-2020 13:15,3PZuoBAID5Wc2HD,12158.5,1185.466667,5951.666667,7067519.667
23-05-2020 07:45,sjndEbLyjtCKgGv,3695.571429,363.2142857,230.4285714,7073192.429
26-05-2020 17:30,zBIq5rxdHJRwDNY,618.625,59.875,7472.0,6427673.0
21-05-2020 10:45,McdE0feGgRqW7Ca,10834.625,1057.4375,2498.125,7203560.125
17-06-2020 12:45,sjndEbLyjtCKgGv,10417.57143,1017.914286,3646.285714,7259440.286
04-06-2020 03:30,adLQvlD726eNBSB,0.0,0.0,0.0,6422267.0
23-05-2020 12:00,z9Y9gH1T5YWrNuG,12759.0,1244.0,4007.142857,7068226.143
11-06-2020 09:00,YxYtjZvoooNbGkE,3758.625,369.4,492.125,7380179.125
10-06-2020 12:15,zVJPv84UY57bAof,11668.42857,1138.514286,3341.857143,7313797.857
09-06-2020 12:45,pkci93gMrogZuBj,11444.85714,1116.985714,4676.857143,7359152.857
09-06-2020 16:45,WRmjgnKYAwPKWDb,3972.5,390.325,7673.25,7220674.25
26-05-2020 23:15,1IF53ai7Xc0U56Y,0.0,0.0,0.0,6274638.0
18-05-2020 22:30,McdE0feGgRqW7Ca,0.0,0.0,5464.0,7185091.0
06-06-2020 05:00,uHbuxQJl8lW7ozc,0.0,0.0,0.0,7202373.0
17-06-2020 14:30,ZnxXDlPa8U1GXgE,8359.875,817.9625,5031.125,6769839.125
22-05-2020 02:30,uHbuxQJl8lW7ozc,0.0,0.0,0.0,7087976.0
06-06-2020 15:30,wCURE6d3bPkepu2,4288.714286,421.0428571,5962.857143,6952731.857
07-06-2020 23:15,sjndEbLyjtCKgGv,0.0,0.0,6898.0,7192554.0
15-06-2020 04:00,WRmjgnKYAwPKWDb,0.0,0.0,0.0,7254584.0
20-05-2020 08:00,z9Y9gH1T5YWrNuG,5163.625,506.275,394.375,7040859.375
28-05-2020 12:30,WRmjgnKYAwPKWDb,12242.25,1193.9875,4914.625,7129452.625
15-06-2020 01:45,iCRJl6heRkivqQ3,0.0,0.0,0.0,7407224.0
11-06-2020 13:45,rGa61gmuvPhdLxV,6634.25,649.8125,3514.875,7314283.875
01-06-2020 17:00,zBIq5rxdHJRwDNY,1334.142857,129.8142857,5699.142857,6468938.143
03-06-2020 14:15,WRmjgnKYAwPKWDb,9299.375,909.55,5624.5,7172541.5
12-06-2020 16:30,YxYtjZvoooNbGkE,2720.571429,266.8285714,5468.0,7390747.0
29-05-2020 10:00,z9Y9gH1T5YWrNuG,9024.375,882.0625,1569.125,7113931.125
02-06-2020 20:00,ZnxXDlPa8U1GXgE,0.0,0.0,0.0,6662968.0
08-06-2020 19:45,wCURE6d3bPkepu2,0.0,0.0,8443.0,6967970.0
17-05-2020 03:00,zBIq5rxdHJRwDNY,0.0,0.0,0.0,6352150.0
18-05-2020 14:00,z9Y9gH1T5YWrNuG,9836.714286,961.3857143,3490.571429,7031716.571
28-05-2020 16:45,uHbuxQJl8lW7ozc,3223.125,316.45,8119.25,7143377.25
06-06-2020 01:15,3PZuoBAID5Wc2HD,0.0,0.0,0.0,7152486.0
09-06-2020 21:00,zBIq5rxdHJRwDNY,0.0,0.0,8136.0,6531405.0
28-05-2020 20:15,VHMLBKoKgIrUVDU,0.0,0.0,8509.0,7312887.0
31-05-2020 14:00,1IF53ai7Xc0U56Y,10036.375,980.3625,4756.125,6310299.125
04-06-2020 02:45,McdE0feGgRqW7Ca,0.0,0.0,0.0,7308369.0
21-05-2020 21:00,pkci93gMrogZuBj,0.0,0.0,7778.0,7217976.0
16-06-2020 22:45,ZnxXDlPa8U1GXgE,0.0,0.0,6304.0,6764808.0
06-06-2020 09:30,pkci93gMrogZuBj,9683.285714,946.8714286,1289.571429,7332776.571
08-06-2020 01:15,z9Y9gH1T5YWrNuG,0.0,0.0,0.0,7183631.0
24-05-2020 11:45,sjndEbLyjtCKgGv,11528.5,1124.725,3364.0,7084813.0
25-05-2020 13:30,1BY6WEcLGh8j5v7,10541.625,1030.45,5690.75,6333630.75
02-06-2020 12:30,McdE0feGgRqW7Ca,9611.375,939.3,3953.0,7296705.0
03-06-2020 10:15,zBIq5rxdHJRwDNY,6105.0,598.1875,1544.625,6477998.625
22-05-2020 03:30,1IF53ai7Xc0U56Y,0.0,0.0,0.0,6233247.0
31-05-2020 03:30,ih0vzX44oOqAx2f,0.0,0.0,0.0,6302267.0
04-06-2020 22:45,bvBOhCH3iADSZry,0.0,0.0,7462.0,6460186.0
06-06-2020 17:15,3PZuoBAID5Wc2HD,638.8571429,61.84285714,6461.857143,7158947.857
16-05-2020 07:30,ih0vzX44oOqAx2f,2466.5,241.8625,166.25,6191526.25
19-05-2020 22:00,3PZuoBAID5Wc2HD,0.0,0.0,0.0,7020512.0
13-06-2020 20:00,pkci93gMrogZuBj,0.0,0.0,8354.0,7389161.0
16-06-2020 18:45,iCRJl6heRkivqQ3,0.0,0.0,6305.0,7420306.0
22-05-2020 01:15,wCURE6d3bPkepu2,0.0,0.0,0.0,6832055.0
15-06-2020 06:00,ZnxXDlPa8U1GXgE,109.4285714,10.58571429,0.285714286,6751747.286
14-06-2020 10:30,zBIq5rxdHJRwDNY,10732.5,1047.925,2047.75,6559869.75
27-05-2020 06:45,ZoEaEvLYb1n2sOq,1507.428571,147.2,48.0,7186738.0
14-06-2020 05:45,ZoEaEvLYb1n2sOq,0.0,0.0,0.0,7315763.0
01-06-2020 03:00,ZnxXDlPa8U1GXgE,0.0,0.0,0.0,6649525.0
17-06-2020 04:15,wCURE6d3bPkepu2,0.0,0.0,0.0,7022718.0
14-06-2020 19:45,1IF53ai7Xc0U56Y,0.0,0.0,7487.0,6414368.0
15-06-2020 15:15,zVJPv84UY57bAof,6702.571429,656.4285714,5951.142857,7350231.143
04-06-2020 22:15,zVJPv84UY57bAof,0.0,0.0,0.0,7271273.0
11-06-2020 00:00,ih0vzX44oOqAx2f,0.0,0.0,784.625,6381032.0
28-05-2020 14:30,3PZuoBAID5Wc2HD,7987.625,780.875,6895.5,7092346.5
06-06-2020 13:00,uHbuxQJl8lW7ozc,11939.0,1164.828571,4458.857143,7206831.857
20-05-2020 05:30,wCURE6d3bPkepu2,0.0,0.0,0.0,6815349.0
23-05-2020 15:00,zVJPv84UY57bAof,5396.285714,528.9285714,7077.857143,7179371.857
21-05-2020 18:00,1IF53ai7Xc0U56Y,292.875,28.2875,7816.5,6233243.5
03-06-2020 09:00,zVJPv84UY57bAof,6208.75,608.2875,812.625,7256029.625
03-06-2020 02:15,McdE0feGgRqW7Ca,0.0,0.0,0.0,7300359.0
31-05-2020 03:00,zVJPv84UY57bAof,0.0,0.0,0.0,7235977.0
20-05-2020 18:15,uHbuxQJl8lW7ozc,369.8571429,35.74285714,8907.857143,7080105.857
24-05-2020 06:45,ih0vzX44oOqAx2f,1179.625,114.725,43.0,6248981.0
08-06-2020 14:15,VHMLBKoKgIrUVDU,11309.625,1103.7625,6298.0,7392506.0
24-05-2020 02:15,zBIq5rxdHJRwDNY,0.0,0.0,0.0,6404481.0
13-06-2020 22:00,ZnxXDlPa8U1GXgE,0.0,0.0,8558.0,6744343.0
29-05-2020 07:00,rGa61gmuvPhdLxV,1957.75,191.9375,91.625,7214906.625
27-05-2020 14:15,zBIq5rxdHJRwDNY,3902.875,383.5125,4818.25,6432520.25
03-06-2020 04:45,7JYdWkrLSPkdwr4,0.0,0.0,0.0,7740873.0
10-06-2020 09:15,uHbuxQJl8lW7ozc,8696.285714,850.8857143,1027.142857,7234890.143
17-05-2020 13:30,adLQvlD726eNBSB,9633.875,940.725,5472.25,6289915.25
23-05-2020 13:45,wCURE6d3bPkepu2,12831.42857,1251.071429,6004.857143,6845229.857
27-05-2020 21:00,bvBOhCH3iADSZry,0.0,0.0,6133.0,6405833.0
23-05-2020 13:00,VHMLBKoKgIrUVDU,11103.14286,1084.057143,5200.428571,7268921.429
06-06-2020 14:45,uHbuxQJl8lW7ozc,2472.857143,242.6285714,5786.571429,7208159.571
02-06-2020 19:30,McdE0feGgRqW7Ca,0.0,0.0,7607.0,7300359.0
16-05-2020 05:45,sjndEbLyjtCKgGv,0.0,0.0,0.0,7023182.0
11-06-2020 14:00,uHbuxQJl8lW7ozc,6763.285714,662.3714286,3701.571429,7244209.571
11-06-2020 23:45,rGa61gmuvPhdLxV,0.0,0.0,4955.125,7316432.0
25-05-2020 20:00,zVJPv84UY57bAof,0.0,0.0,8813.0,7197609.0
17-05-2020 23:45,McdE0feGgRqW7Ca,0.0,0.0,6519.428571,7179627.0
23-05-2020 03:45,uHbuxQJl8lW7ozc,0.0,0.0,0.0,7095253.0
20-05-2020 00:45,iCRJl6heRkivqQ3,0.0,0.0,0.0,7210718.0
27-05-2020 06:30,wCURE6d3bPkepu2,830.8571429,80.61428571,19.71428571,6872504.714
24-05-2020 22:30,ZoEaEvLYb1n2sOq,0.0,0.0,7985.0,7170169.0
13-06-2020 16:15,adLQvlD726eNBSB,2983.571429,292.9285714,8420.285714,6497142.286
15-06-2020 18:30,sjndEbLyjtCKgGv,24.5,2.3625,6727.75,7249538.75
22-05-2020 05:30,McdE0feGgRqW7Ca,0.0,0.0,0.0,7209055.0
05-06-2020 21:45,zBIq5rxdHJRwDNY,0.0,0.0,7723.0,6500302.0
16-05-2020 23:15,wCURE6d3bPkepu2,0.0,0.0,6543.0,6795470.0
14-06-2020 06:00,sjndEbLyjtCKgGv,51.375,4.975,0.25,7235504.25
21-05-2020 11:30,adLQvlD726eNBSB,12287.28571,1198.842857,3513.428571,6317128.429
24-05-2020 06:15,adLQvlD726eNBSB,448.0,43.32857143,8.571428571,6337742.571
06-06-2020 09:30,VHMLBKoKgIrUVDU,9688.125,946.7125,1378.0,7372932.0
13-06-2020 19:00,pkci93gMrogZuBj,0.0,0.0,8354.0,7389161.0
31-05-2020 15:00,adLQvlD726eNBSB,2498.875,245.05,5286.375,6400057.375
16-06-2020 02:45,7JYdWkrLSPkdwr4,0.0,0.0,0.0,7834799.0
15-05-2020 22:15,1BY6WEcLGh8j5v7,0.0,0.0,5754.0,6265313.0
12-06-2020 07:30,pkci93gMrogZuBj,927.5714286,90.1,89.0,7375045.0
01-06-2020 23:45,1BY6WEcLGh8j5v7,0.0,0.0,5508.0,6383439.0
19-05-2020 06:15,pkci93gMrogZuBj,90.0,8.671428571,0.571428571,7194411.571
06-06-2020 21:15,bvBOhCH3iADSZry,0.0,0.0,5873.0,6473124.0
04-06-2020 00:30,uHbuxQJl8lW7ozc,0.0,0.0,0.0,7186255.0
29-05-2020 09:00,iCRJl6heRkivqQ3,6697.142857,655.8285714,803.4285714,7283840.429
24-05-2020 18:15,7JYdWkrLSPkdwr4,376.0,36.34285714,8013.142857,7675233.143
24-05-2020 07:15,ih0vzX44oOqAx2f,2416.75,236.9875,130.375,6249068.375
31-05-2020 09:00,WRmjgnKYAwPKWDb,6974.428571,682.9142857,725.4285714,7148754.429
19-05-2020 13:45,adLQvlD726eNBSB,10370.375,1013.7875,4683.625,6302499.625
20-05-2020 21:30,7JYdWkrLSPkdwr4,0.0,0.0,8772.0,7643980.0
23-05-2020 11:00,sjndEbLyjtCKgGv,10576.85714,1032.885714,2781.857143,7075743.857
16-05-2020 18:45,VHMLBKoKgIrUVDU,0.0,0.0,6714.0,7219380.0
18-05-2020 06:30,1IF53ai7Xc0U56Y,771.125,74.7875,19.875,6204372.875
29-05-2020 20:45,ZoEaEvLYb1n2sOq,0.0,0.0,0.0,7209600.0
01-06-2020 01:45,bvBOhCH3iADSZry,0.0,0.0,0.0,6433267.0
09-06-2020 16:30,McdE0feGgRqW7Ca,5352.428571,524.6428571,7787.428571,7354569.429
03-06-2020 18:30,wCURE6d3bPkepu2,84.57142857,8.142857143,7906.857143,6930775.857
28-05-2020 13:15,pkci93gMrogZuBj,8726.5,852.9625,5530.625,7270515.625
10-06-2020 18:30,adLQvlD726eNBSB,0.0,0.0,6667.0,6476944.0
23-05-2020 08:15,iCRJl6heRkivqQ3,6475.142857,634.2714286,450.2857143,7235043.286
06-06-2020 20:00,pkci93gMrogZuBj,0.0,0.0,0.0,7337918.0
24-05-2020 10:45,YxYtjZvoooNbGkE,12158.57143,1185.9,2292.0,7246972.0
11-06-2020 17:30,bvBOhCH3iADSZry,1314.5,127.9,5137.5,6504347.5
14-06-2020 20:00,3PZuoBAID5Wc2HD,0.0,0.0,7504.0,7218223.0
21-05-2020 08:15,zVJPv84UY57bAof,5643.5,553.1,476.0,7157655.0
25-05-2020 06:30,adLQvlD726eNBSB,825.5,80.1125,18.75,6346149.75
23-05-2020 00:45,sjndEbLyjtCKgGv,0.0,0.0,0.0,7072962.0
04-06-2020 13:00,McdE0feGgRqW7Ca,11140.57143,1087.828571,4694.428571,7313063.429
07-06-2020 07:00,ZoEaEvLYb1n2sOq,1727.0,169.1285714,84.14285714,7265452.143
30-05-2020 16:30,rGa61gmuvPhdLxV,4787.0,469.6,6946.428571,7230020.429
05-06-2020 13:15,ZoEaEvLYb1n2sOq,7647.0,748.1,4201.571429,7255741.571
14-06-2020 23:30,McdE0feGgRqW7Ca,0.0,0.0,7435.0,7389358.0
06-06-2020 18:30,7JYdWkrLSPkdwr4,0.0,0.0,6317.0,7770457.0
03-06-2020 18:45,VHMLBKoKgIrUVDU,0.0,0.0,7917.0,7355661.0
05-06-2020 08:15,rGa61gmuvPhdLxV,4859.625,476.375,374.5,7265723.5
02-06-2020 13:00,z9Y9gH1T5YWrNuG,11925.85714,1163.214286,4370.428571,7144198.429
06-06-2020 01:45,McdE0feGgRqW7Ca,0.0,0.0,0.0,7324681.0
30-05-2020 00:45,zBIq5rxdHJRwDNY,0.0,0.0,0.0,6449905.0
09-06-2020 15:00,ih0vzX44oOqAx2f,7792.142857,762.7285714,6386.571429,6373295.571
27-05-2020 20:30,wCURE6d3bPkepu2,0.0,0.0,0.0,6879195.0
11-06-2020 07:15,adLQvlD726eNBSB,1245.428571,121.1285714,60.42857143,6477004.429
05-06-2020 16:15,iCRJl6heRkivqQ3,6742.5,660.4,7030.875,7341030.875
10-06-2020 18:00,uHbuxQJl8lW7ozc,575.1428571,55.7,6635.0,7240498.0
01-06-2020 06:30,iCRJl6heRkivqQ3,967.5,93.9625,24.0,7304591.0
27-05-2020 21:45,YxYtjZvoooNbGkE,0.0,0.0,0.0,7276029.0
29-05-2020 10:15,3PZuoBAID5Wc2HD,12135.14286,1183.785714,1896.857143,7095875.857
02-06-2020 22:30,1IF53ai7Xc0U56Y,0.0,0.0,0.0,6324784.0
18-05-2020 23:00,bvBOhCH3iADSZry,0.0,0.0,4962.0,6340538.0
31-05-2020 09:45,ZnxXDlPa8U1GXgE,6525.875,639.1875,1218.625,6644601.625
19-05-2020 21:45,ZnxXDlPa8U1GXgE,0.0,0.0,6974.0,6555136.0
10-06-2020 03:00,1IF53ai7Xc0U56Y,0.0,0.0,0.0,6380022.0
24-05-2020 19:30,rGa61gmuvPhdLxV,0.0,0.0,8002.0,7183295.0
07-06-2020 08:30,wCURE6d3bPkepu2,3643.571429,358.1285714,481.4285714,6953575.429
17-06-2020 05:45,McdE0feGgRqW7Ca,0.0,0.0,0.0,7402595.0
04-06-2020 21:45,ih0vzX44oOqAx2f,0.0,0.0,8009.0,6337019.0
05-06-2020 20:00,7JYdWkrLSPkdwr4,0.0,0.0,0.0,7764140.0
26-05-2020 02:00,ih0vzX44oOqAx2f,0.0,0.0,0.0,6264579.0
24-05-2020 09:45,sjndEbLyjtCKgGv,6014.625,589.3625,1454.125,7082903.125
27-05-2020 10:00,zVJPv84UY57bAof,6357.4,622.72,1806.4,7207189.4
20-05-2020 00:30,zBIq5rxdHJRwDNY,0.0,0.0,0.0,6371971.0
14-06-2020 11:15,YxYtjZvoooNbGkE,9482.857143,927.2714286,2773.857143,7402212.857
17-05-2020 23:30,z9Y9gH1T5YWrNuG,0.0,0.0,7486.0,7028226.0
22-05-2020 09:45,wCURE6d3bPkepu2,5239.125,513.825,1258.0,6833313.0
12-06-2020 07:15,z9Y9gH1T5YWrNuG,1087.714286,105.7142857,64.85714286,7211128.857
08-06-2020 20:45,McdE0feGgRqW7Ca,0.0,0.0,8580.0,7346782.0
16-05-2020 11:15,wCURE6d3bPkepu2,7465.857143,730.9142857,2490.714286,6791417.714
07-06-2020 13:30,sjndEbLyjtCKgGv,0.0,0.0,4526.0,7190182.0
26-05-2020 01:45,YxYtjZvoooNbGkE,0.0,0.0,0.0,7261464.0
15-05-2020 20:45,McdE0feGgRqW7Ca,0.0,0.0,6471.0,7165435.0
23-05-2020 16:45,uHbuxQJl8lW7ozc,4197.142857,412.2,8145.571429,7103398.571
05-06-2020 19:00,uHbuxQJl8lW7ozc,0.0,0.0,7838.0,7202373.0
03-06-2020 13:30,z9Y9gH1T5YWrNuG,10080.625,985.2625,4879.875,7152153.875
19-05-2020 03:45,bvBOhCH3iADSZry,0.0,0.0,0.0,6340538.0
19-05-2020 02:15,YxYtjZvoooNbGkE,0.0,0.0,0.0,7205598.0
01-06-2020 00:15,z9Y9gH1T5YWrNuG,0.0,0.0,0.0,7133897.0
03-06-2020 22:30,zVJPv84UY57bAof,0.0,0.0,7836.0,7263053.0
07-06-2020 06:30,z9Y9gH1T5YWrNuG,792.7142857,76.9,19.28571429,7177308.286
23-05-2020 19:45,pkci93gMrogZuBj,0.0,0.0,8475.0,7233675.0
22-05-2020 00:15,z9Y9gH1T5YWrNuG,0.0,0.0,0.0,7057147.0
24-05-2020 17:15,1IF53ai7Xc0U56Y,2535.75,248.775,8148.75,6257355.75
02-06-2020 00:30,zBIq5rxdHJRwDNY,0.0,0.0,0.0,6469033.0
16-06-2020 04:30,adLQvlD726eNBSB,0.0,0.0,0.0,6512002.0
28-05-2020 12:45,bvBOhCH3iADSZry,10830.42857,1056.785714,4767.714286,6410600.714
01-06-2020 07:45,1IF53ai7Xc0U56Y,5328.714286,522.3142857,385.7142857,6311817.714
24-05-2020 02:00,3PZuoBAID5Wc2HD,0.0,0.0,0.0,7053268.0
20-05-2020 05:15,ZoEaEvLYb1n2sOq,0.0,0.0,0.0,7130332.0
10-06-2020 09:00,3PZuoBAID5Wc2HD,7404.714286,724.9857143,932.2857143,7184851.286
24-05-2020 10:30,McdE0feGgRqW7Ca,8219.571429,803.4,2054.428571,7226690.429
24-05-2020 12:45,1BY6WEcLGh8j5v7,11688.0,1139.585714,4514.714286,6324917.714
18-05-2020 05:00,bvBOhCH3iADSZry,0.0,0.0,0.0,6335576.0
03-06-2020 05:00,VHMLBKoKgIrUVDU,0.0,0.0,0.0,7347744.0
15-06-2020 12:15,bvBOhCH3iADSZry,5341.857143,523.7142857,3716.142857,6525316.143
07-06-2020 02:30,z9Y9gH1T5YWrNuG,0.0,0.0,0.0,7177289.0
16-06-2020 06:30,adLQvlD726eNBSB,710.625,68.875,12.875,6512014.875
04-06-2020 19:00,VHMLBKoKgIrUVDU,0.0,0.0,8160.0,7363821.0
17-06-2020 17:15,uHbuxQJl8lW7ozc,1590.75,155.7375,5863.625,7286898.625
26-05-2020 11:15,McdE0feGgRqW7Ca,8190.857143,800.4,3372.857143,7245021.857
21-05-2020 22:45,rGa61gmuvPhdLxV,0.0,0.0,7766.0,7160399.0
24-05-2020 03:45,rGa61gmuvPhdLxV,0.0,0.0,0.0,7175293.0
16-05-2020 06:15,3PZuoBAID5Wc2HD,346.5714286,33.48571429,3.714285714,6994036.714
08-06-2020 03:00,VHMLBKoKgIrUVDU,0.0,0.0,0.0,7386208.0
12-06-2020 06:00,z9Y9gH1T5YWrNuG,0.0,0.0,0.0,7211064.0
08-06-2020 17:45,3PZuoBAID5Wc2HD,1166.571429,113.5428571,8464.285714,7175688.286
04-06-2020 16:15,rGa61gmuvPhdLxV,6971.5,682.7375,7522.25,7264659.25
06-06-2020 13:15,bvBOhCH3iADSZry,4767.25,466.4125,4235.875,6471486.875
10-06-2020 06:00,7JYdWkrLSPkdwr4,103.25,9.95,0.875,7794729.875
19-05-2020 13:00,uHbuxQJl8lW7ozc,9378.857143,916.9571429,4006.714286,7068207.714
16-05-2020 15:15,1BY6WEcLGh8j5v7,5465.375,535.75,5629.125,6270942.125
08-06-2020 02:45,zBIq5rxdHJRwDNY,0.0,0.0,0.0,6514911.0
14-06-2020 19:00,adLQvlD726eNBSB,0.0,0.0,7590.0,6505086.0
17-06-2020 22:30,uHbuxQJl8lW7ozc,0.0,0.0,5967.0,7287002.0
01-06-2020 19:30,pkci93gMrogZuBj,0.0,0.0,5509.0,7300300.0
07-06-2020 07:00,McdE0feGgRqW7Ca,1793.0,175.7428571,88.85714286,7331248.857
26-05-2020 19:30,zBIq5rxdHJRwDNY,0.0,0.0,0.0,6427702.0
03-06-2020 03:15,VHMLBKoKgIrUVDU,0.0,0.0,0.0,7347744.0
07-06-2020 18:15,z9Y9gH1T5YWrNuG,311.0,30.07142857,6336.714286,7183625.714
19-05-2020 20:15,zVJPv84UY57bAof,0.0,0.0,6932.0,7148337.0
07-06-2020 02:15,WRmjgnKYAwPKWDb,0.0,0.0,0.0,7196611.0
29-05-2020 11:30,ZoEaEvLYb1n2sOq,8547.0,834.9714286,3186.714286,7204724.714
28-05-2020 10:15,iCRJl6heRkivqQ3,10336.375,1009.475,2221.75,7276913.75
20-05-2020 02:00,3PZuoBAID5Wc2HD,0.0,0.0,0.0,7020512.0
19-05-2020 09:00,ZoEaEvLYb1n2sOq,5730.571429,561.5142857,659.2857143,7124186.286
25-05-2020 04:30,ZoEaEvLYb1n2sOq,0.0,0.0,0.0,7170169.0
06-06-2020 14:30,VHMLBKoKgIrUVDU,4519.0,441.9625,5693.5,7377247.5
27-05-2020 09:45,ZoEaEvLYb1n2sOq,8254.625,807.3125,1622.5,7188312.5
05-06-2020 23:15,3PZuoBAID5Wc2HD,0.0,0.0,0.0,7152486.0
15-06-2020 15:15,ZnxXDlPa8U1GXgE,6273.5,614.55,5885.625,6757632.625
01-06-2020 10:30,ih0vzX44oOqAx2f,12687.375,1237.4125,2193.75,6310425.75
15-06-2020 10:15,ZnxXDlPa8U1GXgE,11344.71429,1107.285714,2240.857143,6753987.857
08-06-2020 05:30,YxYtjZvoooNbGkE,0.0,0.0,0.0,7356967.0
11-06-2020 11:15,ZnxXDlPa8U1GXgE,7899.25,773.2125,1703.875,6725913.875
15-05-2020 05:00,7JYdWkrLSPkdwr4,0.0,0.0,0.0,7602960.0
15-06-2020 20:00,uHbuxQJl8lW7ozc,0.0,0.0,6906.0,7274743.0
05-06-2020 04:00,ih0vzX44oOqAx2f,0.0,0.0,0.0,6337019.0
28-05-2020 09:30,sjndEbLyjtCKgGv,9454.875,924.75,1494.0,7114059.0
28-05-2020 14:45,1BY6WEcLGh8j5v7,7790.5,762.4,6533.125,6356366.125
17-05-2020 16:00,wCURE6d3bPkepu2,6078.571429,595.4571429,7019.142857,6802489.143
02-06-2020 12:15,7JYdWkrLSPkdwr4,9288.0,908.2285714,3556.285714,7737180.286
15-06-2020 18:30,3PZuoBAID5Wc2HD,22.25,2.15,6818.875,7225041.875
29-05-2020 08:00,z9Y9gH1T5YWrNuG,3333.125,327.4875,325.5,7112687.5
13-06-2020 08:30,VHMLBKoKgIrUVDU,7241.714286,709.1285714,743.1428571,7421657.143
26-05-2020 16:00,bvBOhCH3iADSZry,4485.142857,439.9857143,6754.571429,6399090.571
11-06-2020 00:15,McdE0feGgRqW7Ca,0.0,0.0,0.0,7361623.0
13-06-2020 13:30,rGa61gmuvPhdLxV,7772.571429,760.8714286,5659.142857,7327940.143
11-06-2020 20:30,YxYtjZvoooNbGkE,0.0,0.0,5592.0,7385279.0
07-06-2020 20:15,uHbuxQJl8lW7ozc,0.0,0.0,8294.0,7217149.0
13-06-2020 20:15,zVJPv84UY57bAof,0.0,0.0,8410.0,7336960.0
05-06-2020 05:15,7JYdWkrLSPkdwr4,0.0,0.0,0.0,7756621.0
25-05-2020 08:00,wCURE6d3bPkepu2,3402.857143,334.0571429,348.4285714,6856139.429
29-05-2020 18:15,VHMLBKoKgIrUVDU,125.7142857,12.12857143,8170.714286,7321057.714
28-05-2020 18:30,ZnxXDlPa8U1GXgE,58.57142857,5.657142857,8539.571429,6627915.571
17-05-2020 02:15,zVJPv84UY57bAof,0.0,0.0,0.0,7128535.0
21-05-2020 22:15,WRmjgnKYAwPKWDb,0.0,0.0,0.0,7077358.0
29-05-2020 22:45,1IF53ai7Xc0U56Y,0.0,0.0,8253.0,6298211.0
07-06-2020 04:30,7JYdWkrLSPkdwr4,0.0,0.0,0.0,7770457.0
22-05-2020 20:30,ZoEaEvLYb1n2sOq,0.0,0.0,0.0,7153713.0
22-05-2020 01:30,sjndEbLyjtCKgGv,0.0,0.0,0.0,7065886.0
19-05-2020 08:00,ih0vzX44oOqAx2f,1796.285714,175.8714286,310.8571429,6210797.857
07-06-2020 20:30,zVJPv84UY57bAof,0.0,0.0,8260.0,7293790.0
09-06-2020 10:30,ZoEaEvLYb1n2sOq,12014.71429,1172.028571,2312.428571,7284036.429
21-05-2020 08:15,uHbuxQJl8lW7ozc,5724.125,560.9875,484.25,7080595.25
28-05-2020 20:45,ZoEaEvLYb1n2sOq,0.0,0.0,8247.0,7201538.0
03-06-2020 22:45,7JYdWkrLSPkdwr4,0.0,0.0,7749.0,7748622.0
24-05-2020 05:45,adLQvlD726eNBSB,0.0,0.0,0.0,6337734.0
25-05-2020 01:30,adLQvlD726eNBSB,0.0,0.0,0.0,6346131.0
19-05-2020 15:15,uHbuxQJl8lW7ozc,6311.125,618.375,5966.375,7070167.375
07-06-2020 08:00,1BY6WEcLGh8j5v7,3130.142857,307.5714286,283.8571429,6418765.857
15-05-2020 18:45,bvBOhCH3iADSZry,0.0,0.0,5707.0,6322510.0
11-06-2020 11:30,ZoEaEvLYb1n2sOq,7276.25,712.4625,1857.875,7297928.875
22-05-2020 20:30,zBIq5rxdHJRwDNY,0.0,0.0,0.0,6395807.0
16-06-2020 07:30,sjndEbLyjtCKgGv,2842.857143,278.8428571,170.5714286,7249709.571
04-06-2020 08:45,z9Y9gH1T5YWrNuG,5535.875,542.3375,756.5,7155869.5
07-06-2020 02:30,3PZuoBAID5Wc2HD,0.0,0.0,0.0,7158982.0
04-06-2020 16:30,ih0vzX44oOqAx2f,5881.571429,576.3285714,7497.0,6336507.0
11-06-2020 09:45,1IF53ai7Xc0U56Y,4867.857143,477.2857143,829.1428571,6387449.143
06-06-2020 16:15,VHMLBKoKgIrUVDU,1549.285714,151.3428571,6285.571429,7377839.571
12-06-2020 21:45,1IF53ai7Xc0U56Y,0.0,0.0,5903.0,6398227.0
15-06-2020 22:45,WRmjgnKYAwPKWDb,0.0,0.0,6731.0,7261315.0
17-05-2020 09:15,uHbuxQJl8lW7ozc,7319.571429,716.6428571,1126.428571,7052465.429
15-06-2020 02:15,3PZuoBAID5Wc2HD,0.0,0.0,0.0,7218223.0
09-06-2020 21:30,YxYtjZvoooNbGkE,0.0,0.0,7958.0,7373268.0
04-06-2020 09:00,ZoEaEvLYb1n2sOq,7192.25,704.1,905.875,7244406.875
11-06-2020 06:00,1BY6WEcLGh8j5v7,0.0,0.0,0.0,6444981.0
03-06-2020 11:00,wCURE6d3bPkepu2,9904.625,968.2125,2229.125,6925098.125
23-05-2020 03:45,wCURE6d3bPkepu2,0.0,0.0,0.0,6839225.0
23-05-2020 23:45,ZnxXDlPa8U1GXgE,0.0,0.0,8589.0,6587728.0
04-06-2020 13:00,pkci93gMrogZuBj,12434.85714,1212.8,4585.428571,7320021.429
26-05-2020 23:30,rGa61gmuvPhdLxV,0.0,0.0,0.0,7199869.0
13-06-2020 09:15,1BY6WEcLGh8j5v7,8275.125,809.725,1228.0,6456907.0
14-06-2020 08:00,iCRJl6heRkivqQ3,4214.375,414.0,410.0,7400265.0
25-05-2020 19:45,rGa61gmuvPhdLxV,0.0,0.0,8807.0,7192102.0
12-06-2020 01:30,WRmjgnKYAwPKWDb,0.0,0.0,0.0,7232986.0
03-06-2020 00:45,McdE0feGgRqW7Ca,0.0,0.0,0.0,7300359.0
29-05-2020 18:00,wCURE6d3bPkepu2,457.25,44.225,8165.0,6895874.0
10-06-2020 09:00,iCRJl6heRkivqQ3,6721.5,658.2625,852.125,7374072.125
03-06-2020 02:30,VHMLBKoKgIrUVDU,0.0,0.0,0.0,7347744.0
08-06-2020 14:00,bvBOhCH3iADSZry,9406.0,918.3,5452.0,6483745.0
15-05-2020 10:00,ih0vzX44oOqAx2f,7627.75,746.55,1342.625,6186536.857
07-06-2020 13:30,uHbuxQJl8lW7ozc,12206.14286,1190.5,5538.142857,7214393.143
26-05-2020 09:15,sjndEbLyjtCKgGv,8777.25,858.7875,1257.875,7099368.875
14-06-2020 21:30,7JYdWkrLSPkdwr4,0.0,0.0,7306.0,7828158.0
02-06-2020 22:30,ZoEaEvLYb1n2sOq,0.0,0.0,7287.0,7235727.0
14-06-2020 23:00,z9Y9gH1T5YWrNuG,0.0,0.0,7238.0,7232468.0
11-06-2020 20:00,ih0vzX44oOqAx2f,0.0,0.0,5521.0,6386553.0
06-06-2020 17:30,McdE0feGgRqW7Ca,458.7142857,44.34285714,6464.857143,7331145.857
17-05-2020 12:15,rGa61gmuvPhdLxV,10787.625,1053.6875,4085.75,7128184.75
02-06-2020 02:15,rGa61gmuvPhdLxV,0.0,0.0,0.0,7241969.0
08-06-2020 23:30,wCURE6d3bPkepu2,0.0,0.0,8443.0,6967970.0
22-05-2020 20:15,WRmjgnKYAwPKWDb,0.0,0.0,7237.0,7084595.0
17-05-2020 01:00,1BY6WEcLGh8j5v7,0.0,0.0,0.0,6271605.0
24-05-2020 19:30,McdE0feGgRqW7Ca,0.0,0.0,8055.0,7232691.0
27-05-2020 08:45,bvBOhCH3iADSZry,7077.375,693.0625,784.625,6400484.625
17-05-2020 20:45,1IF53ai7Xc0U56Y,0.0,0.0,7759.0,6204353.0
10-06-2020 15:45,ZnxXDlPa8U1GXgE,3792.375,372.6875,5793.25,6723565.25
21-05-2020 10:00,zVJPv84UY57bAof,5706.0,557.7142857,1313.428571,7159010.429
15-06-2020 13:00,uHbuxQJl8lW7ozc,11275.14286,1100.557143,4601.857143,7272438.857
29-05-2020 20:00,uHbuxQJl8lW7ozc,0.0,0.0,0.0,7151932.0
29-05-2020 18:00,bvBOhCH3iADSZry,414.2857143,40.07142857,7431.571429,6421016.571
16-06-2020 00:45,ih0vzX44oOqAx2f,0.0,0.0,0.0,6414247.0
18-05-2020 15:45,rGa61gmuvPhdLxV,7140.875,699.2625,4704.5,7136241.5
15-05-2020 04:15,pkci93gMrogZuBj,0.0,0.0,0.0,7169102.0
06-06-2020 11:30,iCRJl6heRkivqQ3,6403.142857,626.1714286,3128.857143,7344931.857
22-05-2020 22:00,1BY6WEcLGh8j5v7,0.0,0.0,6848.0,6312437.0
15-06-2020 23:45,wCURE6d3bPkepu2,0.0,0.0,6746.0,7016444.0
17-05-2020 23:15,zBIq5rxdHJRwDNY,0.0,0.0,7507.0,6359657.0
22-05-2020 22:00,wCURE6d3bPkepu2,0.0,0.0,0.0,6839225.0
07-06-2020 22:30,adLQvlD726eNBSB,0.0,0.0,8353.0,6453384.0
09-06-2020 04:00,YxYtjZvoooNbGkE,0.0,0.0,0.0,7365310.0
09-06-2020 16:45,rGa61gmuvPhdLxV,4384.142857,430.3857143,7913.0,7303877.0
27-05-2020 04:15,ZoEaEvLYb1n2sOq,0.0,0.0,0.0,7186690.0
24-05-2020 21:00,1IF53ai7Xc0U56Y,0.0,0.0,8273.0,6257480.0
23-05-2020 07:15,adLQvlD726eNBSB,2209.5,216.525,84.625,6329035.625
26-05-2020 17:45,3PZuoBAID5Wc2HD,515.7142857,49.87142857,8059.142857,7078695.143
04-06-2020 02:15,wCURE6d3bPkepu2,0.0,0.0,0.0,6930776.0
06-06-2020 08:15,zBIq5rxdHJRwDNY,5427.857143,532.0285714,592.4285714,6500894.429
30-05-2020 21:30,uHbuxQJl8lW7ozc,0.0,0.0,7340.0,7159272.0
02-06-2020 13:15,1IF53ai7Xc0U56Y,12466.42857,1216.257143,4644.142857,6322088.143
14-06-2020 11:15,1BY6WEcLGh8j5v7,0.0,0.0,2402.0,6466065.0
01-06-2020 05:45,WRmjgnKYAwPKWDb,0.0,0.0,0.0,7153866.0
13-06-2020 18:30,z9Y9gH1T5YWrNuG,67.71428571,6.528571429,8362.857143,7225229.857
22-05-2020 18:30,pkci93gMrogZuBj,0.0,0.0,7224.0,7225200.0
24-05-2020 12:00,adLQvlD726eNBSB,12702.0,1238.825,3983.5,6341717.5
13-06-2020 15:45,uHbuxQJl8lW7ozc,5145.285714,504.4142857,7808.714286,7259902.714
10-06-2020 03:00,adLQvlD726eNBSB,0.0,0.0,0.0,6470277.0
16-05-2020 12:15,ih0vzX44oOqAx2f,6898.714286,675.6571429,3259.142857,6194619.143
18-05-2020 19:45,adLQvlD726eNBSB,0.0,0.0,5506.0,6297816.0
14-06-2020 06:30,McdE0feGgRqW7Ca,671.125,65.05,16.125,7381939.125
11-06-2020 22:30,wCURE6d3bPkepu2,0.0,0.0,5651.0,6988054.0
15-05-2020 08:45,zVJPv84UY57bAof,2978.75,292.4375,553.875,7116704.875
08-06-2020 12:30,7JYdWkrLSPkdwr4,12974.875,1265.0625,4537.125,7783047.125
27-05-2020 13:45,ih0vzX44oOqAx2f,4433.428571,435.1428571,4795.857143,6277086.857
03-06-2020 21:15,3PZuoBAID5Wc2HD,0.0,0.0,7874.0,7136488.0
29-05-2020 23:30,bvBOhCH3iADSZry,0.0,0.0,7438.0,6421023.0
19-05-2020 01:00,rGa61gmuvPhdLxV,0.0,0.0,0.0,7136902.0
13-06-2020 02:00,zVJPv84UY57bAof,0.0,0.0,0.0,7328550.0
11-06-2020 16:00,rGa61gmuvPhdLxV,4798.142857,470.7714286,5141.714286,7315910.714
29-05-2020 07:00,ZoEaEvLYb1n2sOq,1946.714286,190.8285714,93.0,7201631.0
16-05-2020 15:45,uHbuxQJl8lW7ozc,3885.375,381.775,5804.125,7050872.125
05-06-2020 03:00,iCRJl6heRkivqQ3,0.0,0.0,0.0,7334000.0
05-06-2020 23:00,iCRJl6heRkivqQ3,0.0,0.0,7803.0,7341803.0
28-05-2020 15:30,iCRJl6heRkivqQ3,8347.571429,816.9428571,7479.428571,7282171.429
17-05-2020 00:15,7JYdWkrLSPkdwr4,0.0,0.0,0.0,7615537.0
15-06-2020 16:45,YxYtjZvoooNbGkE,4079.142857,400.7428571,6374.571429,7413076.571
06-06-2020 04:30,z9Y9gH1T5YWrNuG,0.0,0.0,0.0,7171001.0
29-05-2020 16:30,adLQvlD726eNBSB,4331.125,425.25,7991.75,6387000.75
15-05-2020 11:00,uHbuxQJl8lW7ozc,10481.14286,1023.128571,2124.571429,7040805.571
30-05-2020 20:45,McdE0feGgRqW7Ca,0.0,0.0,7352.0,7280565.0
20-05-2020 17:45,1IF53ai7Xc0U56Y,1562.857143,152.7571429,8947.857143,6225377.857
29-05-2020 18:00,ZnxXDlPa8U1GXgE,459.875,44.5125,8142.625,6636058.625
14-06-2020 18:15,7JYdWkrLSPkdwr4,249.8571429,24.11428571,7301.142857,7828153.143
28-05-2020 02:15,ZnxXDlPa8U1GXgE,0.0,0.0,0.0,6619376.0
25-05-2020 02:45,YxYtjZvoooNbGkE,0.0,0.0,0.0,7252651.0
03-06-2020 01:15,wCURE6d3bPkepu2,0.0,0.0,0.0,6922869.0
22-05-2020 15:30,McdE0feGgRqW7Ca,3957.25,388.6375,6364.5,7215419.5
10-06-2020 15:45,ZoEaEvLYb1n2sOq,3794.5,372.925,5761.625,7295440.625
22-05-2020 09:45,ZoEaEvLYb1n2sOq,5152.0,505.15,1262.625,7147947.625
11-06-2020 07:15,iCRJl6heRkivqQ3,1212.714286,117.9285714,57.0,7379836.0
06-06-2020 07:45,McdE0feGgRqW7Ca,4593.875,450.7375,364.0,7325045.0
15-06-2020 01:45,sjndEbLyjtCKgGv,0.0,0.0,0.0,7242811.0
17-06-2020 14:45,z9Y9gH1T5YWrNuG,7443.285714,728.6285714,5138.285714,7250523.286
07-06-2020 23:00,VHMLBKoKgIrUVDU,0.0,0.0,8219.0,7386208.0
15-05-2020 16:00,3PZuoBAID5Wc2HD,4791.875,470.1125,5770.875,6993529.875
10-06-2020 04:00,3PZuoBAID5Wc2HD,0.0,0.0,0.0,7183919.0
16-05-2020 19:15,7JYdWkrLSPkdwr4,0.0,0.0,6461.0,7615537.0
03-06-2020 20:30,ZnxXDlPa8U1GXgE,0.0,0.0,7916.0,6670884.0
30-05-2020 18:15,7JYdWkrLSPkdwr4,278.5,26.9125,7139.375,7721974.375
25-05-2020 21:45,3PZuoBAID5Wc2HD,0.0,0.0,9068.0,7070636.0
19-05-2020 02:30,ZoEaEvLYb1n2sOq,0.0,0.0,0.0,7123527.0
09-06-2020 20:15,3PZuoBAID5Wc2HD,0.0,0.0,8186.0,7183919.0
25-05-2020 16:45,pkci93gMrogZuBj,1336.625,130.0625,8699.125,7250406.125
28-05-2020 07:45,ZoEaEvLYb1n2sOq,4092.714286,402.0285714,297.2857143,7193588.286
16-05-2020 22:45,adLQvlD726eNBSB,0.0,0.0,6705.0,6284443.0
15-06-2020 00:15,iCRJl6heRkivqQ3,0.0,0.0,0.0,7407224.0
08-06-2020 23:30,zBIq5rxdHJRwDNY,0.0,0.0,8358.0,6523269.0
06-06-2020 11:15,zVJPv84UY57bAof,10227.375,998.675,2915.0,7282005.0
06-06-2020 04:30,pkci93gMrogZuBj,0.0,0.0,0.0,7331487.0
22-05-2020 21:30,sjndEbLyjtCKgGv,0.0,0.0,0.0,7072962.0
10-06-2020 23:00,ZnxXDlPa8U1GXgE,0.0,0.0,6438.0,6724210.0
10-06-2020 13:30,sjndEbLyjtCKgGv,11291.42857,1101.857143,4607.285714,7213702.286
29-05-2020 06:30,adLQvlD726eNBSB,1025.714286,99.68571429,19.85714286,6379028.857
09-06-2020 23:15,ZnxXDlPa8U1GXgE,0.0,0.0,8074.0,6717772.0
19-05-2020 18:45,pkci93gMrogZuBj,0.0,0.0,6938.0,7201349.0
24-05-2020 00:30,sjndEbLyjtCKgGv,0.0,0.0,0.0,7081449.0
23-05-2020 10:30,iCRJl6heRkivqQ3,8770.0,857.5625,2337.5,7236930.5
05-06-2020 17:30,VHMLBKoKgIrUVDU,3537.571429,347.6428571,7594.714286,7371415.714
19-05-2020 07:00,pkci93gMrogZuBj,2393.875,234.7375,48.75,7194459.75
09-06-2020 18:15,z9Y9gH1T5YWrNuG,429.25,41.525,7621.25,7199045.25
22-05-2020 02:15,3PZuoBAID5Wc2HD,0.0,0.0,0.0,7037301.0
12-06-2020 00:15,bvBOhCH3iADSZry,0.0,0.0,0.0,6504407.0
03-06-2020 17:30,pkci93gMrogZuBj,2335.428571,228.9857143,7695.0,7315345.0
25-05-2020 13:30,ZoEaEvLYb1n2sOq,11359.375,1108.925,5956.25,7176125.25
17-05-2020 22:30,iCRJl6heRkivqQ3,0.0,0.0,7519.0,7198367.0
29-05-2020 14:30,1IF53ai7Xc0U56Y,8110.285714,793.7714286,6498.571429,6296456.571
05-06-2020 16:00,wCURE6d3bPkepu2,7533.714286,737.6142857,6836.571429,6945857.571
26-05-2020 01:30,YxYtjZvoooNbGkE,0.0,0.0,0.0,7261464.0
17-06-2020 02:15,zBIq5rxdHJRwDNY,0.0,0.0,0.0,6577552.0
07-06-2020 22:30,ZoEaEvLYb1n2sOq,0.0,0.0,8085.0,7273453.0
18-05-2020 20:45,adLQvlD726eNBSB,0.0,0.0,5506.0,6297816.0
10-06-2020 07:15,adLQvlD726eNBSB,2890.285714,283.7142857,160.0,6470437.0
22-05-2020 02:45,rGa61gmuvPhdLxV,0.0,0.0,0.0,7160399.0
26-05-2020 23:15,ZoEaEvLYb1n2sOq,0.0,0.0,0.0,7186690.0
12-06-2020 05:15,YxYtjZvoooNbGkE,0.0,0.0,0.0,7385279.0
25-05-2020 18:45,ih0vzX44oOqAx2f,0.0,0.0,8085.0,6264579.0
03-06-2020 08:30,ZoEaEvLYb1n2sOq,4439.0,435.6857143,541.2857143,7236268.286
05-06-2020 14:15,z9Y9gH1T5YWrNuG,5302.125,519.7875,5397.625,7168659.625
23-05-2020 05:00,McdE0feGgRqW7Ca,0.0,0.0,0.0,7215952.0
21-05-2020 12:30,zBIq5rxdHJRwDNY,7924.428571,775.5285714,4306.714286,6385168.714
09-06-2020 03:30,iCRJl6heRkivqQ3,0.0,0.0,0.0,7364955.0
10-06-2020 20:00,z9Y9gH1T5YWrNuG,0.0,0.0,6412.0,7205465.0
08-06-2020 07:15,7JYdWkrLSPkdwr4,1954.875,191.6375,124.25,7778634.25
25-05-2020 09:15,1IF53ai7Xc0U56Y,9351.25,914.675,1272.625,6258752.625
22-05-2020 09:00,iCRJl6heRkivqQ3,5097.75,499.8,866.625,7228308.625
30-05-2020 16:00,7JYdWkrLSPkdwr4,6568.0,643.3857143,6501.285714,7721336.286
16-06-2020 08:00,adLQvlD726eNBSB,5165.875,506.4875,370.5,6512372.5
24-05-2020 16:30,zBIq5rxdHJRwDNY,3353.625,328.825,6863.5,6411344.5
06-06-2020 02:00,WRmjgnKYAwPKWDb,0.0,0.0,0.0,7190270.0
23-05-2020 20:00,wCURE6d3bPkepu2,0.0,0.0,8605.0,6847830.0
08-06-2020 08:15,zBIq5rxdHJRwDNY,3241.875,318.65,428.375,6515339.375
25-05-2020 13:15,ZoEaEvLYb1n2sOq,11873.71429,1158.514286,5671.285714,7175840.286
12-06-2020 18:00,7JYdWkrLSPkdwr4,837.125,81.2625,5732.25,7812396.25
25-05-2020 02:15,1BY6WEcLGh8j5v7,0.0,0.0,0.0,6327940.0
19-05-2020 03:15,wCURE6d3bPkepu2,0.0,0.0,0.0,6808393.0
04-06-2020 15:30,wCURE6d3bPkepu2,8989.875,879.3875,6955.125,6937731.125
30-05-2020 20:00,WRmjgnKYAwPKWDb,0.0,0.0,7130.0,7148029.0
30-05-2020 04:00,rGa61gmuvPhdLxV,0.0,0.0,0.0,7223074.0
21-05-2020 10:00,sjndEbLyjtCKgGv,6277.0,613.5333333,1217.166667,7059880.833
12-06-2020 03:00,wCURE6d3bPkepu2,0.0,0.0,0.0,6988054.0
15-05-2020 19:15,zBIq5rxdHJRwDNY,0.0,0.0,6396.0,6345776.0
26-05-2020 00:45,7JYdWkrLSPkdwr4,0.0,0.0,0.0,7684020.0
05-06-2020 08:15,pkci93gMrogZuBj,5926.0,580.4875,388.25,7324079.25
17-06-2020 23:45,rGa61gmuvPhdLxV,0.0,0.0,5950.0,7356897.0
05-06-2020 23:00,wCURE6d3bPkepu2,0.0,0.0,7748.0,6946769.0
15-06-2020 09:45,VHMLBKoKgIrUVDU,9141.0,893.7857143,1808.142857,7438863.143
11-06-2020 21:00,1IF53ai7Xc0U56Y,0.0,0.0,5704.0,6392324.0
16-05-2020 06:00,ZoEaEvLYb1n2sOq,42.14285714,4.057142857,0.0,7104360.0
24-05-2020 14:15,uHbuxQJl8lW7ozc,11458.28571,1118.528571,6230.714286,7109976.714
10-06-2020 22:15,z9Y9gH1T5YWrNuG,0.0,0.0,6412.0,7205465.0
02-06-2020 11:00,z9Y9gH1T5YWrNuG,8654.75,846.4625,2695.375,7142523.375
24-05-2020 01:45,sjndEbLyjtCKgGv,0.0,0.0,0.0,7081449.0
15-05-2020 13:30,VHMLBKoKgIrUVDU,8216.714286,804.1571429,3856.714286,7210264.714
26-05-2020 22:45,bvBOhCH3iADSZry,0.0,0.0,0.0,6399700.0
29-05-2020 18:30,1IF53ai7Xc0U56Y,0.0,0.0,8253.0,6298211.0
02-06-2020 12:15,McdE0feGgRqW7Ca,9863.285714,964.2571429,3729.0,7296481.0
09-06-2020 16:30,3PZuoBAID5Wc2HD,5026.285714,492.7857143,7761.571429,7183494.571
25-05-2020 09:00,adLQvlD726eNBSB,8790.0,860.0285714,1071.428571,6347202.429
17-06-2020 21:00,WRmjgnKYAwPKWDb,0.0,0.0,5953.0,7273532.0
24-05-2020 21:00,wCURE6d3bPkepu2,0.0,0.0,7961.0,6855791.0
23-05-2020 21:30,wCURE6d3bPkepu2,0.0,0.0,8605.0,6847830.0
22-05-2020 06:00,rGa61gmuvPhdLxV,200.8571429,19.38571429,1.428571429,7160400.429
09-06-2020 22:45,wCURE6d3bPkepu2,0.0,0.0,8010.0,6975980.0
27-05-2020 12:30,adLQvlD726eNBSB,6334.75,620.4875,4111.625,6367627.625
26-05-2020 18:00,bvBOhCH3iADSZry,341.0,32.95714286,7360.571429,6399696.571
03-06-2020 05:15,pkci93gMrogZuBj,0.0,0.0,0.0,7307650.0
20-05-2020 08:30,z9Y9gH1T5YWrNuG,6727.5,658.9625,684.125,7041149.125
03-06-2020 11:30,bvBOhCH3iADSZry,9775.625,955.3625,2474.5,6447961.5
06-06-2020 14:45,wCURE6d3bPkepu2,2433.142857,238.6285714,5662.0,6952431.0
04-06-2020 13:30,1BY6WEcLGh8j5v7,7316.25,716.3375,4798.375,6402607.375
30-05-2020 20:00,ih0vzX44oOqAx2f,0.0,0.0,7146.0,6302267.0
16-05-2020 03:30,bvBOhCH3iADSZry,0.0,0.0,0.0,6322510.0
27-05-2020 04:30,zVJPv84UY57bAof,0.0,0.0,0.0,7205383.0
13-06-2020 21:00,ZnxXDlPa8U1GXgE,0.0,0.0,8558.0,6744343.0
23-05-2020 12:15,zBIq5rxdHJRwDNY,13550.375,1321.1875,4395.75,6400202.75
10-06-2020 00:30,3PZuoBAID5Wc2HD,0.0,0.0,0.0,7183919.0
16-06-2020 16:00,uHbuxQJl8lW7ozc,4976.857143,488.0142857,5841.142857,7280584.143
12-06-2020 19:45,z9Y9gH1T5YWrNuG,0.0,0.0,5803.0,7216867.0
02-06-2020 15:30,ih0vzX44oOqAx2f,5892.428571,577.4285714,6460.857143,6320443.857
09-06-2020 03:30,z9Y9gH1T5YWrNuG,0.0,0.0,0.0,7191424.0
24-05-2020 17:45,z9Y9gH1T5YWrNuG,1127.875,109.6625,7834.5,7080596.5
09-06-2020 22:00,wCURE6d3bPkepu2,0.0,0.0,8010.0,6975980.0
01-06-2020 03:00,uHbuxQJl8lW7ozc,0.0,0.0,0.0,7165353.0
13-06-2020 11:30,uHbuxQJl8lW7ozc,13216.14286,1288.571429,3474.0,7255568.0
12-06-2020 09:45,7JYdWkrLSPkdwr4,6419.571429,628.8714286,888.1428571,7807552.143
22-05-2020 07:30,iCRJl6heRkivqQ3,4417.25,433.8125,246.75,7227688.75
15-05-2020 16:15,1BY6WEcLGh8j5v7,4081.25,400.725,5369.125,6264928.125
21-05-2020 08:15,7JYdWkrLSPkdwr4,5752.428571,563.7428571,494.5714286,7644474.571
27-05-2020 00:00,1BY6WEcLGh8j5v7,0.0,0.0,0.0,6343669.0
17-05-2020 03:15,ih0vzX44oOqAx2f,0.0,0.0,0.0,6197810.0
23-05-2020 20:45,z9Y9gH1T5YWrNuG,0.0,0.0,8543.0,7072762.0
24-05-2020 08:00,McdE0feGgRqW7Ca,4984.857143,488.7142857,395.7142857,7225031.714
26-05-2020 09:30,wCURE6d3bPkepu2,9443.714286,923.6571429,1479.857143,6866129.857
31-05-2020 22:45,pkci93gMrogZuBj,0.0,0.0,5915.0,7294791.0
16-06-2020 19:15,bvBOhCH3iADSZry,0.0,0.0,5757.0,6533549.0
15-06-2020 10:00,pkci93gMrogZuBj,8027.571429,785.5571429,1918.0,7398340.0
15-06-2020 00:00,ZnxXDlPa8U1GXgE,0.0,0.0,925.5,6751747.0
11-06-2020 06:15,ZnxXDlPa8U1GXgE,162.2857143,15.67142857,1.0,6724211.0
09-06-2020 09:00,zVJPv84UY57bAof,8733.375,854.55,1067.875,7303234.875
12-06-2020 10:30,3PZuoBAID5Wc2HD,8456.0,827.4714286,1444.0,7197630.0
16-05-2020 15:00,zBIq5rxdHJRwDNY,7176.142857,702.7285714,5495.285714,6351271.286
07-06-2020 00:45,YxYtjZvoooNbGkE,0.0,0.0,0.0,7348812.0
13-06-2020 17:15,1IF53ai7Xc0U56Y,1775.714286,174.0571429,8555.714286,6406782.714
04-06-2020 00:45,1IF53ai7Xc0U56Y,0.0,0.0,0.0,6332659.0
30-05-2020 09:45,7JYdWkrLSPkdwr4,4692.0,460.4875,1055.375,7715890.375
11-06-2020 01:45,VHMLBKoKgIrUVDU,0.0,0.0,0.0,7409295.0
22-05-2020 06:00,1BY6WEcLGh8j5v7,218.2857143,21.08571429,1.142857143,6305590.143
28-05-2020 05:00,zBIq5rxdHJRwDNY,0.0,0.0,0.0,6434083.0
12-06-2020 01:15,ZoEaEvLYb1n2sOq,0.0,0.0,0.0,7301632.0
16-06-2020 16:15,adLQvlD726eNBSB,3610.714286,354.7714286,6050.285714,6518052.286
12-06-2020 08:00,McdE0feGgRqW7Ca,1863.5,182.4375,155.375,7367528.375
21-05-2020 17:00,ZoEaEvLYb1n2sOq,1059.857143,103.0142857,7550.857143,7146618.857
13-06-2020 00:00,pkci93gMrogZuBj,0.0,0.0,0.0,7380807.0
24-05-2020 01:15,3PZuoBAID5Wc2HD,0.0,0.0,0.0,7053268.0
04-06-2020 00:45,bvBOhCH3iADSZry,0.0,0.0,0.0,6452724.0
31-05-2020 10:15,sjndEbLyjtCKgGv,10728.28571,1047.671429,1619.571429,7137874.571
26-05-2020 21:00,iCRJl6heRkivqQ3,0.0,0.0,0.0,7267996.0
15-05-2020 05:00,z9Y9gH1T5YWrNuG,0.0,0.0,0.0,7007866.0
15-05-2020 02:30,pkci93gMrogZuBj,0.0,0.0,0.0,7169102.0
17-05-2020 01:30,sjndEbLyjtCKgGv,0.0,0.0,0.0,7029613.0
12-06-2020 13:30,ZoEaEvLYb1n2sOq,8284.375,810.775,3737.875,7305369.875
13-06-2020 20:45,zBIq5rxdHJRwDNY,0.0,0.0,8435.0,6557822.0
18-05-2020 21:15,pkci93gMrogZuBj,0.0,0.0,5364.0,7194411.0
12-06-2020 13:15,rGa61gmuvPhdLxV,7794.142857,763.0,3598.571429,7320030.571
08-06-2020 09:30,rGa61gmuvPhdLxV,11451.16667,1117.916667,1309.833333,7288982.833
30-05-2020 05:30,WRmjgnKYAwPKWDb,0.0,0.0,0.0,7140899.0
19-05-2020 14:45,adLQvlD726eNBSB,10112.875,988.8,5650.75,6303466.75
13-06-2020 14:00,pkci93gMrogZuBj,12261.57143,1196.257143,6100.857143,7386907.857
20-05-2020 03:45,ih0vzX44oOqAx2f,0.0,0.0,0.0,6217277.0
23-05-2020 23:45,sjndEbLyjtCKgGv,0.0,0.0,4243.5,7081449.0
25-05-2020 20:00,adLQvlD726eNBSB,0.0,0.0,9163.0,6355294.0
31-05-2020 20:30,bvBOhCH3iADSZry,0.0,0.0,5586.0,6433267.0
18-05-2020 08:30,adLQvlD726eNBSB,1883.75,184.65,395.25,6292705.25
14-06-2020 18:15,zBIq5rxdHJRwDNY,250.7142857,24.24285714,7310.714286,6565132.714
15-05-2020 18:15,uHbuxQJl8lW7ozc,101.0,9.7375,6385.75,7045066.75
02-06-2020 23:00,z9Y9gH1T5YWrNuG,0.0,0.0,7446.0,7147274.0
24-05-2020 22:45,rGa61gmuvPhdLxV,0.0,0.0,8002.0,7183295.0
03-06-2020 12:30,adLQvlD726eNBSB,11758.375,1148.0375,3898.75,6418174.75
14-06-2020 11:15,bvBOhCH3iADSZry,0.0,0.0,2378.0,6520020.0
01-06-2020 09:30,adLQvlD726eNBSB,6345.75,621.6625,1533.0,6402237.0
13-06-2020 08:15,z9Y9gH1T5YWrNuG,5978.25,585.85,536.25,7217403.25
26-05-2020 18:15,sjndEbLyjtCKgGv,0.0,0.0,7778.0,7105889.0
27-05-2020 17:30,1BY6WEcLGh8j5v7,845.1428571,82.0,6131.571429,6349800.571
19-05-2020 01:45,iCRJl6heRkivqQ3,0.0,0.0,0.0,7203767.0
07-06-2020 01:30,McdE0feGgRqW7Ca,0.0,0.0,0.0,7331160.0
07-06-2020 19:00,3PZuoBAID5Wc2HD,0.0,0.0,8242.0,7167224.0
16-05-2020 09:15,rGa61gmuvPhdLxV,5857.0,573.9428571,1028.571429,7118894.571
01-06-2020 10:15,1BY6WEcLGh8j5v7,7456.875,729.4875,1812.125,6379743.125
10-06-2020 00:45,iCRJl6heRkivqQ3,0.0,0.0,0.0,7373220.0
04-06-2020 15:45,sjndEbLyjtCKgGv,8881.142857,868.7857143,7146.857143,7170439.857
06-06-2020 08:45,3PZuoBAID5Wc2HD,6183.714286,605.8428571,986.0,7153472.0
06-06-2020 01:00,1IF53ai7Xc0U56Y,0.0,0.0,0.0,6348557.0
17-05-2020 16:45,VHMLBKoKgIrUVDU,3771.571429,370.4428571,7514.857143,7226894.857
14-06-2020 23:45,McdE0feGgRqW7Ca,0.0,0.0,5310.714286,7389358.0
01-06-2020 22:15,zBIq5rxdHJRwDNY,0.0,0.0,5794.0,6469033.0
09-06-2020 22:15,iCRJl6heRkivqQ3,0.0,0.0,8265.0,7373220.0
15-05-2020 05:00,pkci93gMrogZuBj,0.0,0.0,0.0,7169102.0
18-05-2020 17:00,7JYdWkrLSPkdwr4,2213.25,216.9875,5179.375,7628242.375
10-06-2020 21:45,3PZuoBAID5Wc2HD,0.0,0.0,6550.0,7190469.0
08-06-2020 03:15,sjndEbLyjtCKgGv,0.0,0.0,0.0,7192554.0
12-06-2020 22:45,WRmjgnKYAwPKWDb,0.0,0.0,5794.0,7238780.0
13-06-2020 21:00,z9Y9gH1T5YWrNuG,0.0,0.0,8363.0,7225230.0
14-06-2020 13:00,3PZuoBAID5Wc2HD,9042.75,884.575,4294.125,7215013.125
02-06-2020 12:00,1BY6WEcLGh8j5v7,7675.375,751.375,3249.75,6386688.75
16-06-2020 15:30,pkci93gMrogZuBj,6753.571429,661.4428571,5529.0,7408746.0
31-05-2020 20:45,ZnxXDlPa8U1GXgE,0.0,0.0,6142.0,6649525.0
24-05-2020 20:15,1IF53ai7Xc0U56Y,0.0,0.0,8273.0,6257480.0
07-06-2020 00:15,wCURE6d3bPkepu2,0.0,0.0,0.0,6953094.0
28-05-2020 05:00,WRmjgnKYAwPKWDb,0.0,0.0,0.0,7124538.0
20-05-2020 09:15,bvBOhCH3iADSZry,7809.714286,764.5142857,1159.142857,6348066.143
26-05-2020 07:00,zVJPv84UY57bAof,1763.857143,172.7857143,77.71428571,7197686.714
26-05-2020 11:30,iCRJl6heRkivqQ3,12541.0,1223.128571,3568.428571,7263698.429
16-05-2020 04:00,uHbuxQJl8lW7ozc,0.0,0.0,0.0,7045068.0
23-05-2020 04:45,wCURE6d3bPkepu2,0.0,0.0,0.0,6839225.0
18-05-2020 23:00,wCURE6d3bPkepu2,0.0,0.0,5393.0,6808393.0
14-06-2020 02:30,YxYtjZvoooNbGkE,0.0,0.0,0.0,7399439.0
17-06-2020 03:30,7JYdWkrLSPkdwr4,0.0,0.0,0.0,7840965.0
16-06-2020 18:00,z9Y9gH1T5YWrNuG,693.4285714,67.17142857,6183.0,7245367.0
12-06-2020 19:00,1BY6WEcLGh8j5v7,0.0,0.0,5441.0,6455679.0
16-05-2020 19:45,adLQvlD726eNBSB,0.0,0.0,6705.0,6284443.0
18-05-2020 07:15,iCRJl6heRkivqQ3,2649.375,259.875,128.125,7198495.125
15-06-2020 18:30,VHMLBKoKgIrUVDU,25.875,2.5,6813.875,7443868.875
28-05-2020 18:15,VHMLBKoKgIrUVDU,268.2857143,25.92857143,8504.857143,7312882.857
15-05-2020 16:45,ZoEaEvLYb1n2sOq,3557.0,349.5285714,6058.0,7104157.0
12-06-2020 06:45,1IF53ai7Xc0U56Y,706.25,68.4375,21.0,6392345.0
21-05-2020 14:45,adLQvlD726eNBSB,7934.375,775.4625,6727.625,6320342.625
27-05-2020 07:45,bvBOhCH3iADSZry,3751.25,368.5625,273.125,6399973.125
17-05-2020 03:00,sjndEbLyjtCKgGv,0.0,0.0,0.0,7029613.0
02-06-2020 04:15,zVJPv84UY57bAof,0.0,0.0,0.0,7247766.0
31-05-2020 08:30,7JYdWkrLSPkdwr4,4305.714286,422.9428571,423.4285714,7722401.429
15-05-2020 21:15,WRmjgnKYAwPKWDb,0.0,0.0,0.0,7034815.0
07-06-2020 08:45,7JYdWkrLSPkdwr4,4910.142857,481.6285714,576.4285714,7771033.429
22-05-2020 02:45,zBIq5rxdHJRwDNY,0.0,0.0,0.0,6388599.0
17-06-2020 10:00,ZnxXDlPa8U1GXgE,6269.285714,614.1857143,1276.285714,6766084.286
08-06-2020 15:30,ZnxXDlPa8U1GXgE,6984.0,683.7,7426.5,6708689.5
17-05-2020 10:00,zBIq5rxdHJRwDNY,10072.5,984.775,1789.75,6353939.75
26-05-2020 17:00,pkci93gMrogZuBj,4602.428571,451.3714286,7663.428571,7258182.429
02-06-2020 02:45,sjndEbLyjtCKgGv,0.0,0.0,0.0,7148008.0
03-06-2020 12:30,ZoEaEvLYb1n2sOq,11379.71429,1111.085714,3735.857143,7239462.857
12-06-2020 15:15,rGa61gmuvPhdLxV,4929.875,483.4125,5032.0,7321464.0
06-06-2020 21:15,adLQvlD726eNBSB,0.0,0.0,6603.0,6445031.0
08-06-2020 13:45,VHMLBKoKgIrUVDU,9314.5,909.7,5768.875,7391976.875
12-06-2020 21:45,1BY6WEcLGh8j5v7,0.0,0.0,5441.0,6455679.0
14-06-2020 16:15,ih0vzX44oOqAx2f,4223.571429,414.6857143,6852.857143,6407370.857
31-05-2020 09:00,sjndEbLyjtCKgGv,6939.857143,679.6,759.4285714,7137014.429
24-05-2020 20:45,WRmjgnKYAwPKWDb,0.0,0.0,8091.0,7101117.0
12-06-2020 02:45,iCRJl6heRkivqQ3,0.0,0.0,0.0,7385471.0
14-06-2020 00:30,sjndEbLyjtCKgGv,0.0,0.0,0.0,7235504.0
21-05-2020 11:45,rGa61gmuvPhdLxV,12643.125,1232.9,3544.125,7156177.125
19-05-2020 05:30,YxYtjZvoooNbGkE,0.0,0.0,0.0,7205598.0
08-06-2020 07:30,McdE0feGgRqW7Ca,2442.142857,239.5857143,173.7142857,7338375.714
18-05-2020 19:00,VHMLBKoKgIrUVDU,0.0,0.0,5457.0,7232554.0
30-05-2020 09:30,uHbuxQJl8lW7ozc,6353.125,622.375,917.375,7152849.375
10-06-2020 10:00,WRmjgnKYAwPKWDb,4890.428571,479.7428571,1597.714286,7222575.714
16-06-2020 07:15,pkci93gMrogZuBj,2332.125,228.6625,105.125,7403322.125
02-06-2020 17:00,3PZuoBAID5Wc2HD,2778.142857,272.6571429,7230.428571,7128499.429
21-05-2020 07:45,McdE0feGgRqW7Ca,3339.8,328.12,315.6,7201377.6
12-06-2020 02:00,ZnxXDlPa8U1GXgE,0.0,0.0,0.0,6729902.0
28-05-2020 17:30,ih0vzX44oOqAx2f,1109.0,107.82,8267.0,6287118.833
07-06-2020 22:15,zVJPv84UY57bAof,0.0,0.0,8260.0,7293790.0
01-06-2020 12:30,iCRJl6heRkivqQ3,8121.375,794.3625,3975.625,7308542.625
24-05-2020 16:45,7JYdWkrLSPkdwr4,4051.75,397.6625,7720.75,7674940.75
29-05-2020 23:15,adLQvlD726eNBSB,0.0,0.0,8343.0,6387352.0
11-06-2020 20:30,bvBOhCH3iADSZry,0.0,0.0,5197.0,6504407.0
26-05-2020 08:15,zVJPv84UY57bAof,5819.0,570.2125,536.0,7198145.0
14-06-2020 22:30,1BY6WEcLGh8j5v7,0.0,0.0,4012.0,6467675.0
08-06-2020 11:00,sjndEbLyjtCKgGv,11324.75,1104.925,3009.25,7195563.25
15-06-2020 08:00,VHMLBKoKgIrUVDU,6602.0,646.7571429,391.4285714,7437446.429
27-05-2020 14:45,1BY6WEcLGh8j5v7,3975.714286,390.6571429,5011.428571,6348680.429
15-05-2020 01:15,7JYdWkrLSPkdwr4,0.0,0.0,0.0,7602960.0
18-05-2020 13:15,3PZuoBAID5Wc2HD,9848.375,962.375,2701.0,7011184.0
20-05-2020 11:00,iCRJl6heRkivqQ3,11571.5,1129.1125,2982.125,7213700.125
06-06-2020 05:00,sjndEbLyjtCKgGv,0.0,0.0,0.0,7179277.0
25-05-2020 17:00,ZnxXDlPa8U1GXgE,1143.714286,111.1857143,8826.0,6604582.0
08-06-2020 11:45,7JYdWkrLSPkdwr4,9209.0,900.3142857,3798.285714,7782308.286
20-05-2020 04:00,rGa61gmuvPhdLxV,0.0,0.0,0.0,7143812.0
02-06-2020 23:00,uHbuxQJl8lW7ozc,0.0,0.0,7463.0,7178405.0
24-05-2020 07:15,zBIq5rxdHJRwDNY,2334.428571,228.9142857,125.0,6404606.0
07-06-2020 14:00,1IF53ai7Xc0U56Y,11308.71429,1103.785714,5989.142857,6361088.143
16-06-2020 20:15,zBIq5rxdHJRwDNY,0.0,0.0,5719.0,6577552.0
20-05-2020 01:15,1IF53ai7Xc0U56Y,0.0,0.0,0.0,6216430.0
07-06-2020 03:30,WRmjgnKYAwPKWDb,0.0,0.0,0.0,7196611.0
22-05-2020 02:15,iCRJl6heRkivqQ3,0.0,0.0,0.0,7227442.0
09-06-2020 15:45,3PZuoBAID5Wc2HD,7423.25,726.8375,7320.625,7183053.625
21-05-2020 10:45,1BY6WEcLGh8j5v7,9868.142857,963.8,2303.285714,6300649.286
07-06-2020 15:45,pkci93gMrogZuBj,6910.625,676.6,7282.375,7345200.375
15-06-2020 19:15,wCURE6d3bPkepu2,0.0,0.0,6746.0,7016444.0
30-05-2020 15:15,iCRJl6heRkivqQ3,9037.142857,884.1,6052.0,7297305.0
23-05-2020 07:15,7JYdWkrLSPkdwr4,2077.142857,203.5142857,78.0,7658848.0
01-06-2020 17:00,VHMLBKoKgIrUVDU,1349.25,131.2875,5814.0,7340219.0
22-05-2020 22:45,ZoEaEvLYb1n2sOq,0.0,0.0,0.0,7153713.0
06-06-2020 05:30,adLQvlD726eNBSB,0.0,0.0,0.0,6438428.0
21-05-2020 22:30,iCRJl6heRkivqQ3,0.0,0.0,7837.0,7227442.0
12-06-2020 21:30,wCURE6d3bPkepu2,0.0,0.0,5854.0,6993908.0
16-06-2020 07:45,ZnxXDlPa8U1GXgE,3584.428571,351.9714286,250.0,6758754.0
21-05-2020 23:15,WRmjgnKYAwPKWDb,0.0,0.0,0.0,7077358.0
07-06-2020 04:30,bvBOhCH3iADSZry,0.0,0.0,0.0,6473124.0
16-06-2020 07:30,WRmjgnKYAwPKWDb,2898.857143,284.3857143,175.5714286,7261490.571
17-05-2020 07:45,adLQvlD726eNBSB,4669.0,458.125,270.125,6284713.125
14-06-2020 07:45,iCRJl6heRkivqQ3,4297.857143,421.8714286,302.4285714,7400157.429
12-06-2020 16:15,YxYtjZvoooNbGkE,2702.5,265.0625,5399.75,7390678.75
16-06-2020 14:45,rGa61gmuvPhdLxV,7267.875,711.1875,5135.5,7349839.5
20-05-2020 17:30,WRmjgnKYAwPKWDb,1773.0,173.8,8723.0,7069655.0
12-06-2020 08:00,WRmjgnKYAwPKWDb,1697.142857,165.8571429,148.8571429,7233134.857
25-05-2020 03:30,1BY6WEcLGh8j5v7,0.0,0.0,0.0,6327940.0
17-06-2020 21:00,3PZuoBAID5Wc2HD,0.0,0.0,6052.0,7237425.0
10-06-2020 23:00,3PZuoBAID5Wc2HD,0.0,0.0,6550.0,7190469.0
03-06-2020 11:45,VHMLBKoKgIrUVDU,13233.42857,1290.571429,3051.571429,7350795.571
30-05-2020 07:00,pkci93gMrogZuBj,1690.125,165.425,72.25,7281607.25
01-06-2020 17:30,sjndEbLyjtCKgGv,693.25,67.175,5720.125,7147962.125
07-06-2020 09:00,iCRJl6heRkivqQ3,9122.142857,892.3285714,758.5714286,7348992.571
22-05-2020 11:00,McdE0feGgRqW7Ca,8670.714286,846.9857143,1961.857143,7211016.857
19-05-2020 13:00,ZoEaEvLYb1n2sOq,9406.857143,919.6571429,3848.714286,7127375.714
24-05-2020 18:15,3PZuoBAID5Wc2HD,373.75,36.15,8292.125,7061560.125
26-05-2020 11:15,YxYtjZvoooNbGkE,6530.0,639.1428571,3337.285714,7264801.286
07-06-2020 23:45,ZnxXDlPa8U1GXgE,0.0,0.0,8209.0,6701263.0
14-06-2020 12:45,uHbuxQJl8lW7ozc,8092.571429,792.0714286,3934.0,7264465.0
19-05-2020 16:45,7JYdWkrLSPkdwr4,3649.714286,358.7,6639.571429,7635011.571
03-06-2020 20:15,adLQvlD726eNBSB,0.0,0.0,7991.0,6422267.0
16-05-2020 11:45,VHMLBKoKgIrUVDU,9642.625,943.0,3020.125,7215686.125
01-06-2020 16:30,1BY6WEcLGh8j5v7,1607.857143,157.5571429,5351.142857,6383282.143
01-06-2020 18:00,YxYtjZvoooNbGkE,561.5,54.35,5763.875,7311502.875
04-06-2020 14:30,7JYdWkrLSPkdwr4,6820.125,667.9625,5897.0,7754519.0
16-05-2020 03:15,adLQvlD726eNBSB,0.0,0.0,0.0,6277738.0
16-05-2020 02:00,7JYdWkrLSPkdwr4,0.0,0.0,0.0,7609076.0
18-05-2020 02:00,wCURE6d3bPkepu2,0.0,0.0,0.0,6803000.0
10-06-2020 20:30,1BY6WEcLGh8j5v7,0.0,0.0,5911.0,6444981.0
06-06-2020 15:45,YxYtjZvoooNbGkE,3270.571429,321.3428571,6056.0,7348545.0
05-06-2020 01:15,zVJPv84UY57bAof,0.0,0.0,0.0,7271273.0
12-06-2020 19:30,zBIq5rxdHJRwDNY,0.0,0.0,5837.0,6549387.0
03-06-2020 05:15,McdE0feGgRqW7Ca,0.0,0.0,0.0,7300359.0
04-06-2020 19:45,VHMLBKoKgIrUVDU,0.0,0.0,8160.0,7363821.0
22-05-2020 03:45,zBIq5rxdHJRwDNY,0.0,0.0,0.0,6388599.0
27-05-2020 12:15,YxYtjZvoooNbGkE,7660.75,749.475,3922.75,7273255.75
21-05-2020 14:15,ZnxXDlPa8U1GXgE,7935.0,775.7142857,6217.571429,6570262.571
31-05-2020 05:15,VHMLBKoKgIrUVDU,0.0,0.0,0.0,7328329.0
19-05-2020 22:45,wCURE6d3bPkepu2,0.0,0.0,6956.0,6815349.0
19-05-2020 09:00,z9Y9gH1T5YWrNuG,5072.714286,497.3285714,666.2857143,7034239.286
18-05-2020 02:15,ih0vzX44oOqAx2f,0.0,0.0,0.0,6205201.0
16-06-2020 19:45,7JYdWkrLSPkdwr4,0.0,0.0,6166.0,7840965.0
03-06-2020 19:15,pkci93gMrogZuBj,0.0,0.0,7786.0,7315436.0
08-06-2020 06:00,z9Y9gH1T5YWrNuG,94.71428571,9.142857143,0.428571429,7183631.429
28-05-2020 02:45,wCURE6d3bPkepu2,0.0,0.0,0.0,6879195.0
02-06-2020 15:30,McdE0feGgRqW7Ca,6132.714286,600.8714286,6695.428571,7299447.429
19-05-2020 15:00,wCURE6d3bPkepu2,7605.857143,744.5571429,5766.0,6814159.0
04-06-2020 10:45,VHMLBKoKgIrUVDU,11227.625,1095.7875,2373.5,7358034.5
14-06-2020 08:30,rGa61gmuvPhdLxV,4923.0,499.1142857,610.2857143,7331280.286
01-06-2020 00:30,zBIq5rxdHJRwDNY,0.0,0.0,0.0,6463239.0
17-05-2020 01:00,wCURE6d3bPkepu2,0.0,0.0,0.0,6795470.0
20-05-2020 10:00,McdE0feGgRqW7Ca,10325.625,1009.4375,1944.0,7194042.0
11-06-2020 22:00,pkci93gMrogZuBj,0.0,0.0,5662.0,7374956.0
02-06-2020 15:15,z9Y9gH1T5YWrNuG,5554.125,544.3625,6388.75,7146216.75
02-06-2020 15:00,WRmjgnKYAwPKWDb,5904.0,578.5,6133.5,7165833.5
28-05-2020 18:00,3PZuoBAID5Wc2HD,480.0,46.41428571,8514.428571,7093965.429
15-06-2020 07:15,7JYdWkrLSPkdwr4,2084.375,204.1375,153.125,7828311.125
31-05-2020 01:30,zBIq5rxdHJRwDNY,0.0,0.0,0.0,6457301.0
27-05-2020 05:15,VHMLBKoKgIrUVDU,0.0,0.0,0.0,7297615.0
05-06-2020 15:45,McdE0feGgRqW7Ca,8581.714286,839.5714286,6772.428571,7323533.429
14-06-2020 22:45,iCRJl6heRkivqQ3,0.0,0.0,7369.0,7407224.0
16-05-2020 18:45,3PZuoBAID5Wc2HD,0.0,0.0,6656.0,7000689.0
28-05-2020 13:00,ih0vzX44oOqAx2f,12661.5,1234.5125,5346.5,6284201.5
02-06-2020 00:00,VHMLBKoKgIrUVDU,0.0,0.0,0.0,7340314.0
01-06-2020 10:30,VHMLBKoKgIrUVDU,11855.875,1156.675,2295.25,7336700.25
03-06-2020 21:00,YxYtjZvoooNbGkE,0.0,0.0,7827.0,7326756.0
29-05-2020 17:45,WRmjgnKYAwPKWDb,910.8571429,88.42857143,8013.714286,7140874.714
30-05-2020 21:15,adLQvlD726eNBSB,0.0,0.0,7419.0,6394771.0
10-06-2020 10:30,z9Y9gH1T5YWrNuG,7401.428571,724.1714286,1850.142857,7200903.143
27-05-2020 20:15,3PZuoBAID5Wc2HD,0.0,0.0,6740.0,7085451.0
25-05-2020 14:15,sjndEbLyjtCKgGv,10681.0,1043.985714,6835.285714,7096186.286
17-05-2020 12:15,bvBOhCH3iADSZry,9936.571429,970.8,3786.0,6332434.0
08-06-2020 08:45,ih0vzX44oOqAx2f,7052.0,690.6125,690.75,6359382.75
01-06-2020 23:30,1BY6WEcLGh8j5v7,0.0,0.0,5508.0,6383439.0
18-05-2020 06:30,ih0vzX44oOqAx2f,735.4285714,71.3,18.57142857,6205219.571
05-06-2020 12:15,VHMLBKoKgIrUVDU,4125.375,405.125,3794.125,7367615.125
16-06-2020 02:00,VHMLBKoKgIrUVDU,0.0,0.0,0.0,7443869.0
18-05-2020 14:15,1IF53ai7Xc0U56Y,5001.714286,490.3714286,3742.142857,6208095.143
24-05-2020 15:45,WRmjgnKYAwPKWDb,3088.142857,303.1142857,7390.285714,7100416.286
01-06-2020 16:15,3PZuoBAID5Wc2HD,1985.5,194.625,5746.375,7121050.375
05-06-2020 13:15,bvBOhCH3iADSZry,7472.75,731.1375,3992.875,6464178.875
12-06-2020 09:15,ih0vzX44oOqAx2f,5867.714286,574.9857143,606.1428571,6387159.143
17-06-2020 01:15,VHMLBKoKgIrUVDU,0.0,0.0,0.0,7450201.0
25-05-2020 01:15,WRmjgnKYAwPKWDb,0.0,0.0,0.0,7101117.0
17-05-2020 11:15,1IF53ai7Xc0U56Y,12995.5,1267.075,3265.5,6199859.5
11-06-2020 23:30,rGa61gmuvPhdLxV,0.0,0.0,5663.0,7316432.0
19-05-2020 15:15,VHMLBKoKgIrUVDU,6092.285714,596.9142857,5969.285714,7238523.286
29-05-2020 09:15,pkci93gMrogZuBj,9505.625,929.6625,1010.5,7274268.5
15-06-2020 20:00,YxYtjZvoooNbGkE,0.0,0.0,6633.0,7413335.0
23-05-2020 01:15,pkci93gMrogZuBj,0.0,0.0,0.0,7225200.0
21-05-2020 11:45,uHbuxQJl8lW7ozc,12398.0,1209.1625,3591.875,7083702.875
26-05-2020 22:15,3PZuoBAID5Wc2HD,0.0,0.0,0.0,7078711.0
12-06-2020 00:00,zBIq5rxdHJRwDNY,0.0,0.0,0.0,6543550.0
15-06-2020 03:45,ZoEaEvLYb1n2sOq,0.0,0.0,0.0,7323052.0
09-06-2020 22:15,rGa61gmuvPhdLxV,0.0,0.0,8240.0,7304204.0
22-05-2020 11:15,adLQvlD726eNBSB,7680.0,750.875,2489.5,6324062.5
12-06-2020 14:30,1IF53ai7Xc0U56Y,6384.714286,625.4571429,4665.714286,6396989.714
22-05-2020 16:00,bvBOhCH3iADSZry,3012.375,295.65,6459.5,6368607.5
18-05-2020 08:30,ZoEaEvLYb1n2sOq,1808.0,177.1428571,373.0,7118581.0
26-05-2020 17:30,WRmjgnKYAwPKWDb,656.125,63.5125,7853.375,7117849.375
17-05-2020 15:00,zBIq5rxdHJRwDNY,10056.28571,983.2428571,6284.0,6358434.0
22-05-2020 17:15,ih0vzX44oOqAx2f,1204.714286,117.1571429,6944.571429,6240487.571
04-06-2020 04:45,uHbuxQJl8lW7ozc,0.0,0.0,0.0,7186255.0
03-06-2020 02:00,McdE0feGgRqW7Ca,0.0,0.0,0.0,7300359.0
14-06-2020 07:45,uHbuxQJl8lW7ozc,4513.625,443.0625,312.0,7260843.0
02-06-2020 09:30,1IF53ai7Xc0U56Y,10018.57143,978.0428571,1334.857143,6318778.857
17-06-2020 07:45,zVJPv84UY57bAof,3686.285714,362.3,215.1428571,7357577.143
05-06-2020 10:30,sjndEbLyjtCKgGv,10041.125,980.5125,2097.375,7173615.375
15-06-2020 17:45,WRmjgnKYAwPKWDb,1215.428571,118.3571429,6698.142857,7261282.143
25-05-2020 09:30,iCRJl6heRkivqQ3,9538.0,932.8571429,1406.857143,7252667.857
25-05-2020 12:15,bvBOhCH3iADSZry,11524.57143,1124.8,4195.428571,6388407.429
18-05-2020 09:30,7JYdWkrLSPkdwr4,1485.125,144.8625,550.75,7623613.75
07-06-2020 00:45,zBIq5rxdHJRwDNY,0.0,0.0,0.0,6506728.0
30-05-2020 09:00,ZoEaEvLYb1n2sOq,3749.75,368.4625,650.375,7210250.375
10-06-2020 11:00,McdE0feGgRqW7Ca,4888.428571,479.4714286,2192.142857,7357209.143
25-05-2020 19:00,YxYtjZvoooNbGkE,0.0,0.0,8813.0,7261464.0
09-06-2020 09:45,zBIq5rxdHJRwDNY,9587.25,936.2,1726.0,6524995.0
10-06-2020 19:00,ih0vzX44oOqAx2f,0.0,0.0,6277.0,6381032.0
17-05-2020 22:00,McdE0feGgRqW7Ca,0.0,0.0,7606.0,7179627.0
30-05-2020 09:00,VHMLBKoKgIrUVDU,3840.0,377.3285714,670.4285714,7321729.429
26-05-2020 13:45,uHbuxQJl8lW7ozc,12728.57143,1241.042857,5826.142857,7126522.143
22-05-2020 06:45,3PZuoBAID5Wc2HD,1230.75,119.725,54.0,7037355.0
17-06-2020 14:15,VHMLBKoKgIrUVDU,6068.142857,594.5428571,4909.857143,7455110.857
29-05-2020 17:00,bvBOhCH3iADSZry,2884.25,283.1,7289.75,6420874.75
15-06-2020 11:30,YxYtjZvoooNbGkE,7514.857143,735.1714286,3355.571429,7410057.571
17-06-2020 09:30,ZoEaEvLYb1n2sOq,6880.142857,673.7857143,967.2857143,7336849.286
14-06-2020 05:00,ZoEaEvLYb1n2sOq,0.0,0.0,0.0,7315763.0
25-05-2020 21:45,ZoEaEvLYb1n2sOq,0.0,0.0,8745.0,7178914.0
31-05-2020 16:45,zVJPv84UY57bAof,1803.25,176.75,5848.125,7241825.125
28-05-2020 11:30,1BY6WEcLGh8j5v7,11835.0,1154.342857,3443.428571,6353276.429
31-05-2020 12:45,1BY6WEcLGh8j5v7,11958.28571,1166.357143,4015.142857,6376143.143
15-06-2020 14:15,z9Y9gH1T5YWrNuG,6123.375,599.175,5141.875,7237609.875
08-06-2020 12:00,7JYdWkrLSPkdwr4,9871.875,965.2,4044.0,7782554.0
03-06-2020 18:15,WRmjgnKYAwPKWDb,351.7142857,33.98571429,7703.571429,7174620.571
07-06-2020 23:30,1BY6WEcLGh8j5v7,0.0,0.0,5268.0,6423750.0
06-06-2020 15:00,McdE0feGgRqW7Ca,4080.714286,400.7142857,5874.0,7330555.0
31-05-2020 13:45,rGa61gmuvPhdLxV,5482.714286,536.5,4612.857143,7235050.857
27-05-2020 15:00,7JYdWkrLSPkdwr4,4903.428571,481.0428571,5489.0,7697401.0
23-05-2020 23:45,ih0vzX44oOqAx2f,0.0,0.0,8395.0,6248938.0
15-06-2020 19:45,1BY6WEcLGh8j5v7,0.0,0.0,6275.0,6473950.0
04-06-2020 02:45,YxYtjZvoooNbGkE,0.0,0.0,0.0,7326756.0
13-06-2020 00:00,ih0vzX44oOqAx2f,0.0,0.0,0.0,6392263.0
15-06-2020 18:45,uHbuxQJl8lW7ozc,0.0,0.0,6906.0,7274743.0
02-06-2020 23:00,sjndEbLyjtCKgGv,0.0,0.0,7439.0,7155447.0
15-06-2020 17:45,zVJPv84UY57bAof,1265.875,123.4125,6786.25,7351066.25
31-05-2020 14:15,ih0vzX44oOqAx2f,8246.714286,805.4285714,5136.285714,6307403.286
15-06-2020 21:30,1BY6WEcLGh8j5v7,0.0,0.0,6275.0,6473950.0
31-05-2020 01:30,WRmjgnKYAwPKWDb,0.0,0.0,0.0,7148029.0
26-05-2020 15:00,z9Y9gH1T5YWrNuG,3373.142857,331.3857143,6523.714286,7095963.714
14-06-2020 04:30,1BY6WEcLGh8j5v7,0.0,0.0,0.0,6463663.0
23-05-2020 21:15,WRmjgnKYAwPKWDb,0.0,0.0,8431.0,7093026.0
19-05-2020 10:30,uHbuxQJl8lW7ozc,7103.857143,695.4571429,1778.142857,7065979.143
07-06-2020 12:15,VHMLBKoKgIrUVDU,13168.85714,1283.928571,4022.0,7382011.0
30-05-2020 18:15,pkci93gMrogZuBj,285.1428571,27.54285714,7338.285714,7288873.286
31-05-2020 10:30,ZnxXDlPa8U1GXgE,12782.14286,1246.257143,1926.428571,6645309.429
20-05-2020 03:15,z9Y9gH1T5YWrNuG,0.0,0.0,0.0,7040465.0
27-05-2020 11:00,iCRJl6heRkivqQ3,8069.25,789.3375,2543.875,7270539.875
03-06-2020 01:30,1BY6WEcLGh8j5v7,0.0,0.0,0.0,6390468.0
12-06-2020 12:45,1IF53ai7Xc0U56Y,7918.142857,775.0571429,3254.0,6395578.0
30-05-2020 01:15,zVJPv84UY57bAof,0.0,0.0,0.0,7228687.0
17-05-2020 20:00,adLQvlD726eNBSB,0.0,0.0,7867.0,6292310.0
02-06-2020 23:30,wCURE6d3bPkepu2,0.0,0.0,7525.0,6922869.0
12-06-2020 22:45,1IF53ai7Xc0U56Y,0.0,0.0,5903.0,6398227.0
14-06-2020 14:45,ZnxXDlPa8U1GXgE,6542.25,640.85,6020.875,6750363.875
19-05-2020 00:00,7JYdWkrLSPkdwr4,0.0,0.0,758.4285714,7628372.0
01-06-2020 17:30,zBIq5rxdHJRwDNY,687.4285714,66.57142857,5747.571429,6468986.571
28-05-2020 03:00,bvBOhCH3iADSZry,0.0,0.0,0.0,6405833.0
16-06-2020 05:00,ih0vzX44oOqAx2f,0.0,0.0,0.0,6414247.0
11-06-2020 04:00,zVJPv84UY57bAof,0.0,0.0,0.0,7317016.0
07-06-2020 14:00,sjndEbLyjtCKgGv,9596.857143,937.8428571,4654.285714,7190310.286
08-06-2020 17:15,ZoEaEvLYb1n2sOq,2253.5,220.8625,8126.75,7281579.75
30-05-2020 12:45,7JYdWkrLSPkdwr4,9816.0,959.5142857,3404.428571,7718239.429
28-05-2020 10:15,sjndEbLyjtCKgGv,10340.85714,1009.728571,2226.571429,7114791.571
22-05-2020 21:15,adLQvlD726eNBSB,0.0,0.0,7378.0,6328951.0
15-05-2020 05:00,VHMLBKoKgIrUVDU,0.0,0.0,0.0,7206408.0
04-06-2020 01:00,ZoEaEvLYb1n2sOq,0.0,0.0,0.0,7243501.0
04-06-2020 10:45,wCURE6d3bPkepu2,12652.5,1234.2375,2370.625,6933146.625
25-05-2020 12:15,ZoEaEvLYb1n2sOq,12580.28571,1226.571429,4465.857143,7174634.857
09-06-2020 03:00,rGa61gmuvPhdLxV,0.0,0.0,0.0,7295964.0
22-05-2020 12:45,iCRJl6heRkivqQ3,11691.75,1140.675,4064.75,7231506.75
17-06-2020 21:45,zBIq5rxdHJRwDNY,0.0,0.0,5817.0,6583369.0
08-06-2020 15:00,adLQvlD726eNBSB,10076.14286,985.1428571,7201.285714,6460585.286
15-05-2020 18:15,sjndEbLyjtCKgGv,96.57142857,9.314285714,6349.142857,7023181.143
25-05-2020 04:00,rGa61gmuvPhdLxV,0.0,0.0,0.0,7183295.0
08-06-2020 20:00,1IF53ai7Xc0U56Y,0.0,0.0,8495.0,6371833.0
21-05-2020 21:15,ZoEaEvLYb1n2sOq,0.0,0.0,7617.0,7146685.0
17-05-2020 18:30,sjndEbLyjtCKgGv,0.0,0.0,7441.0,7037054.0
07-06-2020 03:00,3PZuoBAID5Wc2HD,0.0,0.0,0.0,7158982.0
07-06-2020 04:45,adLQvlD726eNBSB,0.0,0.0,0.0,6445031.0
03-06-2020 04:45,bvBOhCH3iADSZry,0.0,0.0,0.0,6445487.0
16-06-2020 11:15,uHbuxQJl8lW7ozc,8096.285714,792.3714286,2881.0,7277624.0
28-05-2020 15:00,ZoEaEvLYb1n2sOq,10021.0,979.7857143,6968.142857,7200259.143
15-05-2020 11:45,YxYtjZvoooNbGkE,6878.428571,673.6285714,2552.857143,7182518.857
23-05-2020 04:00,ZnxXDlPa8U1GXgE,0.0,0.0,0.0,6579139.0
01-06-2020 09:00,McdE0feGgRqW7Ca,7257.714286,710.6,1114.0,7287874.0
12-06-2020 11:15,YxYtjZvoooNbGkE,8182.0,800.7428571,1891.0,7387170.0
15-05-2020 14:45,adLQvlD726eNBSB,7273.142857,711.1285714,5069.285714,6276424.286
15-06-2020 06:15,bvBOhCH3iADSZry,416.625,40.2625,6.75,6521606.75
30-05-2020 11:00,3PZuoBAID5Wc2HD,6726.125,658.75,1704.0,7103893.0
10-06-2020 06:15,ZoEaEvLYb1n2sOq,418.25,40.4375,6.375,7289685.375
17-06-2020 03:15,z9Y9gH1T5YWrNuG,0.0,0.0,0.0,7245385.0
28-05-2020 01:45,1BY6WEcLGh8j5v7,0.0,0.0,0.0,6349833.0
17-05-2020 14:45,ZnxXDlPa8U1GXgE,10639.57143,1039.9,6116.571429,6541268.571
23-05-2020 04:00,WRmjgnKYAwPKWDb,0.0,0.0,0.0,7084595.0
05-06-2020 21:30,z9Y9gH1T5YWrNuG,0.0,0.0,7739.0,7171001.0
05-06-2020 09:45,z9Y9gH1T5YWrNuG,5434.142857,532.6285714,1489.428571,7164751.429
08-06-2020 01:45,zVJPv84UY57bAof,0.0,0.0,0.0,7293790.0
17-05-2020 06:00,McdE0feGgRqW7Ca,0.0,0.0,0.0,7172021.0
15-05-2020 05:30,ZoEaEvLYb1n2sOq,0.0,0.0,0.0,7098099.0
05-06-2020 18:45,McdE0feGgRqW7Ca,0.0,0.0,7920.0,7324681.0
17-05-2020 06:15,adLQvlD726eNBSB,156.4285714,15.1,2.571428571,6284445.571
21-05-2020 13:15,uHbuxQJl8lW7ozc,12452.0,1214.45,5149.0,7085260.0
08-06-2020 19:00,McdE0feGgRqW7Ca,0.0,0.0,8580.0,7346782.0
30-05-2020 02:30,wCURE6d3bPkepu2,0.0,0.0,0.0,6895880.0
09-06-2020 16:45,YxYtjZvoooNbGkE,4249.857143,417.3285714,7640.0,7372950.0
16-05-2020 13:30,McdE0feGgRqW7Ca,8955.142857,875.9285714,4571.285714,7170006.286
30-05-2020 12:00,rGa61gmuvPhdLxV,13818.5,1347.3,2562.25,7225636.25
11-06-2020 22:15,1BY6WEcLGh8j5v7,0.0,0.0,5257.0,6450238.0
25-05-2020 01:15,sjndEbLyjtCKgGv,0.0,0.0,0.0,7089351.0
19-05-2020 03:45,7JYdWkrLSPkdwr4,0.0,0.0,0.0,7628372.0
10-06-2020 22:30,adLQvlD726eNBSB,0.0,0.0,6667.0,6476944.0
16-06-2020 16:30,McdE0feGgRqW7Ca,2771.714286,271.8428571,6092.0,7402322.0
11-06-2020 12:00,ZnxXDlPa8U1GXgE,9466.142857,925.8142857,2301.428571,6726511.429
18-05-2020 12:45,WRmjgnKYAwPKWDb,8041.125,787.0,2251.875,7051355.875
14-06-2020 17:15,1BY6WEcLGh8j5v7,1533.714286,149.9142857,3940.285714,6467603.286
22-05-2020 14:30,iCRJl6heRkivqQ3,10861.0,1060.8875,5763.125,7233205.125
13-06-2020 22:00,ih0vzX44oOqAx2f,0.0,0.0,8255.0,6400518.0
04-06-2020 12:30,3PZuoBAID5Wc2HD,9490.5,926.7375,4266.0,7140754.0
27-05-2020 20:45,rGa61gmuvPhdLxV,0.0,0.0,0.0,7206549.0
19-05-2020 22:30,rGa61gmuvPhdLxV,0.0,0.0,6910.0,7143812.0
13-06-2020 07:45,ZnxXDlPa8U1GXgE,4304.0,422.65,294.5,6736079.5
16-06-2020 14:15,rGa61gmuvPhdLxV,4649.25,456.2,4721.625,7349425.625
28-05-2020 12:15,rGa61gmuvPhdLxV,11806.16667,1151.616667,4391.166667,7210940.167
31-05-2020 00:30,pkci93gMrogZuBj,0.0,0.0,0.0,7288876.0
25-05-2020 16:15,adLQvlD726eNBSB,4476.125,439.25,8918.75,6355049.75
26-05-2020 18:15,pkci93gMrogZuBj,312.0,30.1,7774.0,7258293.0
27-05-2020 02:45,ZoEaEvLYb1n2sOq,0.0,0.0,0.0,7186690.0
16-06-2020 17:15,sjndEbLyjtCKgGv,1759.375,172.425,6144.125,7255683.125
14-06-2020 20:15,1IF53ai7Xc0U56Y,0.0,0.0,7487.0,6414368.0
02-06-2020 09:30,iCRJl6heRkivqQ3,9981.571429,974.8571429,1434.428571,7311782.429
11-06-2020 03:45,McdE0feGgRqW7Ca,0.0,0.0,0.0,7361623.0
31-05-2020 11:30,pkci93gMrogZuBj,10186.25,994.55,2939.5,7291815.5
18-05-2020 19:45,VHMLBKoKgIrUVDU,0.0,0.0,5457.0,7232554.0
16-05-2020 08:15,VHMLBKoKgIrUVDU,4989.0,489.0857143,458.8571429,7213124.857
02-06-2020 04:15,wCURE6d3bPkepu2,0.0,0.0,0.0,6915344.0
31-05-2020 18:30,adLQvlD726eNBSB,28.85714286,2.785714286,5933.0,6400704.0
16-06-2020 09:45,7JYdWkrLSPkdwr4,8555.75,837.175,1410.5,7836209.5
31-05-2020 06:00,rGa61gmuvPhdLxV,93.25,9.0,0.25,7230438.25
27-05-2020 21:45,3PZuoBAID5Wc2HD,0.0,0.0,6740.0,7085451.0
30-05-2020 01:15,rGa61gmuvPhdLxV,0.0,0.0,0.0,7223074.0
23-05-2020 23:45,wCURE6d3bPkepu2,0.0,0.0,3687.857143,6847830.0
01-06-2020 19:30,zVJPv84UY57bAof,0.0,0.0,5742.0,7247766.0
22-05-2020 22:00,z9Y9gH1T5YWrNuG,0.0,0.0,0.0,7064219.0
15-05-2020 12:00,ZoEaEvLYb1n2sOq,7931.5,775.775,2701.0,7100800.0
17-05-2020 04:15,3PZuoBAID5Wc2HD,0.0,0.0,0.0,7000689.0
02-06-2020 00:45,VHMLBKoKgIrUVDU,0.0,0.0,0.0,7340314.0
06-06-2020 23:30,zVJPv84UY57bAof,0.0,0.0,0.0,7285530.0
27-05-2020 05:15,3PZuoBAID5Wc2HD,0.0,0.0,0.0,7078711.0
18-05-2020 05:30,uHbuxQJl8lW7ozc,0.0,0.0,0.0,7058793.0
23-05-2020 10:15,ZoEaEvLYb1n2sOq,8695.0,850.3857143,2090.142857,7155803.143
14-06-2020 08:00,zBIq5rxdHJRwDNY,4141.625,406.8875,403.75,6558225.75
19-05-2020 23:15,YxYtjZvoooNbGkE,0.0,0.0,6878.0,7212476.0
22-05-2020 20:45,wCURE6d3bPkepu2,0.0,0.0,0.0,6839225.0
13-06-2020 12:15,adLQvlD726eNBSB,12024.0,1173.4625,4689.375,6493411.375
25-05-2020 10:45,adLQvlD726eNBSB,12149.125,1184.5625,2911.125,6349042.125
10-06-2020 01:00,ZoEaEvLYb1n2sOq,0.0,0.0,0.0,7289679.0
26-05-2020 18:45,7JYdWkrLSPkdwr4,0.0,0.0,0.0,7691912.0
30-05-2020 00:30,WRmjgnKYAwPKWDb,0.0,0.0,0.0,7140899.0
11-06-2020 17:00,McdE0feGgRqW7Ca,2431.25,238.4,5591.125,7367214.125
09-06-2020 19:30,uHbuxQJl8lW7ozc,0.0,0.0,8309.0,7233863.0
07-06-2020 14:45,ZoEaEvLYb1n2sOq,4374.0,429.3714286,6472.285714,7271840.286
15-05-2020 18:30,ih0vzX44oOqAx2f,0.0,0.0,6176.0,6191360.0
07-06-2020 14:45,zBIq5rxdHJRwDNY,4836.125,474.5,6525.75,6513253.75
13-06-2020 09:00,zBIq5rxdHJRwDNY,8357.714286,817.8285714,1039.142857,6550426.143
19-05-2020 19:30,iCRJl6heRkivqQ3,0.0,0.0,6951.0,7210718.0
22-05-2020 07:45,rGa61gmuvPhdLxV,4221.875,414.6,351.875,7160750.875
06-06-2020 02:15,1BY6WEcLGh8j5v7,0.0,0.0,0.0,6412542.0
03-06-2020 23:45,McdE0feGgRqW7Ca,0.0,0.0,5721.428571,7308369.0
15-06-2020 21:15,ZoEaEvLYb1n2sOq,0.0,0.0,6639.0,7329691.0
16-05-2020 18:30,iCRJl6heRkivqQ3,0.0,0.0,6438.0,7190848.0
17-06-2020 00:00,pkci93gMrogZuBj,0.0,0.0,0.0,7409478.0
02-06-2020 09:15,iCRJl6heRkivqQ3,9001.375,880.175,1223.75,7311571.75
09-06-2020 07:00,WRmjgnKYAwPKWDb,2417.0,237.0,102.4285714,7213103.429
19-05-2020 05:30,pkci93gMrogZuBj,0.0,0.0,0.0,7194411.0
03-06-2020 05:45,wCURE6d3bPkepu2,0.0,0.0,0.0,6922869.0
25-05-2020 17:45,ih0vzX44oOqAx2f,481.5714286,46.6,8061.857143,6264555.857
26-05-2020 23:15,sjndEbLyjtCKgGv,0.0,0.0,0.0,7105889.0
11-06-2020 05:00,7JYdWkrLSPkdwr4,0.0,0.0,0.0,7801091.0
23-05-2020 15:15,WRmjgnKYAwPKWDb,7892.75,772.575,7165.625,7091760.625
03-06-2020 19:15,bvBOhCH3iADSZry,0.0,0.0,7237.0,6452724.0
06-06-2020 16:30,1IF53ai7Xc0U56Y,1409.125,137.325,6425.125,6354982.125
30-05-2020 06:45,adLQvlD726eNBSB,1246.25,121.2375,42.375,6387394.375
21-05-2020 09:15,adLQvlD726eNBSB,8605.625,841.9125,1303.25,6314918.25
25-05-2020 02:45,pkci93gMrogZuBj,0.0,0.0,0.0,7241707.0
25-05-2020 01:15,wCURE6d3bPkepu2,0.0,0.0,0.0,6855791.0
17-05-2020 08:15,1BY6WEcLGh8j5v7,4916.5,482.1,469.375,6272074.375
04-06-2020 22:30,McdE0feGgRqW7Ca,0.0,0.0,0.0,7316761.0
28-05-2020 12:00,1IF53ai7Xc0U56Y,12156.25,1185.9125,4356.0,6285818.0
05-06-2020 02:00,zVJPv84UY57bAof,0.0,0.0,0.0,7271273.0
10-06-2020 22:30,WRmjgnKYAwPKWDb,0.0,0.0,6389.0,7227367.0
23-05-2020 15:30,zVJPv84UY57bAof,9387.857143,918.2428571,7438.285714,7179732.286
01-06-2020 07:15,ZoEaEvLYb1n2sOq,2979.875,292.6625,155.125,7222799.125
13-06-2020 15:00,bvBOhCH3iADSZry,9704.375,949.025,6695.125,6516474.125
17-05-2020 04:45,7JYdWkrLSPkdwr4,0.0,0.0,0.0,7615537.0
02-06-2020 10:00,pkci93gMrogZuBj,9711.285714,949.6714286,1859.428571,7302159.429
09-06-2020 01:30,sjndEbLyjtCKgGv,0.0,0.0,0.0,7200925.0
17-05-2020 01:15,pkci93gMrogZuBj,0.0,0.0,0.0,7181650.0
15-06-2020 20:00,sjndEbLyjtCKgGv,0.0,0.0,6728.0,7249539.0
22-05-2020 14:15,3PZuoBAID5Wc2HD,9113.714286,890.3,5702.857143,7043003.857
12-06-2020 17:00,VHMLBKoKgIrUVDU,1915.428571,187.7571429,5716.571429,7420727.571
15-05-2020 04:15,zVJPv84UY57bAof,0.0,0.0,0.0,7116151.0
21-05-2020 17:15,zBIq5rxdHJRwDNY,766.0,74.27142857,7691.428571,6388553.429
30-05-2020 21:45,zVJPv84UY57bAof,0.0,0.0,7290.0,7235977.0
23-05-2020 23:30,3PZuoBAID5Wc2HD,0.0,0.0,8652.0,7053268.0
28-05-2020 05:15,7JYdWkrLSPkdwr4,0.0,0.0,0.0,7698550.0
26-05-2020 23:15,zVJPv84UY57bAof,0.0,0.0,0.0,7205383.0
19-05-2020 23:30,sjndEbLyjtCKgGv,0.0,0.0,6879.0,7049284.0
16-05-2020 09:00,bvBOhCH3iADSZry,5771.714286,565.5857143,829.5714286,6323339.571
10-06-2020 14:15,rGa61gmuvPhdLxV,9817.125,959.9875,5323.75,7309527.75
15-05-2020 17:30,7JYdWkrLSPkdwr4,1212.0,118.175,6078.5,7609038.5
17-06-2020 06:45,7JYdWkrLSPkdwr4,462.5,44.9,0.0,7840965.0
14-06-2020 10:30,rGa61gmuvPhdLxV,10064.75,983.4625,2048.375,7332718.375
30-05-2020 05:45,z9Y9gH1T5YWrNuG,0.0,0.0,0.0,7120455.0
31-05-2020 00:00,ih0vzX44oOqAx2f,0.0,0.0,0.0,6302267.0
25-05-2020 01:00,zVJPv84UY57bAof,0.0,0.0,0.0,7188796.0
15-06-2020 14:45,iCRJl6heRkivqQ3,6280.0,615.2571429,5580.571429,7412804.571
04-06-2020 05:45,1BY6WEcLGh8j5v7,0.0,0.0,0.0,6397809.0
31-05-2020 23:00,VHMLBKoKgIrUVDU,0.0,0.0,6076.0,7334405.0
25-05-2020 05:15,rGa61gmuvPhdLxV,0.0,0.0,0.0,7183295.0
31-05-2020 02:15,uHbuxQJl8lW7ozc,0.0,0.0,0.0,7159272.0
01-06-2020 12:15,zBIq5rxdHJRwDNY,6810.428571,666.9,3773.571429,6467012.571
10-06-2020 11:45,ZoEaEvLYb1n2sOq,9299.857143,908.4571429,2662.142857,7292341.143
01-06-2020 19:45,zVJPv84UY57bAof,0.0,0.0,5742.0,7247766.0
10-06-2020 21:00,iCRJl6heRkivqQ3,0.0,0.0,6559.0,7379779.0
28-05-2020 18:45,WRmjgnKYAwPKWDb,0.0,0.0,8323.0,7132861.0
18-05-2020 02:45,VHMLBKoKgIrUVDU,0.0,0.0,0.0,7227097.0
06-06-2020 06:15,YxYtjZvoooNbGkE,421.1428571,40.71428571,8.714285714,7342497.714
16-05-2020 17:15,adLQvlD726eNBSB,1646.25,161.15,6624.375,6284362.375
25-05-2020 05:00,rGa61gmuvPhdLxV,0.0,0.0,0.0,7183295.0
30-05-2020 14:00,ZoEaEvLYb1n2sOq,11843.0,1155.542857,4727.428571,7214327.429
05-06-2020 02:00,rGa61gmuvPhdLxV,0.0,0.0,0.0,7265349.0
01-06-2020 01:30,VHMLBKoKgIrUVDU,0.0,0.0,0.0,7334405.0
12-06-2020 11:00,bvBOhCH3iADSZry,5703.375,558.9625,1609.625,6506016.625
18-05-2020 12:45,bvBOhCH3iADSZry,7336.0,718.2714286,2070.571429,6337646.571
07-06-2020 16:00,3PZuoBAID5Wc2HD,6688.285714,655.1571429,7559.571429,7166541.571
19-05-2020 03:30,WRmjgnKYAwPKWDb,0.0,0.0,0.0,7054452.0
19-05-2020 10:30,YxYtjZvoooNbGkE,7249.571429,708.9857143,1716.571429,7207314.571
21-05-2020 19:00,z9Y9gH1T5YWrNuG,0.0,0.0,7886.0,7057147.0
18-05-2020 10:45,3PZuoBAID5Wc2HD,5739.25,562.5125,858.125,7009341.125
14-06-2020 11:15,ih0vzX44oOqAx2f,9132.125,892.975,2716.375,6403234.375
09-06-2020 16:00,WRmjgnKYAwPKWDb,6207.714286,608.1857143,7297.857143,7220298.857
19-05-2020 19:00,zBIq5rxdHJRwDNY,0.0,0.0,6924.0,6371971.0
16-06-2020 11:45,sjndEbLyjtCKgGv,7324.125,716.9875,3217.125,7252756.125
04-06-2020 09:30,YxYtjZvoooNbGkE,5988.375,586.7,1229.5,7327985.5
14-06-2020 20:45,sjndEbLyjtCKgGv,0.0,0.0,7307.0,7242811.0
24-05-2020 15:30,WRmjgnKYAwPKWDb,4332.25,425.1375,7296.25,7100322.25
19-05-2020 11:00,7JYdWkrLSPkdwr4,9697.875,947.4,2088.0,7630460.0
15-06-2020 12:45,uHbuxQJl8lW7ozc,7031.75,688.5375,4397.0,7272234.0
27-05-2020 04:00,ih0vzX44oOqAx2f,0.0,0.0,0.0,6272291.0
15-05-2020 00:15,rGa61gmuvPhdLxV,0.0,0.0,0.0,7111493.0
15-05-2020 08:30,1IF53ai7Xc0U56Y,4983.625,488.75,509.0,6184154.0
11-06-2020 18:45,VHMLBKoKgIrUVDU,0.0,0.0,5716.0,7415011.0
03-06-2020 05:45,WRmjgnKYAwPKWDb,0.0,0.0,0.0,7166917.0
07-06-2020 02:45,sjndEbLyjtCKgGv,0.0,0.0,0.0,7185656.0
17-06-2020 10:00,7JYdWkrLSPkdwr4,6172.714286,604.7857143,1267.428571,7842232.429
27-05-2020 07:30,uHbuxQJl8lW7ozc,3262.0,320.5,197.5714286,7128735.571
29-05-2020 20:45,1BY6WEcLGh8j5v7,0.0,0.0,7564.0,6365374.0
01-06-2020 22:15,WRmjgnKYAwPKWDb,0.0,0.0,5834.0,7159700.0
02-06-2020 17:30,pkci93gMrogZuBj,935.0,90.78571429,7306.571429,7307606.571
27-05-2020 00:00,3PZuoBAID5Wc2HD,0.0,0.0,0.0,7078711.0
12-06-2020 22:00,7JYdWkrLSPkdwr4,0.0,0.0,5753.0,7812417.0
23-05-2020 16:45,ZoEaEvLYb1n2sOq,4092.285714,402.0285714,8134.0,7161847.0
08-06-2020 10:15,ZnxXDlPa8U1GXgE,10686.75,1042.675,2190.625,6703453.625
05-06-2020 02:15,rGa61gmuvPhdLxV,0.0,0.0,0.0,7265349.0
10-06-2020 11:00,ZnxXDlPa8U1GXgE,4720.25,463.075,2192.5,6719964.5
25-05-2020 20:00,sjndEbLyjtCKgGv,0.0,0.0,8760.0,7098111.0
06-06-2020 19:45,zVJPv84UY57bAof,0.0,0.0,0.0,7285530.0
25-05-2020 17:00,iCRJl6heRkivqQ3,1144.428571,111.2857143,8784.571429,7260045.571
12-06-2020 19:45,zVJPv84UY57bAof,0.0,0.0,5863.0,7328550.0
16-06-2020 07:00,uHbuxQJl8lW7ozc,1445.0,140.9428571,61.85714286,7274804.857
19-05-2020 22:00,WRmjgnKYAwPKWDb,0.0,0.0,0.0,7060932.0
15-06-2020 14:30,3PZuoBAID5Wc2HD,8644.142857,845.5285714,5417.142857,7223640.143
04-06-2020 14:15,z9Y9gH1T5YWrNuG,8374.428571,818.4571429,5763.857143,7160876.857
28-05-2020 01:00,pkci93gMrogZuBj,0.0,0.0,0.0,7264985.0
04-06-2020 17:30,pkci93gMrogZuBj,3239.75,318.2125,8136.625,7323572.625
10-06-2020 23:15,iCRJl6heRkivqQ3,0.0,0.0,6559.0,7379779.0
09-06-2020 08:00,adLQvlD726eNBSB,5702.375,558.9,429.375,6462433.375
21-05-2020 14:15,iCRJl6heRkivqQ3,8193.25,800.6,6233.25,7225838.25
06-06-2020 07:00,ZnxXDlPa8U1GXgE,2676.857143,262.6428571,97.71428571,6686796.714
13-06-2020 06:45,1BY6WEcLGh8j5v7,1051.0,102.1428571,35.42857143,6455714.429
14-06-2020 16:30,rGa61gmuvPhdLxV,2887.75,283.525,7069.5,7337739.5
06-06-2020 23:15,ZoEaEvLYb1n2sOq,0.0,0.0,0.0,7265368.0
13-06-2020 07:45,pkci93gMrogZuBj,4133.142857,406.0428571,277.5714286,7381084.571
27-05-2020 07:30,1IF53ai7Xc0U56Y,3694.375,362.9875,219.25,6274857.25
31-05-2020 12:15,3PZuoBAID5Wc2HD,8354.714286,816.6285714,3260.571429,7112748.571
20-05-2020 00:15,7JYdWkrLSPkdwr4,0.0,0.0,0.0,7635208.0
08-06-2020 20:15,zBIq5rxdHJRwDNY,0.0,0.0,8358.0,6523269.0
12-06-2020 05:45,iCRJl6heRkivqQ3,0.0,0.0,0.0,7385471.0
13-06-2020 01:30,iCRJl6heRkivqQ3,0.0,0.0,0.0,7391359.0
15-06-2020 23:30,1IF53ai7Xc0U56Y,0.0,0.0,6846.0,6421214.0
13-06-2020 00:00,zBIq5rxdHJRwDNY,0.0,0.0,833.8571429,6549387.0
30-05-2020 03:45,1IF53ai7Xc0U56Y,0.0,0.0,0.0,6298211.0
18-05-2020 08:15,adLQvlD726eNBSB,1431.857143,139.5714286,354.2857143,6292664.286
24-05-2020 04:45,rGa61gmuvPhdLxV,0.0,0.0,0.0,7175293.0
08-06-2020 13:00,pkci93gMrogZuBj,9901.5,966.875,4989.25,7351121.25
12-06-2020 23:15,VHMLBKoKgIrUVDU,0.0,0.0,5903.0,7420914.0
15-06-2020 23:00,ZoEaEvLYb1n2sOq,0.0,0.0,6639.0,7329691.0
13-06-2020 11:30,iCRJl6heRkivqQ3,13187.57143,1285.814286,3494.428571,7394853.429
28-05-2020 08:45,uHbuxQJl8lW7ozc,7571.375,741.2625,871.5,7136129.5
25-05-2020 08:30,zVJPv84UY57bAof,6647.0,651.1142857,611.4285714,7189407.429
09-06-2020 00:45,ih0vzX44oOqAx2f,0.0,0.0,0.0,6366909.0
16-06-2020 04:30,McdE0feGgRqW7Ca,0.0,0.0,0.0,7396230.0
17-05-2020 20:00,ZoEaEvLYb1n2sOq,0.0,0.0,7464.0,7118208.0
31-05-2020 02:15,iCRJl6heRkivqQ3,0.0,0.0,0.0,7298598.0
12-06-2020 14:45,McdE0feGgRqW7Ca,6200.5,607.4625,4863.375,7372236.375
04-06-2020 23:00,ih0vzX44oOqAx2f,0.0,0.0,8009.0,6337019.0
05-06-2020 23:45,McdE0feGgRqW7Ca,0.0,0.0,4950.0,7324681.0
30-05-2020 19:45,adLQvlD726eNBSB,0.0,0.0,7419.0,6394771.0
15-06-2020 17:00,pkci93gMrogZuBj,2820.25,276.8625,6620.5,7403042.5
12-06-2020 23:00,YxYtjZvoooNbGkE,0.0,0.0,5780.0,7391059.0
13-06-2020 17:45,rGa61gmuvPhdLxV,982.8571429,95.45714286,8354.142857,7330635.143
21-05-2020 18:00,wCURE6d3bPkepu2,309.75,29.9,7804.5,6832048.5
06-06-2020 03:00,3PZuoBAID5Wc2HD,0.0,0.0,0.0,7152486.0
15-05-2020 18:15,WRmjgnKYAwPKWDb,89.0,8.5875,6141.125,7034814.125
27-05-2020 03:00,pkci93gMrogZuBj,0.0,0.0,0.0,7258294.0
13-06-2020 22:30,ZoEaEvLYb1n2sOq,0.0,0.0,8378.0,7315763.0
10-06-2020 13:30,ih0vzX44oOqAx2f,11329.25,1106.1625,4439.375,6379194.375
01-06-2020 07:30,1BY6WEcLGh8j5v7,3983.625,391.4125,240.75,6378171.75
19-05-2020 20:00,7JYdWkrLSPkdwr4,0.0,0.0,6836.0,7635208.0
09-06-2020 21:15,McdE0feGgRqW7Ca,0.0,0.0,8235.0,7355017.0
31-05-2020 04:30,7JYdWkrLSPkdwr4,0.0,0.0,0.0,7721978.0
10-06-2020 14:00,VHMLBKoKgIrUVDU,6958.25,681.3,5057.75,7407873.75
03-06-2020 14:30,1IF53ai7Xc0U56Y,8722.625,853.3875,5982.5,6330766.5
16-05-2020 23:15,YxYtjZvoooNbGkE,0.0,0.0,6475.0,7192732.0
13-06-2020 15:00,adLQvlD726eNBSB,10668.75,1042.7875,7493.125,6496215.125
05-06-2020 12:15,z9Y9gH1T5YWrNuG,5018.875,492.25,3781.5,7167043.5
01-06-2020 04:00,WRmjgnKYAwPKWDb,0.0,0.0,0.0,7153866.0
28-05-2020 12:00,3PZuoBAID5Wc2HD,13529.57143,1319.157143,4389.285714,7089840.286
23-05-2020 23:30,VHMLBKoKgIrUVDU,0.0,0.0,8611.0,7272332.0
08-06-2020 22:30,ZnxXDlPa8U1GXgE,0.0,0.0,8435.0,6709698.0
10-06-2020 07:45,ZoEaEvLYb1n2sOq,4055.625,398.4125,297.0,7289976.0
16-05-2020 22:15,McdE0feGgRqW7Ca,0.0,0.0,6586.0,7172021.0
19-05-2020 01:45,z9Y9gH1T5YWrNuG,0.0,0.0,0.0,7033573.0
15-05-2020 19:15,iCRJl6heRkivqQ3,0.0,0.0,6418.0,7184410.0
18-05-2020 08:00,zBIq5rxdHJRwDNY,1268.285714,123.3571429,307.8571429,6359964.857
31-05-2020 23:15,7JYdWkrLSPkdwr4,0.0,0.0,5843.0,7727821.0
02-06-2020 16:30,WRmjgnKYAwPKWDb,4401.857143,432.0142857,6942.285714,7166642.286
15-05-2020 12:00,zVJPv84UY57bAof,6880.875,673.6875,2432.25,7118583.25
17-05-2020 12:30,uHbuxQJl8lW7ozc,7839.625,766.45,4354.5,7055693.5
17-05-2020 05:45,ZnxXDlPa8U1GXgE,0.0,0.0,0.0,6535152.0
22-05-2020 08:45,z9Y9gH1T5YWrNuG,3904.857143,383.6142857,749.0,7057896.0
19-05-2020 10:45,uHbuxQJl8lW7ozc,9492.375,927.5,1978.5,7066179.5
11-06-2020 12:45,rGa61gmuvPhdLxV,5731.125,561.625,2881.5,7313650.5
21-05-2020 10:30,zVJPv84UY57bAof,11339.75,1106.6875,2222.875,7159401.875
02-06-2020 23:45,z9Y9gH1T5YWrNuG,0.0,0.0,7446.0,7147274.0
18-05-2020 15:00,zBIq5rxdHJRwDNY,7956.285714,778.7714286,4159.285714,6363816.286
24-05-2020 21:00,ZoEaEvLYb1n2sOq,0.0,0.0,7985.0,7170169.0
22-05-2020 15:15,zBIq5rxdHJRwDNY,6501.857143,636.8285714,6554.571429,6395153.571
15-05-2020 11:00,1IF53ai7Xc0U56Y,8230.428571,804.9,2014.571429,6185659.571
20-05-2020 10:45,z9Y9gH1T5YWrNuG,11040.42857,1078.885714,2710.428571,7043175.429
31-05-2020 22:45,1IF53ai7Xc0U56Y,0.0,0.0,5889.0,6311432.0
02-06-2020 04:00,adLQvlD726eNBSB,0.0,0.0,0.0,6406831.0
09-06-2020 17:15,uHbuxQJl8lW7ozc,2801.5,274.7875,8150.75,7233704.75
28-05-2020 21:15,1IF53ai7Xc0U56Y,0.0,0.0,8496.0,6289958.0
01-06-2020 14:45,zBIq5rxdHJRwDNY,3070.0,301.5125,5268.25,6468507.25
10-06-2020 19:30,YxYtjZvoooNbGkE,0.0,0.0,6419.0,7379687.0
17-05-2020 21:30,rGa61gmuvPhdLxV,0.0,0.0,7438.0,7131537.0
02-06-2020 08:00,rGa61gmuvPhdLxV,3617.142857,355.2285714,265.1428571,7242234.143
07-06-2020 21:00,VHMLBKoKgIrUVDU,0.0,0.0,8219.0,7386208.0
17-06-2020 11:00,adLQvlD726eNBSB,6959.857143,681.1142857,1989.142857,6520387.143
07-06-2020 08:30,ZnxXDlPa8U1GXgE,3661.0,359.8428571,479.5714286,6693533.571
12-06-2020 14:30,uHbuxQJl8lW7ozc,6499.375,636.6875,4648.625,7250854.625
25-05-2020 00:45,WRmjgnKYAwPKWDb,0.0,0.0,0.0,7101117.0
11-06-2020 17:30,ZnxXDlPa8U1GXgE,1436.125,140.05,5625.25,6729835.25
01-06-2020 00:00,YxYtjZvoooNbGkE,0.0,0.0,0.0,7305739.0
23-05-2020 00:00,ZoEaEvLYb1n2sOq,0.0,0.0,0.0,7153713.0
25-05-2020 05:00,sjndEbLyjtCKgGv,0.0,0.0,0.0,7089351.0
16-05-2020 08:00,z9Y9gH1T5YWrNuG,4179.125,410.5125,332.875,7014584.875
30-05-2020 20:00,wCURE6d3bPkepu2,0.0,0.0,7278.0,6903158.0
13-06-2020 13:15,z9Y9gH1T5YWrNuG,9153.857143,894.2,5415.428571,7222282.429
13-06-2020 14:45,adLQvlD726eNBSB,10208.57143,998.0428571,7233.857143,6495955.857
18-05-2020 12:45,iCRJl6heRkivqQ3,7810.0,764.4857143,2245.571429,7200612.571
13-06-2020 01:00,1BY6WEcLGh8j5v7,0.0,0.0,0.0,6455679.0
25-05-2020 02:45,uHbuxQJl8lW7ozc,0.0,0.0,0.0,7111852.0
26-05-2020 10:30,ZnxXDlPa8U1GXgE,12419.75,1211.2875,2473.375,6607139.375
31-05-2020 11:30,sjndEbLyjtCKgGv,10895.125,1063.825,2835.375,7139090.375
26-05-2020 11:30,sjndEbLyjtCKgGv,11195.5,1092.6625,3516.5,7101627.5
26-05-2020 04:45,zBIq5rxdHJRwDNY,0.0,0.0,0.0,6420201.0
17-05-2020 22:30,bvBOhCH3iADSZry,0.0,0.0,6928.0,6335576.0
11-06-2020 01:15,1BY6WEcLGh8j5v7,0.0,0.0,0.0,6444981.0
04-06-2020 02:30,7JYdWkrLSPkdwr4,0.0,0.0,0.0,7748622.0
12-06-2020 21:30,zBIq5rxdHJRwDNY,0.0,0.0,5837.0,6549387.0
17-06-2020 11:45,YxYtjZvoooNbGkE,11665.71429,1138.857143,2515.857143,7422071.857
15-06-2020 01:15,zVJPv84UY57bAof,0.0,0.0,0.0,7344280.0
24-05-2020 07:30,uHbuxQJl8lW7ozc,3171.857143,311.6428571,192.0,7103938.0
16-06-2020 18:45,wCURE6d3bPkepu2,0.0,0.0,6274.0,7022718.0
22-05-2020 01:15,rGa61gmuvPhdLxV,0.0,0.0,0.0,7160399.0
24-05-2020 14:15,bvBOhCH3iADSZry,8933.375,873.7,5840.625,6382612.625
22-05-2020 16:45,ZnxXDlPa8U1GXgE,1982.142857,194.3142857,7138.714286,6579002.714
13-06-2020 05:45,7JYdWkrLSPkdwr4,0.0,0.0,0.0,7812417.0
29-05-2020 20:00,ZoEaEvLYb1n2sOq,0.0,0.0,0.0,7209600.0
11-06-2020 23:00,WRmjgnKYAwPKWDb,0.0,0.0,5619.0,7232986.0
14-06-2020 09:45,uHbuxQJl8lW7ozc,8228.142857,805.3,1455.857143,7261986.857
24-05-2020 10:45,McdE0feGgRqW7Ca,11390.375,1111.6125,2300.0,7226936.0
11-06-2020 07:45,pkci93gMrogZuBj,2023.571429,198.3857143,132.8571429,7369426.857
09-06-2020 16:45,7JYdWkrLSPkdwr4,4079.375,400.7875,7625.875,7794418.875
21-05-2020 14:30,z9Y9gH1T5YWrNuG,8381.857143,818.9,6435.571429,7055696.571
17-06-2020 00:45,zBIq5rxdHJRwDNY,0.0,0.0,0.0,6577552.0
27-05-2020 04:45,rGa61gmuvPhdLxV,0.0,0.0,0.0,7199869.0
08-06-2020 23:30,ih0vzX44oOqAx2f,0.0,0.0,8217.0,6366909.0
07-06-2020 21:45,WRmjgnKYAwPKWDb,0.0,0.0,8071.0,7204682.0
08-06-2020 22:45,bvBOhCH3iADSZry,0.0,0.0,7693.0,6485986.0
03-06-2020 16:45,ZnxXDlPa8U1GXgE,4044.375,396.7125,7542.25,6670510.25
16-06-2020 15:45,uHbuxQJl8lW7ozc,5413.666667,530.6888889,5710.777778,7280453.778
20-05-2020 19:30,iCRJl6heRkivqQ3,0.0,0.0,8887.0,7219605.0
02-06-2020 07:30,adLQvlD726eNBSB,2152.5,211.0375,158.0,6406989.0
29-05-2020 11:00,wCURE6d3bPkepu2,12259.375,1195.2875,2708.5,6890417.5
28-05-2020 00:00,zVJPv84UY57bAof,0.0,0.0,0.0,7212082.0
28-05-2020 20:30,McdE0feGgRqW7Ca,0.0,0.0,8567.0,7264956.0
05-06-2020 14:30,zBIq5rxdHJRwDNY,11873.875,1158.275,5562.875,6498141.875
23-05-2020 07:00,1IF53ai7Xc0U56Y,1052.857143,102.3142857,45.28571429,6240579.286
11-06-2020 12:30,z9Y9gH1T5YWrNuG,7841.428571,767.5714286,2717.0,7208182.0
08-06-2020 09:00,McdE0feGgRqW7Ca,6967.142857,682.3,886.8571429,7339088.857
25-05-2020 13:15,adLQvlD726eNBSB,12308.33333,1200.083333,6015.666667,6352146.667
07-06-2020 22:15,ih0vzX44oOqAx2f,0.0,0.0,8019.0,6358692.0
14-06-2020 05:15,7JYdWkrLSPkdwr4,0.0,0.0,0.0,7820852.0
03-06-2020 13:45,rGa61gmuvPhdLxV,8570.0,838.6,4976.5,7254306.5
29-05-2020 12:45,zVJPv84UY57bAof,12466.0,1215.4375,4689.75,7225162.75
17-06-2020 02:00,uHbuxQJl8lW7ozc,0.0,0.0,0.0,7281035.0
02-06-2020 05:00,VHMLBKoKgIrUVDU,0.0,0.0,0.0,7340314.0
04-06-2020 02:45,rGa61gmuvPhdLxV,0.0,0.0,0.0,7257137.0
07-06-2020 13:30,ih0vzX44oOqAx2f,11227.0,1095.875,5412.375,6356085.375
31-05-2020 23:15,adLQvlD726eNBSB,0.0,0.0,5933.0,6400704.0
10-06-2020 07:15,zVJPv84UY57bAof,2480.0,243.1875,142.625,7310598.625
30-05-2020 01:30,iCRJl6heRkivqQ3,0.0,0.0,0.0,7291253.0
03-06-2020 21:15,WRmjgnKYAwPKWDb,0.0,0.0,7710.0,7174627.0
03-06-2020 09:45,1IF53ai7Xc0U56Y,6015.875,589.4625,1297.75,6326081.75
31-05-2020 15:00,zBIq5rxdHJRwDNY,2237.0,219.3571429,5309.0,6462610.0
12-06-2020 05:00,WRmjgnKYAwPKWDb,0.0,0.0,0.0,7232986.0
02-06-2020 16:45,McdE0feGgRqW7Ca,3260.375,320.1,7406.125,7300158.125
10-06-2020 10:30,WRmjgnKYAwPKWDb,6511.714286,637.7857143,1926.285714,7222904.286
27-05-2020 06:00,zVJPv84UY57bAof,144.0,13.88571429,0.285714286,7205383.286
17-06-2020 08:45,1IF53ai7Xc0U56Y,4032.625,396.1875,602.375,6428134.375
27-05-2020 08:45,7JYdWkrLSPkdwr4,7589.875,743.05,834.625,7692746.625
16-06-2020 10:30,3PZuoBAID5Wc2HD,8761.125,857.2125,2194.375,7227236.375
09-06-2020 21:15,1IF53ai7Xc0U56Y,0.0,0.0,8189.0,6380022.0
30-05-2020 16:00,z9Y9gH1T5YWrNuG,6761.25,662.225,6467.375,7126922.375
09-06-2020 22:00,iCRJl6heRkivqQ3,0.0,0.0,8265.0,7373220.0
15-05-2020 00:30,ih0vzX44oOqAx2f,0.0,0.0,0.0,6185184.0
24-05-2020 19:30,iCRJl6heRkivqQ3,0.0,0.0,8041.0,7251261.0
25-05-2020 05:00,1IF53ai7Xc0U56Y,0.0,0.0,0.0,6257480.0
06-06-2020 00:15,bvBOhCH3iADSZry,0.0,0.0,0.0,6467251.0
16-05-2020 23:45,1IF53ai7Xc0U56Y,0.0,0.0,5768.0,6196594.0
11-06-2020 00:45,pkci93gMrogZuBj,0.0,0.0,0.0,7369294.0
14-06-2020 19:45,1BY6WEcLGh8j5v7,0.0,0.0,4012.0,6467675.0
02-06-2020 03:45,ZnxXDlPa8U1GXgE,0.0,0.0,0.0,6655443.0
02-06-2020 02:15,uHbuxQJl8lW7ozc,0.0,0.0,0.0,7170942.0
15-06-2020 05:45,VHMLBKoKgIrUVDU,0.0,0.0,0.0,7437055.0
17-06-2020 00:30,McdE0feGgRqW7Ca,0.0,0.0,0.0,7402595.0
18-05-2020 16:00,pkci93gMrogZuBj,5849.142857,573.2571429,4855.0,7193902.0
14-06-2020 15:15,uHbuxQJl8lW7ozc,10205.0,996.7125,6369.625,7266900.625
10-06-2020 19:30,3PZuoBAID5Wc2HD,0.0,0.0,6550.0,7190469.0
18-05-2020 16:00,7JYdWkrLSPkdwr4,5605.571429,549.4285714,4821.571429,7627884.571
11-06-2020 06:30,bvBOhCH3iADSZry,333.0,32.175,6.5,6499216.5
04-06-2020 18:30,iCRJl6heRkivqQ3,51.14285714,4.928571429,8303.714286,7333999.714
02-06-2020 05:00,rGa61gmuvPhdLxV,0.0,0.0,0.0,7241969.0
17-06-2020 07:15,zVJPv84UY57bAof,2131.0,209.0571429,57.0,7357419.0
17-06-2020 05:45,1IF53ai7Xc0U56Y,0.0,0.0,0.0,6427532.0
19-05-2020 03:15,3PZuoBAID5Wc2HD,0.0,0.0,0.0,7013918.0
13-06-2020 08:15,1IF53ai7Xc0U56Y,6654.571429,651.8285714,595.7142857,6398822.714
15-05-2020 12:00,uHbuxQJl8lW7ozc,6011.428571,588.9857143,2898.714286,7041579.714
15-06-2020 04:15,ih0vzX44oOqAx2f,0.0,0.0,0.0,6407683.0
19-05-2020 12:45,1IF53ai7Xc0U56Y,11499.0,1122.5,3776.25,6213582.25
28-05-2020 10:45,z9Y9gH1T5YWrNuG,10415.75,1016.625,2747.25,7106632.25
01-06-2020 12:30,pkci93gMrogZuBj,8501.285714,830.9571429,3716.857143,7298507.857
06-06-2020 00:00,3PZuoBAID5Wc2HD,0.0,0.0,0.0,7152486.0
17-06-2020 08:00,wCURE6d3bPkepu2,3438.0,337.9857143,295.5714286,7023013.571
30-05-2020 15:30,uHbuxQJl8lW7ozc,8396.857143,821.7285714,6258.714286,7158190.714
13-06-2020 10:00,sjndEbLyjtCKgGv,7238.428571,708.2571429,1847.142857,7228948.143
14-06-2020 06:15,7JYdWkrLSPkdwr4,316.4285714,30.57142857,4.571428571,7820856.571
19-05-2020 14:15,bvBOhCH3iADSZry,8828.5,863.6375,4633.0,6345171.0
26-05-2020 14:30,rGa61gmuvPhdLxV,5933.428571,580.9714286,6199.857143,7198301.857
17-05-2020 13:15,z9Y9gH1T5YWrNuG,6500.125,635.9375,4940.25,7025680.25
09-06-2020 22:45,ZoEaEvLYb1n2sOq,0.0,0.0,7955.0,7289679.0
11-06-2020 12:15,1BY6WEcLGh8j5v7,8563.0,837.9125,2341.125,6447322.125
03-06-2020 23:30,wCURE6d3bPkepu2,0.0,0.0,7907.0,6930776.0
15-05-2020 06:15,ZoEaEvLYb1n2sOq,296.3333333,28.63333333,2.833333333,7098101.833
20-05-2020 21:45,sjndEbLyjtCKgGv,0.0,0.0,8777.0,7058061.0
22-05-2020 22:30,1IF53ai7Xc0U56Y,0.0,0.0,7287.0,6240534.0
29-05-2020 16:30,zBIq5rxdHJRwDNY,4256.875,417.975,7565.625,6449559.625
02-06-2020 23:30,ih0vzX44oOqAx2f,0.0,0.0,0.0,6321311.0
18-05-2020 01:30,sjndEbLyjtCKgGv,0.0,0.0,0.0,7037054.0
31-05-2020 04:00,iCRJl6heRkivqQ3,0.0,0.0,0.0,7298598.0
09-06-2020 06:30,rGa61gmuvPhdLxV,812.5,78.825,25.125,7295989.125
30-05-2020 13:00,YxYtjZvoooNbGkE,8509.714286,832.6714286,3623.142857,7296126.143
19-05-2020 22:00,adLQvlD726eNBSB,0.0,0.0,0.0,6304513.0
01-06-2020 01:45,zVJPv84UY57bAof,0.0,0.0,0.0,7242024.0
15-05-2020 04:00,WRmjgnKYAwPKWDb,0.0,0.0,0.0,7028673.0
18-05-2020 01:00,zBIq5rxdHJRwDNY,0.0,0.0,0.0,6359657.0
08-06-2020 01:15,1IF53ai7Xc0U56Y,0.0,0.0,0.0,6363338.0
18-05-2020 14:30,ZoEaEvLYb1n2sOq,6584.0,644.9142857,3776.571429,7121984.571
13-06-2020 08:30,zBIq5rxdHJRwDNY,6806.875,666.7125,693.875,6550080.875
19-05-2020 21:30,YxYtjZvoooNbGkE,0.0,0.0,6878.0,7212476.0
17-06-2020 01:00,YxYtjZvoooNbGkE,0.0,0.0,0.0,7419556.0
24-05-2020 04:30,adLQvlD726eNBSB,0.0,0.0,0.0,6337734.0
06-06-2020 10:00,VHMLBKoKgIrUVDU,10832.42857,1057.414286,1780.142857,7373334.143
05-06-2020 19:15,iCRJl6heRkivqQ3,0.0,0.0,7803.0,7341803.0
10-06-2020 23:00,McdE0feGgRqW7Ca,0.0,0.0,6606.0,7361623.0
17-05-2020 15:30,1BY6WEcLGh8j5v7,7316.571429,716.2142857,6303.0,6277908.0
14-06-2020 08:00,ZnxXDlPa8U1GXgE,4264.625,418.8125,412.0,6744755.0
11-06-2020 23:00,zVJPv84UY57bAof,0.0,0.0,5671.0,7322687.0
15-05-2020 08:00,7JYdWkrLSPkdwr4,2741.5,269.15,281.0,7603241.0
10-06-2020 10:45,bvBOhCH3iADSZry,5361.714286,525.7714286,1879.142857,6495226.143
02-06-2020 08:30,VHMLBKoKgIrUVDU,7469.0,731.2428571,644.7142857,7340958.714
18-05-2020 06:15,bvBOhCH3iADSZry,362.2857143,35.02857143,5.142857143,6335581.143
10-06-2020 06:30,YxYtjZvoooNbGkE,833.1428571,80.85714286,21.85714286,7373289.857
17-06-2020 19:30,VHMLBKoKgIrUVDU,0.0,0.0,6007.0,7456208.0
31-05-2020 00:00,zBIq5rxdHJRwDNY,0.0,0.0,924.5,6457301.0
27-05-2020 13:30,3PZuoBAID5Wc2HD,4964.125,486.825,4666.375,7083377.375
21-05-2020 13:15,1BY6WEcLGh8j5v7,11813.875,1152.2375,4771.0,6303117.0
22-05-2020 12:00,adLQvlD726eNBSB,13082.14286,1275.485714,3413.285714,6324986.286
16-06-2020 09:15,ih0vzX44oOqAx2f,6333.375,620.4875,1007.0,6415254.0
18-05-2020 11:00,YxYtjZvoooNbGkE,6422.625,629.1875,995.125,7201224.125
14-06-2020 13:00,ZoEaEvLYb1n2sOq,8653.285714,846.6714286,4107.714286,7319870.714
08-06-2020 12:45,sjndEbLyjtCKgGv,6931.714286,678.7428571,4783.428571,7197337.429
19-05-2020 00:30,rGa61gmuvPhdLxV,0.0,0.0,0.0,7136902.0
15-06-2020 18:15,McdE0feGgRqW7Ca,246.7142857,23.82857143,6868.857143,7396227.0
16-06-2020 19:15,zBIq5rxdHJRwDNY,0.0,0.0,5719.0,6577552.0
27-05-2020 03:45,rGa61gmuvPhdLxV,0.0,0.0,0.0,7199869.0
02-06-2020 09:45,3PZuoBAID5Wc2HD,10742.5,1048.925,1594.875,7122863.875
19-05-2020 00:45,wCURE6d3bPkepu2,0.0,0.0,0.0,6808393.0
17-05-2020 11:15,sjndEbLyjtCKgGv,12820.85714,1250.014286,3055.428571,7032668.429
19-05-2020 02:30,wCURE6d3bPkepu2,0.0,0.0,0.0,6808393.0
08-06-2020 02:00,VHMLBKoKgIrUVDU,0.0,0.0,0.0,7386208.0
31-05-2020 19:00,7JYdWkrLSPkdwr4,0.0,0.0,5843.0,7727821.0
03-06-2020 21:15,ZnxXDlPa8U1GXgE,0.0,0.0,7916.0,6670884.0
10-06-2020 21:00,adLQvlD726eNBSB,0.0,0.0,6667.0,6476944.0
21-05-2020 19:45,iCRJl6heRkivqQ3,0.0,0.0,7837.0,7227442.0
27-05-2020 04:15,bvBOhCH3iADSZry,0.0,0.0,0.0,6399700.0
17-06-2020 17:45,ZoEaEvLYb1n2sOq,937.8571429,91.05714286,5836.142857,7341718.143
24-05-2020 23:00,wCURE6d3bPkepu2,0.0,0.0,7961.0,6855791.0
15-06-2020 14:15,7JYdWkrLSPkdwr4,6437.0,629.95,5049.25,7833207.25
21-05-2020 14:00,zVJPv84UY57bAof,10658.0,1040.0,6121.428571,7163300.429
08-06-2020 21:00,wCURE6d3bPkepu2,0.0,0.0,8443.0,6967970.0
08-06-2020 14:45,7JYdWkrLSPkdwr4,9307.25,910.0375,6662.25,7785172.25
10-06-2020 16:45,ZoEaEvLYb1n2sOq,2740.125,268.9375,6162.5,7295841.5
04-06-2020 04:30,3PZuoBAID5Wc2HD,0.0,0.0,0.0,7136488.0
04-06-2020 09:30,ih0vzX44oOqAx2f,6654.714286,651.7714286,1230.0,6330240.0
19-05-2020 03:30,zVJPv84UY57bAof,0.0,0.0,0.0,7141405.0
10-06-2020 14:15,pkci93gMrogZuBj,9758.428571,954.2857143,5337.142857,7368053.143
29-05-2020 22:00,adLQvlD726eNBSB,0.0,0.0,8343.0,6387352.0
31-05-2020 22:45,3PZuoBAID5Wc2HD,0.0,0.0,5816.0,7115304.0
07-06-2020 11:30,1IF53ai7Xc0U56Y,12056.625,1176.725,3093.625,6358192.625
07-06-2020 18:00,adLQvlD726eNBSB,696.125,67.4625,8335.75,6453366.75
20-05-2020 08:15,YxYtjZvoooNbGkE,5889.25,577.0875,538.0,7213014.0
11-06-2020 07:30,zVJPv84UY57bAof,1474.625,143.8625,90.125,7317106.125
08-06-2020 18:15,7JYdWkrLSPkdwr4,443.1428571,42.84285714,8275.0,7786785.0
01-06-2020 12:00,3PZuoBAID5Wc2HD,5425.714286,531.7714286,3823.0,7119127.0
04-06-2020 14:30,McdE0feGgRqW7Ca,6818.375,667.7375,6138.375,7314507.375
11-06-2020 10:45,adLQvlD726eNBSB,6146.428571,602.2,1392.142857,6478336.143
16-05-2020 16:15,sjndEbLyjtCKgGv,2825.285714,277.1,6130.714286,7029312.714
26-05-2020 21:45,pkci93gMrogZuBj,0.0,0.0,0.0,7258294.0
19-05-2020 20:00,uHbuxQJl8lW7ozc,0.0,0.0,6997.0,7071198.0
06-06-2020 13:00,7JYdWkrLSPkdwr4,13606.57143,1326.671429,4345.714286,7768485.714
22-05-2020 21:15,sjndEbLyjtCKgGv,0.0,0.0,0.0,7072962.0
08-06-2020 15:15,rGa61gmuvPhdLxV,9062.142857,886.4,7175.285714,7294848.286
26-05-2020 10:45,3PZuoBAID5Wc2HD,11439.125,1116.1875,2882.25,7073518.25
15-06-2020 16:30,adLQvlD726eNBSB,3561.857143,350.1285714,6554.285714,6511640.286
09-06-2020 21:15,ZnxXDlPa8U1GXgE,0.0,0.0,8074.0,6717772.0
08-06-2020 10:15,VHMLBKoKgIrUVDU,11301.0,1102.714286,2226.142857,7388434.143
17-05-2020 16:00,7JYdWkrLSPkdwr4,6368.625,623.8125,6989.25,7622526.25
26-05-2020 18:30,sjndEbLyjtCKgGv,0.0,0.0,0.0,7105889.0
17-05-2020 19:30,WRmjgnKYAwPKWDb,0.0,0.0,7674.0,7049104.0
15-06-2020 23:30,iCRJl6heRkivqQ3,0.0,0.0,6777.0,7414001.0
26-05-2020 22:45,3PZuoBAID5Wc2HD,0.0,0.0,0.0,7078711.0
17-05-2020 12:30,ZoEaEvLYb1n2sOq,7636.571429,747.1,4318.0,7115062.0
17-05-2020 02:45,wCURE6d3bPkepu2,0.0,0.0,0.0,6795470.0
15-06-2020 01:00,1IF53ai7Xc0U56Y,0.0,0.0,0.0,6414368.0
15-06-2020 15:15,zBIq5rxdHJRwDNY,6296.0,616.75,5821.0,6570958.0
14-06-2020 07:15,3PZuoBAID5Wc2HD,3182.5,312.5875,136.5,7210855.5
08-06-2020 23:00,ZoEaEvLYb1n2sOq,0.0,0.0,8271.0,7281724.0
16-05-2020 06:00,7JYdWkrLSPkdwr4,43.71428571,4.214285714,0.0,7609076.0
20-05-2020 05:45,1BY6WEcLGh8j5v7,0.0,0.0,0.0,6290097.0
13-06-2020 18:45,ZoEaEvLYb1n2sOq,0.0,0.0,8378.0,7315763.0
06-06-2020 00:00,YxYtjZvoooNbGkE,0.0,0.0,0.0,7342489.0
13-06-2020 02:30,wCURE6d3bPkepu2,0.0,0.0,0.0,6993908.0
19-05-2020 06:45,rGa61gmuvPhdLxV,733.4285714,71.25714286,11.57142857,7136913.571
17-05-2020 00:00,wCURE6d3bPkepu2,0.0,0.0,0.0,6795470.0
26-05-2020 03:30,wCURE6d3bPkepu2,0.0,0.0,0.0,6864650.0
29-05-2020 09:30,McdE0feGgRqW7Ca,6444.75,631.35,1224.25,7266180.25
17-06-2020 15:00,WRmjgnKYAwPKWDb,4531.375,444.6,5403.125,7272982.125
13-06-2020 02:00,ih0vzX44oOqAx2f,0.0,0.0,0.0,6392263.0
15-06-2020 16:00,uHbuxQJl8lW7ozc,1928.875,188.8625,6418.125,7274255.125
23-05-2020 17:30,zBIq5rxdHJRwDNY,2057.125,201.7,8561.5,6404368.5
02-06-2020 13:00,WRmjgnKYAwPKWDb,13001.75,1267.6625,4262.5,7163962.5
17-06-2020 05:15,ih0vzX44oOqAx2f,0.0,0.0,0.0,6420371.0
14-06-2020 17:30,ZoEaEvLYb1n2sOq,971.7142857,94.41428571,7249.142857,7323012.143
21-05-2020 19:15,iCRJl6heRkivqQ3,0.0,0.0,7837.0,7227442.0
16-05-2020 06:00,1IF53ai7Xc0U56Y,57.25,5.525,0.0,6190002.0
03-06-2020 22:00,3PZuoBAID5Wc2HD,0.0,0.0,7874.0,7136488.0
08-06-2020 21:30,ZnxXDlPa8U1GXgE,0.0,0.0,8435.0,6709698.0
20-05-2020 07:00,uHbuxQJl8lW7ozc,1588.571429,155.3,69.71428571,7071267.714
08-06-2020 04:00,wCURE6d3bPkepu2,0.0,0.0,0.0,6959527.0
16-05-2020 04:00,adLQvlD726eNBSB,0.0,0.0,0.0,6277738.0
10-06-2020 10:45,WRmjgnKYAwPKWDb,5745.25,563.0,2076.5,7223054.5
07-06-2020 21:15,adLQvlD726eNBSB,0.0,0.0,8353.0,6453384.0
15-06-2020 06:45,sjndEbLyjtCKgGv,1472.25,143.7,53.625,7242864.625
16-05-2020 23:30,z9Y9gH1T5YWrNuG,0.0,0.0,6488.0,7020740.0
16-06-2020 18:00,wCURE6d3bPkepu2,697.2857143,67.57142857,6256.0,7022700.0
14-06-2020 08:45,zVJPv84UY57bAof,5484.714286,537.5428571,735.7142857,7337695.714
15-05-2020 17:30,1BY6WEcLGh8j5v7,1091.0,106.0666667,5719.0,6265278.0
04-06-2020 10:30,iCRJl6heRkivqQ3,9395.25,917.4375,2049.0,7327745.0
08-06-2020 03:00,zBIq5rxdHJRwDNY,0.0,0.0,0.0,6514911.0
30-05-2020 09:00,zVJPv84UY57bAof,3827.285714,376.1142857,653.0,7229340.0
08-06-2020 23:00,sjndEbLyjtCKgGv,0.0,0.0,8371.0,7200925.0
17-06-2020 20:00,wCURE6d3bPkepu2,0.0,0.0,5883.0,7028601.0
28-05-2020 14:15,adLQvlD726eNBSB,5257.25,515.4125,6812.25,6377185.25
29-05-2020 16:45,sjndEbLyjtCKgGv,3672.142857,360.8857143,7879.857143,7128782.857
22-05-2020 14:45,iCRJl6heRkivqQ3,10761.71429,1051.828571,6033.285714,7233475.286
20-05-2020 10:30,bvBOhCH3iADSZry,10087.0,986.25,2270.875,6349177.875
28-05-2020 09:15,bvBOhCH3iADSZry,8158.0,798.4625,1200.875,6407033.875
28-05-2020 06:45,rGa61gmuvPhdLxV,1204.5,117.15,44.125,7206593.125
29-05-2020 09:15,wCURE6d3bPkepu2,8900.0,870.6571429,1013.142857,6888722.143
30-05-2020 23:00,adLQvlD726eNBSB,0.0,0.0,7419.0,6394771.0
26-05-2020 03:45,bvBOhCH3iADSZry,0.0,0.0,0.0,6392336.0
17-05-2020 02:15,1BY6WEcLGh8j5v7,0.0,0.0,0.0,6271605.0
31-05-2020 13:15,ih0vzX44oOqAx2f,5096.375,499.8625,4427.125,6306694.125
23-05-2020 00:15,rGa61gmuvPhdLxV,0.0,0.0,0.0,7167141.0
28-05-2020 18:30,YxYtjZvoooNbGkE,77.2,7.44,8375.0,7284404.0
15-05-2020 14:45,wCURE6d3bPkepu2,7468.571429,730.5714286,5014.571429,6787612.571
18-05-2020 10:15,3PZuoBAID5Wc2HD,2246.375,220.2625,683.5,7009166.5
12-06-2020 08:30,WRmjgnKYAwPKWDb,3223.428571,316.8428571,280.0,7233266.0
10-06-2020 22:00,adLQvlD726eNBSB,0.0,0.0,6667.0,6476944.0
06-06-2020 23:45,McdE0feGgRqW7Ca,0.0,0.0,0.0,7331160.0
26-05-2020 23:30,YxYtjZvoooNbGkE,0.0,0.0,0.0,7269333.0
26-05-2020 05:00,ZoEaEvLYb1n2sOq,0.0,0.0,0.0,7178914.0
08-06-2020 23:45,zVJPv84UY57bAof,0.0,0.0,8377.0,7302167.0
20-05-2020 02:15,VHMLBKoKgIrUVDU,0.0,0.0,0.0,7239542.0
16-05-2020 06:45,3PZuoBAID5Wc2HD,1167.285714,113.5285714,39.28571429,6994072.286
09-06-2020 19:15,3PZuoBAID5Wc2HD,0.0,0.0,8186.0,7183919.0
14-06-2020 10:00,uHbuxQJl8lW7ozc,8922.0,872.8375,1662.75,7262193.75
28-05-2020 11:30,iCRJl6heRkivqQ3,13121.57143,1279.357143,3563.0,7278255.0
02-06-2020 16:45,1IF53ai7Xc0U56Y,3003.857143,294.8142857,7159.285714,6324603.286
17-05-2020 02:15,VHMLBKoKgIrUVDU,0.0,0.0,0.0,7219380.0
14-06-2020 10:00,1IF53ai7Xc0U56Y,8644.5,845.7625,1709.25,6408590.25
01-06-2020 18:30,zBIq5rxdHJRwDNY,24.375,2.35,5793.875,6469032.875
03-06-2020 15:15,ih0vzX44oOqAx2f,10809.625,1055.675,6549.625,6327860.625
13-06-2020 23:00,1BY6WEcLGh8j5v7,0.0,0.0,7984.0,6463663.0
18-05-2020 06:00,1BY6WEcLGh8j5v7,72.625,7.025,0.125,6278650.125
07-06-2020 00:00,ZnxXDlPa8U1GXgE,0.0,0.0,907.8571429,6693054.0
02-06-2020 15:45,WRmjgnKYAwPKWDb,5606.142857,549.6,6542.142857,7166242.143
22-05-2020 03:30,ZoEaEvLYb1n2sOq,0.0,0.0,0.0,7146685.0
02-06-2020 00:15,bvBOhCH3iADSZry,0.0,0.0,0.0,6438645.0
11-06-2020 09:15,z9Y9gH1T5YWrNuG,4196.285714,412.2285714,595.1428571,7206060.143
31-05-2020 15:45,uHbuxQJl8lW7ozc,3102.75,304.825,5644.25,7164916.25
30-05-2020 13:15,pkci93gMrogZuBj,11239.875,1097.4125,3927.75,7285462.75
16-05-2020 21:45,McdE0feGgRqW7Ca,0.0,0.0,6586.0,7172021.0
18-05-2020 03:45,adLQvlD726eNBSB,0.0,0.0,0.0,6292310.0
26-05-2020 10:15,3PZuoBAID5Wc2HD,10775.375,1051.525,2353.125,7072989.125
16-05-2020 03:00,zBIq5rxdHJRwDNY,0.0,0.0,0.0,6345776.0
15-06-2020 16:45,7JYdWkrLSPkdwr4,3909.5,384.1625,6383.75,7834541.75
01-06-2020 01:15,uHbuxQJl8lW7ozc,0.0,0.0,0.0,7165353.0
02-06-2020 04:30,1BY6WEcLGh8j5v7,0.0,0.0,0.0,6383439.0
17-05-2020 04:45,z9Y9gH1T5YWrNuG,0.0,0.0,0.0,7020740.0
08-06-2020 19:15,7JYdWkrLSPkdwr4,0.0,0.0,8283.0,7786793.0
23-05-2020 15:30,z9Y9gH1T5YWrNuG,9013.375,881.7875,7418.875,7071637.875
14-06-2020 01:15,1BY6WEcLGh8j5v7,0.0,0.0,0.0,6463663.0
16-05-2020 17:15,WRmjgnKYAwPKWDb,1599.25,156.375,6536.25,7041351.25
29-05-2020 07:30,7JYdWkrLSPkdwr4,2238.857143,219.5142857,192.4285714,7707020.429
08-06-2020 13:30,ZnxXDlPa8U1GXgE,7458.625,729.425,5484.375,6706747.375
02-06-2020 15:45,ZoEaEvLYb1n2sOq,6065.75,594.225,6569.25,7235009.25
08-06-2020 14:15,McdE0feGgRqW7Ca,11427.25,1115.2125,6325.875,7344527.875
20-05-2020 08:15,ZoEaEvLYb1n2sOq,5803.5,568.7375,530.125,7130862.125
22-05-2020 20:30,ih0vzX44oOqAx2f,0.0,0.0,7000.0,6240543.0
31-05-2020 21:00,iCRJl6heRkivqQ3,0.0,0.0,5969.0,7304567.0
16-05-2020 03:00,WRmjgnKYAwPKWDb,0.0,0.0,0.0,7034815.0
04-06-2020 10:30,uHbuxQJl8lW7ozc,10478.0,1022.375,2114.75,7188369.75
08-06-2020 06:45,VHMLBKoKgIrUVDU,1131.75,110.0375,47.25,7386255.25
13-06-2020 18:15,rGa61gmuvPhdLxV,287.2857143,27.74285714,8384.285714,7330665.286
24-05-2020 15:00,wCURE6d3bPkepu2,8576.875,839.1125,6918.375,6854748.375
28-05-2020 22:15,zBIq5rxdHJRwDNY,0.0,0.0,7911.0,6441994.0
12-06-2020 02:30,zBIq5rxdHJRwDNY,0.0,0.0,0.0,6543550.0
10-06-2020 18:30,ZoEaEvLYb1n2sOq,0.0,0.0,6392.0,7296071.0
21-05-2020 10:15,YxYtjZvoooNbGkE,7348.875,718.5625,1970.375,7223264.375
25-05-2020 19:00,ZoEaEvLYb1n2sOq,0.0,0.0,8745.0,7178914.0
11-06-2020 20:15,YxYtjZvoooNbGkE,0.0,0.0,5592.0,7385279.0
19-05-2020 23:30,VHMLBKoKgIrUVDU,0.0,0.0,6988.0,7239542.0
25-05-2020 21:15,uHbuxQJl8lW7ozc,0.0,0.0,8844.0,7120696.0
18-05-2020 13:45,YxYtjZvoooNbGkE,13233.57143,1290.257143,3227.0,7203456.0
29-05-2020 11:30,iCRJl6heRkivqQ3,9844.0,961.4285714,3258.857143,7286295.857
28-05-2020 22:15,pkci93gMrogZuBj,0.0,0.0,8273.0,7273258.0
20-05-2020 20:30,iCRJl6heRkivqQ3,0.0,0.0,8887.0,7219605.0
16-06-2020 17:30,uHbuxQJl8lW7ozc,1459.571429,142.3428571,6224.285714,7280967.286
01-06-2020 05:00,1BY6WEcLGh8j5v7,0.0,0.0,0.0,6377931.0
15-06-2020 18:00,sjndEbLyjtCKgGv,557.375,53.925,6714.75,7249525.75
16-05-2020 23:00,McdE0feGgRqW7Ca,0.0,0.0,6586.0,7172021.0
20-05-2020 08:00,McdE0feGgRqW7Ca,5305.857143,520.1,410.4285714,7192508.429
06-06-2020 00:45,bvBOhCH3iADSZry,0.0,0.0,0.0,6467251.0
01-06-2020 12:30,YxYtjZvoooNbGkE,7555.75,739.325,3976.75,7309715.75
17-06-2020 03:15,uHbuxQJl8lW7ozc,0.0,0.0,0.0,7281035.0
01-06-2020 01:15,WRmjgnKYAwPKWDb,0.0,0.0,0.0,7153866.0
19-05-2020 08:30,zBIq5rxdHJRwDNY,4181.142857,410.3142857,464.2857143,6365511.286
12-06-2020 22:00,zBIq5rxdHJRwDNY,0.0,0.0,5837.0,6549387.0
29-05-2020 09:45,zVJPv84UY57bAof,8773.285714,857.9285714,1403.142857,7221876.143
28-05-2020 12:00,zVJPv84UY57bAof,11636.375,1135.25,4149.75,7216231.75
03-06-2020 04:45,rGa61gmuvPhdLxV,0.0,0.0,0.0,7249330.0
15-06-2020 22:15,ZnxXDlPa8U1GXgE,0.0,0.0,6757.0,6758504.0
25-05-2020 20:45,bvBOhCH3iADSZry,0.0,0.0,8124.0,6392336.0
14-06-2020 08:45,wCURE6d3bPkepu2,5305.0,520.0857143,730.2857143,7003099.286
07-06-2020 15:45,adLQvlD726eNBSB,6360.125,622.825,7488.75,6452519.75
23-05-2020 14:45,1BY6WEcLGh8j5v7,6789.571429,664.9857143,6411.428571,6318848.429
06-06-2020 07:15,sjndEbLyjtCKgGv,3388.625,332.9875,163.875,7179440.875
17-06-2020 03:45,ZnxXDlPa8U1GXgE,0.0,0.0,0.0,6764808.0
11-06-2020 12:30,3PZuoBAID5Wc2HD,8087.875,791.5875,2775.625,7193244.625
26-05-2020 05:15,YxYtjZvoooNbGkE,0.0,0.0,0.0,7261464.0
31-05-2020 12:15,YxYtjZvoooNbGkE,8570.571429,838.0714286,3453.0,7303222.0
12-06-2020 10:00,WRmjgnKYAwPKWDb,5753.571429,563.8428571,1058.857143,7234044.857
25-05-2020 03:00,YxYtjZvoooNbGkE,0.0,0.0,0.0,7252651.0
25-05-2020 21:00,ZnxXDlPa8U1GXgE,0.0,0.0,8910.0,6604666.0
17-05-2020 03:00,adLQvlD726eNBSB,0.0,0.0,0.0,6284443.0
27-05-2020 15:45,YxYtjZvoooNbGkE,6099.875,597.3625,5996.625,7275329.625
01-06-2020 02:15,VHMLBKoKgIrUVDU,0.0,0.0,0.0,7334405.0
16-05-2020 21:15,3PZuoBAID5Wc2HD,0.0,0.0,6656.0,7000689.0
16-05-2020 17:15,z9Y9gH1T5YWrNuG,1605.0,157.0428571,6409.142857,7020661.143
09-06-2020 12:45,WRmjgnKYAwPKWDb,9796.857143,956.8857143,4726.857143,7217727.857
15-05-2020 09:45,1IF53ai7Xc0U56Y,7680.714286,751.2714286,1166.571429,6184811.571
11-06-2020 16:45,ZnxXDlPa8U1GXgE,3174.285714,311.9142857,5462.571429,6729672.571
18-05-2020 15:00,McdE0feGgRqW7Ca,7883.857143,771.7142857,4225.142857,7183852.143
16-05-2020 23:45,z9Y9gH1T5YWrNuG,0.0,0.0,6488.0,7020740.0
02-06-2020 05:15,pkci93gMrogZuBj,0.0,0.0,0.0,7300300.0
09-06-2020 03:00,1IF53ai7Xc0U56Y,0.0,0.0,0.0,6371833.0
14-06-2020 21:15,iCRJl6heRkivqQ3,0.0,0.0,7369.0,7407224.0
31-05-2020 08:00,ih0vzX44oOqAx2f,2755.25,270.4,254.25,6302521.25
08-06-2020 05:15,WRmjgnKYAwPKWDb,0.0,0.0,0.0,7204682.0
05-06-2020 09:30,YxYtjZvoooNbGkE,9455.285714,923.7714286,1266.285714,7336152.286
27-05-2020 22:00,uHbuxQJl8lW7ozc,0.0,0.0,0.0,7135258.0
02-06-2020 16:00,pkci93gMrogZuBj,6628.571429,649.2,6789.857143,7307089.857
16-06-2020 21:45,zVJPv84UY57bAof,0.0,0.0,6262.0,7357362.0
12-06-2020 22:15,ZnxXDlPa8U1GXgE,0.0,0.0,5883.0,6735785.0
12-06-2020 11:00,adLQvlD726eNBSB,6288.75,616.1,1812.75,6484546.75
16-05-2020 14:15,adLQvlD726eNBSB,8950.714286,875.6428571,5244.285714,6282982.286
12-06-2020 00:00,iCRJl6heRkivqQ3,0.0,0.0,0.0,7385471.0
16-06-2020 12:15,adLQvlD726eNBSB,6095.5,597.3375,3549.875,6515551.875
13-06-2020 14:00,iCRJl6heRkivqQ3,12512.875,1220.7125,6173.25,7397532.25
21-05-2020 09:00,WRmjgnKYAwPKWDb,8413.571429,823.3428571,1058.0,7070783.0
15-05-2020 03:00,ZnxXDlPa8U1GXgE,0.0,0.0,0.0,6522172.0
07-06-2020 19:45,zVJPv84UY57bAof,0.0,0.0,8260.0,7293790.0
18-05-2020 13:00,pkci93gMrogZuBj,8337.0,815.8,2448.25,7191495.25
15-05-2020 00:45,wCURE6d3bPkepu2,0.0,0.0,0.0,6782598.0
15-06-2020 06:15,ZnxXDlPa8U1GXgE,458.875,44.375,6.375,6751753.375
03-06-2020 10:30,3PZuoBAID5Wc2HD,8867.375,867.4875,1747.125,7130361.125
10-06-2020 22:00,pkci93gMrogZuBj,0.0,0.0,6578.0,7369294.0
02-06-2020 03:15,iCRJl6heRkivqQ3,0.0,0.0,0.0,7310348.0
10-06-2020 18:45,ih0vzX44oOqAx2f,0.0,0.0,6277.0,6381032.0
16-05-2020 09:45,YxYtjZvoooNbGkE,7337.714286,718.4571429,1326.857143,7187583.857
02-06-2020 15:00,zBIq5rxdHJRwDNY,6642.875,650.5,6279.375,6475312.375
26-05-2020 08:45,rGa61gmuvPhdLxV,7353.25,720.0,847.25,7192949.25
04-06-2020 03:00,VHMLBKoKgIrUVDU,0.0,0.0,0.0,7355661.0
09-06-2020 16:00,ZoEaEvLYb1n2sOq,6473.5,634.15,7240.75,7288964.75
01-06-2020 19:45,bvBOhCH3iADSZry,0.0,0.0,5378.0,6438645.0
21-05-2020 19:45,zBIq5rxdHJRwDNY,0.0,0.0,7737.0,6388599.0
16-05-2020 06:15,rGa61gmuvPhdLxV,336.75,32.55,3.75,7117869.75
03-06-2020 15:15,bvBOhCH3iADSZry,10695.125,1044.825,6194.5,6451681.5
24-05-2020 18:30,zBIq5rxdHJRwDNY,141.625,13.6625,7275.625,6411756.625
18-05-2020 06:00,1IF53ai7Xc0U56Y,74.875,7.225,0.5,6204353.5
10-06-2020 09:30,3PZuoBAID5Wc2HD,8194.714286,801.8857143,1311.285714,7185230.286
30-05-2020 14:45,sjndEbLyjtCKgGv,10146.5,992.05,5488.5,7134517.5
21-05-2020 07:45,VHMLBKoKgIrUVDU,3504.6,344.08,338.0,7248862.0
26-05-2020 09:45,ih0vzX44oOqAx2f,9653.625,944.0625,1717.0,6266296.0
08-06-2020 20:15,uHbuxQJl8lW7ozc,0.0,0.0,8405.0,7225554.0
01-06-2020 05:45,adLQvlD726eNBSB,0.0,0.0,0.0,6400704.0
26-05-2020 11:45,pkci93gMrogZuBj,10547.25,1029.875,3714.75,7254233.75
21-05-2020 19:15,McdE0feGgRqW7Ca,0.0,0.0,7993.0,7209055.0
02-06-2020 16:15,sjndEbLyjtCKgGv,4819.125,472.8125,7038.5,7155046.5
14-06-2020 20:45,ZoEaEvLYb1n2sOq,0.0,0.0,7289.0,7323052.0
27-05-2020 23:15,bvBOhCH3iADSZry,0.0,0.0,6133.0,6405833.0
23-05-2020 14:30,ZoEaEvLYb1n2sOq,7567.285714,740.8714286,6656.714286,7160369.714
14-06-2020 09:15,1IF53ai7Xc0U56Y,8501.857143,831.9285714,1085.571429,6407966.571
30-05-2020 19:15,uHbuxQJl8lW7ozc,0.0,0.0,7340.0,7159272.0
03-06-2020 05:00,YxYtjZvoooNbGkE,0.0,0.0,0.0,7318929.0
22-05-2020 18:15,ZoEaEvLYb1n2sOq,101.625,9.8,7026.875,7153711.875
13-06-2020 19:30,ZoEaEvLYb1n2sOq,0.0,0.0,8378.0,7315763.0
07-06-2020 23:00,McdE0feGgRqW7Ca,0.0,0.0,7042.0,7338202.0
06-06-2020 02:30,pkci93gMrogZuBj,0.0,0.0,0.0,7331487.0
03-06-2020 06:15,zVJPv84UY57bAof,328.5714286,31.77142857,3.714285714,7255220.714
04-06-2020 20:30,ZnxXDlPa8U1GXgE,0.0,0.0,8178.0,6679062.0
24-05-2020 12:15,ZoEaEvLYb1n2sOq,12561.71429,1224.785714,3973.142857,7166157.143
06-06-2020 16:00,ih0vzX44oOqAx2f,2630.0,257.9285714,6000.0,6350476.0
15-06-2020 21:30,rGa61gmuvPhdLxV,0.0,0.0,6732.0,7344704.0
11-06-2020 20:45,ih0vzX44oOqAx2f,0.0,0.0,5521.0,6386553.0
17-05-2020 20:45,McdE0feGgRqW7Ca,0.0,0.0,7606.0,7179627.0
04-06-2020 21:45,3PZuoBAID5Wc2HD,0.0,0.0,8215.0,7144703.0
24-05-2020 10:15,VHMLBKoKgIrUVDU,11051.14286,1078.342857,1955.142857,7274287.143
04-06-2020 01:15,VHMLBKoKgIrUVDU,0.0,0.0,0.0,7355661.0
13-06-2020 08:00,WRmjgnKYAwPKWDb,5457.625,534.9375,432.25,7239212.25
25-05-2020 13:00,1BY6WEcLGh8j5v7,11470.375,1120.1125,5146.875,6333086.875
17-06-2020 20:00,ZoEaEvLYb1n2sOq,0.0,0.0,5871.0,7341753.0
16-06-2020 02:45,ZoEaEvLYb1n2sOq,0.0,0.0,0.0,7329691.0
17-05-2020 19:00,YxYtjZvoooNbGkE,0.0,0.0,7497.0,7200229.0
30-05-2020 21:00,1BY6WEcLGh8j5v7,0.0,0.0,6754.0,6372128.0
25-05-2020 12:45,uHbuxQJl8lW7ozc,12681.85714,1236.485714,5129.142857,7116981.143
10-06-2020 20:30,zVJPv84UY57bAof,0.0,0.0,6560.0,7317016.0
03-06-2020 09:00,7JYdWkrLSPkdwr4,6310.875,618.2625,811.25,7741684.25
29-05-2020 15:00,YxYtjZvoooNbGkE,7769.75,760.5875,6735.25,7291139.25
22-05-2020 13:45,uHbuxQJl8lW7ozc,9963.142857,973.0,5165.714286,7093141.714
15-06-2020 13:15,WRmjgnKYAwPKWDb,5616.25,550.4875,4730.125,7259314.125
08-06-2020 15:15,adLQvlD726eNBSB,9417.5,921.025,7447.375,6460831.375
05-06-2020 22:45,ZoEaEvLYb1n2sOq,0.0,0.0,7535.0,7259075.0
24-05-2020 02:15,z9Y9gH1T5YWrNuG,0.0,0.0,0.0,7072762.0
12-06-2020 00:30,iCRJl6heRkivqQ3,0.0,0.0,0.0,7385471.0
13-06-2020 16:30,McdE0feGgRqW7Ca,3796.857143,372.8142857,8328.428571,7381656.429
06-06-2020 01:00,bvBOhCH3iADSZry,0.0,0.0,0.0,6467251.0
13-06-2020 13:30,zVJPv84UY57bAof,7828.0,766.3,5672.428571,7334222.429
17-06-2020 13:00,z9Y9gH1T5YWrNuG,6855.625,671.4375,3819.5,7249204.5
31-05-2020 06:15,1IF53ai7Xc0U56Y,475.4285714,45.98571429,7.142857143,6305550.143
31-05-2020 14:00,3PZuoBAID5Wc2HD,10931.75,1066.9375,4665.25,7114153.25
28-05-2020 14:15,bvBOhCH3iADSZry,3837.857143,377.1428571,6060.857143,6411893.857
01-06-2020 13:45,1IF53ai7Xc0U56Y,5908.333333,578.95,5070.833333,6316502.833
14-06-2020 21:30,VHMLBKoKgIrUVDU,0.0,0.0,7489.0,7437055.0
03-06-2020 21:45,wCURE6d3bPkepu2,0.0,0.0,7907.0,6930776.0
14-06-2020 10:30,uHbuxQJl8lW7ozc,9271.625,906.8875,2070.875,7262601.875
29-05-2020 08:45,pkci93gMrogZuBj,5556.571429,544.6,660.7142857,7273918.714
02-06-2020 08:45,adLQvlD726eNBSB,7684.0,752.075,793.0,6407624.0
31-05-2020 23:15,1IF53ai7Xc0U56Y,0.0,0.0,5889.0,6311432.0
22-05-2020 06:30,3PZuoBAID5Wc2HD,903.2857143,87.72857143,27.85714286,7037328.857
13-06-2020 03:15,zBIq5rxdHJRwDNY,0.0,0.0,0.0,6549387.0
05-06-2020 07:30,ih0vzX44oOqAx2f,2057.25,201.6875,163.0,6337182.0
19-05-2020 12:45,McdE0feGgRqW7Ca,11911.5,1162.6,3734.25,7188825.25
23-05-2020 11:45,iCRJl6heRkivqQ3,12603.0,1228.785714,3759.428571,7238352.429
07-06-2020 00:45,zVJPv84UY57bAof,0.0,0.0,0.0,7285530.0
16-05-2020 14:45,1IF53ai7Xc0U56Y,7098.714286,695.1428571,5532.714286,6195534.714
27-05-2020 05:00,ih0vzX44oOqAx2f,0.0,0.0,0.0,6272291.0
20-05-2020 00:00,z9Y9gH1T5YWrNuG,0.0,0.0,861.5,7040465.0
14-06-2020 12:30,uHbuxQJl8lW7ozc,6930.625,678.75,3753.5,7264284.5
25-05-2020 21:45,zBIq5rxdHJRwDNY,0.0,0.0,8443.0,6420201.0
14-06-2020 09:30,ZnxXDlPa8U1GXgE,8211.5,803.65,1240.75,6745583.75
15-06-2020 22:15,pkci93gMrogZuBj,0.0,0.0,6795.0,7403217.0
13-06-2020 12:15,wCURE6d3bPkepu2,10627.28571,1037.828571,4398.428571,6998306.429
16-05-2020 06:30,iCRJl6heRkivqQ3,695.4285714,67.37142857,16.28571429,7184426.286
09-06-2020 20:45,pkci93gMrogZuBj,0.0,0.0,8240.0,7362716.0
19-05-2020 17:15,YxYtjZvoooNbGkE,1831.142857,179.5,6812.428571,7212410.429
09-06-2020 00:45,7JYdWkrLSPkdwr4,0.0,0.0,0.0,7786793.0
08-06-2020 13:45,zBIq5rxdHJRwDNY,11372.85714,1110.442857,5674.714286,6520585.714
18-05-2020 19:15,McdE0feGgRqW7Ca,0.0,0.0,5464.0,7185091.0
02-06-2020 00:45,adLQvlD726eNBSB,0.0,0.0,0.0,6406831.0
01-06-2020 20:15,iCRJl6heRkivqQ3,0.0,0.0,5781.0,7310348.0
04-06-2020 06:30,7JYdWkrLSPkdwr4,764.5,74.1375,19.75,7748641.75
11-06-2020 18:15,sjndEbLyjtCKgGv,310.5,29.9875,5648.5,7221248.5
31-05-2020 04:15,1BY6WEcLGh8j5v7,0.0,0.0,0.0,6372128.0
14-06-2020 08:45,z9Y9gH1T5YWrNuG,5439.714286,533.2142857,736.4285714,7225966.429
14-06-2020 05:15,zBIq5rxdHJRwDNY,0.0,0.0,0.0,6557822.0
19-05-2020 02:45,adLQvlD726eNBSB,0.0,0.0,0.0,6297816.0
13-06-2020 02:45,ZoEaEvLYb1n2sOq,0.0,0.0,0.0,7307385.0
05-06-2020 03:15,1BY6WEcLGh8j5v7,0.0,0.0,0.0,6405380.0
16-06-2020 19:45,1IF53ai7Xc0U56Y,0.0,0.0,6318.0,6427532.0
16-06-2020 18:30,ih0vzX44oOqAx2f,80.85714286,7.8,6123.714286,6420370.714
04-06-2020 04:15,ZoEaEvLYb1n2sOq,0.0,0.0,0.0,7243501.0
14-06-2020 05:30,WRmjgnKYAwPKWDb,0.0,0.0,0.0,7247179.0
09-06-2020 10:30,1BY6WEcLGh8j5v7,11621.28571,1133.428571,2114.571429,6433728.571
28-05-2020 08:45,McdE0feGgRqW7Ca,7705.714286,754.3714286,894.4285714,7257283.429
17-05-2020 20:30,z9Y9gH1T5YWrNuG,0.0,0.0,7486.0,7028226.0
09-06-2020 20:15,bvBOhCH3iADSZry,0.0,0.0,7361.0,6493347.0
07-06-2020 06:30,ZoEaEvLYb1n2sOq,774.4285714,75.11428571,18.0,7265386.0
02-06-2020 12:45,McdE0feGgRqW7Ca,10879.42857,1062.942857,4224.571429,7296976.571
29-05-2020 20:15,sjndEbLyjtCKgGv,0.0,0.0,0.0,7129029.0
23-05-2020 10:15,z9Y9gH1T5YWrNuG,8288.875,811.0625,2101.25,7066320.25
31-05-2020 13:15,1IF53ai7Xc0U56Y,7240.857143,708.0428571,4293.0,6309836.0
21-05-2020 11:30,YxYtjZvoooNbGkE,13120.14286,1279.2,3296.428571,7224590.429
22-05-2020 15:30,YxYtjZvoooNbGkE,4357.857143,427.5571429,6544.428571,7235578.429
17-05-2020 07:00,rGa61gmuvPhdLxV,1418.142857,138.4285714,51.14285714,7124150.143
17-05-2020 23:45,bvBOhCH3iADSZry,0.0,0.0,4330.0,6335576.0
17-05-2020 11:00,7JYdWkrLSPkdwr4,11597.85714,1131.257143,2795.714286,7618332.714
31-05-2020 12:45,adLQvlD726eNBSB,13720.71429,1337.771429,3803.428571,6398574.429
17-06-2020 22:30,wCURE6d3bPkepu2,0.0,0.0,5883.0,7028601.0
08-06-2020 19:45,1IF53ai7Xc0U56Y,0.0,0.0,8495.0,6371833.0
06-06-2020 09:30,bvBOhCH3iADSZry,8673.375,848.4625,1221.125,6468472.125
24-05-2020 13:00,iCRJl6heRkivqQ3,12414.57143,1210.414286,4864.714286,7248084.714
16-06-2020 21:00,3PZuoBAID5Wc2HD,0.0,0.0,6331.0,7231373.0
17-06-2020 14:15,WRmjgnKYAwPKWDb,5926.571429,580.7428571,4862.142857,7272441.143
25-05-2020 03:15,YxYtjZvoooNbGkE,0.0,0.0,0.0,7252651.0
04-06-2020 04:00,adLQvlD726eNBSB,0.0,0.0,0.0,6422267.0
27-05-2020 13:30,ih0vzX44oOqAx2f,4104.75,403.0625,4686.75,6276977.75
27-05-2020 06:15,pkci93gMrogZuBj,362.375,35.025,5.75,7258299.75
30-05-2020 04:30,uHbuxQJl8lW7ozc,0.0,0.0,0.0,7151932.0
03-06-2020 12:15,bvBOhCH3iADSZry,9412.428571,920.5714286,3239.142857,6448726.143
12-06-2020 13:00,pkci93gMrogZuBj,8246.0,807.0375,3399.75,7378355.75
15-06-2020 11:30,7JYdWkrLSPkdwr4,7997.625,781.925,3383.75,7831541.75
09-06-2020 05:00,uHbuxQJl8lW7ozc,0.0,0.0,0.0,7225554.0
13-06-2020 08:00,ZoEaEvLYb1n2sOq,5103.5,500.3875,395.25,7307780.25
10-06-2020 05:00,sjndEbLyjtCKgGv,0.0,0.0,0.0,7209095.0
07-06-2020 06:15,ZnxXDlPa8U1GXgE,422.2857143,40.81428571,5.428571429,6693059.429
27-05-2020 05:45,sjndEbLyjtCKgGv,0.0,0.0,0.0,7105889.0
06-06-2020 07:45,iCRJl6heRkivqQ3,4478.285714,439.5857143,353.8571429,7342156.857
10-06-2020 02:00,sjndEbLyjtCKgGv,0.0,0.0,0.0,7209095.0
23-05-2020 22:00,uHbuxQJl8lW7ozc,0.0,0.0,8493.0,7103746.0
20-05-2020 11:30,1BY6WEcLGh8j5v7,11746.57143,1146.271429,3349.428571,6293446.429
05-06-2020 04:00,z9Y9gH1T5YWrNuG,0.0,0.0,0.0,7163262.0
16-05-2020 10:15,adLQvlD726eNBSB,7628.625,746.6875,1787.125,6279525.125
11-06-2020 02:00,3PZuoBAID5Wc2HD,0.0,0.0,0.0,7190469.0
17-06-2020 19:30,zVJPv84UY57bAof,0.0,0.0,5910.0,7363272.0
12-06-2020 15:00,YxYtjZvoooNbGkE,5630.25,551.7875,4859.25,7390138.25
21-05-2020 21:45,WRmjgnKYAwPKWDb,0.0,0.0,0.0,7077358.0
27-05-2020 21:15,wCURE6d3bPkepu2,0.0,0.0,0.0,6879195.0
16-05-2020 15:00,iCRJl6heRkivqQ3,7270.571429,711.9428571,5562.0,7189972.0
06-06-2020 10:15,iCRJl6heRkivqQ3,8312.5,812.15,2012.875,7343815.875
23-05-2020 02:30,1IF53ai7Xc0U56Y,0.0,0.0,0.0,6240534.0
01-06-2020 04:15,WRmjgnKYAwPKWDb,0.0,0.0,0.0,7153866.0
02-06-2020 10:15,3PZuoBAID5Wc2HD,7036.125,688.925,2063.125,7123332.125
25-05-2020 17:30,1BY6WEcLGh8j5v7,660.0,63.87142857,8234.571429,6336174.571
29-05-2020 21:15,1BY6WEcLGh8j5v7,0.0,0.0,7564.0,6365374.0
27-05-2020 19:00,7JYdWkrLSPkdwr4,0.0,0.0,6638.0,7698550.0
12-06-2020 05:15,1BY6WEcLGh8j5v7,0.0,0.0,0.0,6450238.0
13-06-2020 13:45,ZoEaEvLYb1n2sOq,8462.75,827.7125,5836.0,7313221.0
15-05-2020 00:15,iCRJl6heRkivqQ3,0.0,0.0,0.0,7177992.0
13-06-2020 06:45,sjndEbLyjtCKgGv,1032.75,100.35,36.0,7227137.0
13-06-2020 19:00,bvBOhCH3iADSZry,0.0,0.0,7863.0,6517642.0
09-06-2020 12:00,rGa61gmuvPhdLxV,8666.285714,847.0428571,4022.142857,7299986.143
03-06-2020 20:15,ZnxXDlPa8U1GXgE,0.0,0.0,7916.0,6670884.0
21-05-2020 22:30,7JYdWkrLSPkdwr4,0.0,0.0,0.0,7651635.0
07-06-2020 09:00,pkci93gMrogZuBj,8299.375,812.1875,741.25,7338659.25
28-05-2020 04:15,VHMLBKoKgIrUVDU,0.0,0.0,0.0,7304378.0
07-06-2020 08:15,7JYdWkrLSPkdwr4,3516.142857,345.6285714,390.0,7770847.0
28-05-2020 10:15,rGa61gmuvPhdLxV,9477.0,926.1,2200.571429,7208749.571
01-06-2020 19:00,z9Y9gH1T5YWrNuG,0.0,0.0,5931.0,7139828.0
06-06-2020 11:15,uHbuxQJl8lW7ozc,10363.375,1011.5375,2897.0,7205270.0
28-05-2020 20:15,bvBOhCH3iADSZry,0.0,0.0,7752.0,6413585.0
12-06-2020 15:30,ZoEaEvLYb1n2sOq,5753.428571,563.8285714,5081.714286,7306713.714
30-05-2020 06:30,bvBOhCH3iADSZry,655.1428571,63.45714286,16.0,6421039.0
06-06-2020 16:15,1BY6WEcLGh8j5v7,1423.25,138.925,5806.375,6418348.375
17-05-2020 21:00,zVJPv84UY57bAof,0.0,0.0,7480.0,7136015.0
28-05-2020 02:15,ZoEaEvLYb1n2sOq,0.0,0.0,0.0,7193291.0
07-06-2020 00:45,z9Y9gH1T5YWrNuG,0.0,0.0,0.0,7177289.0
18-05-2020 04:45,YxYtjZvoooNbGkE,0.0,0.0,0.0,7200229.0
06-06-2020 09:00,iCRJl6heRkivqQ3,3929.0,385.9428571,1041.571429,7342844.571
09-06-2020 09:15,sjndEbLyjtCKgGv,7972.125,780.075,1282.625,7202207.625
20-05-2020 10:45,ih0vzX44oOqAx2f,10789.57143,1054.514286,2661.571429,6219938.571
11-06-2020 22:15,z9Y9gH1T5YWrNuG,0.0,0.0,5599.0,7211064.0
17-05-2020 09:30,sjndEbLyjtCKgGv,8298.25,812.05,1305.25,7030918.25
02-06-2020 21:00,ZoEaEvLYb1n2sOq,0.0,0.0,7287.0,7235727.0
03-06-2020 21:45,zBIq5rxdHJRwDNY,0.0,0.0,7888.0,6484342.0
10-06-2020 21:45,bvBOhCH3iADSZry,0.0,0.0,5863.0,6499210.0
16-06-2020 06:00,1BY6WEcLGh8j5v7,0.0,0.0,0.0,6473950.0
14-06-2020 13:45,VHMLBKoKgIrUVDU,12255.75,1196.125,5037.375,7434603.375
28-05-2020 12:30,pkci93gMrogZuBj,10862.14286,1059.871429,4619.857143,7269604.857
15-05-2020 10:45,sjndEbLyjtCKgGv,4994.625,489.6625,1917.625,7018749.625
13-06-2020 15:30,bvBOhCH3iADSZry,6374.25,624.425,7139.5,6516918.5
17-05-2020 23:45,pkci93gMrogZuBj,0.0,0.0,7397.0,7189047.0
12-06-2020 09:15,ZnxXDlPa8U1GXgE,6033.285714,591.1714286,622.4285714,6730524.429
26-05-2020 08:15,ih0vzX44oOqAx2f,5820.0,570.3375,540.25,6265119.25
10-06-2020 01:15,7JYdWkrLSPkdwr4,0.0,0.0,0.0,7794729.0
01-06-2020 15:45,WRmjgnKYAwPKWDb,1464.25,142.5625,5535.0,7159401.0
06-06-2020 10:00,WRmjgnKYAwPKWDb,10364.14286,1011.914286,1775.857143,7192045.857
20-05-2020 18:45,YxYtjZvoooNbGkE,0.0,0.0,8818.0,7221294.0
06-06-2020 13:30,1IF53ai7Xc0U56Y,9033.142857,882.7571429,4860.714286,6353417.714
05-06-2020 14:15,1IF53ai7Xc0U56Y,7107.25,695.3375,5433.25,6346288.25
02-06-2020 06:00,sjndEbLyjtCKgGv,62.85714286,6.057142857,0.285714286,7148008.286
10-06-2020 08:30,1BY6WEcLGh8j5v7,3275.875,321.6125,544.0,6439614.0
19-05-2020 17:15,7JYdWkrLSPkdwr4,1810.428571,177.4714286,6771.0,7635143.0
21-05-2020 17:15,YxYtjZvoooNbGkE,763.25,74.0125,7694.625,7228988.625
06-06-2020 20:45,bvBOhCH3iADSZry,0.0,0.0,5873.0,6473124.0
17-05-2020 12:30,1IF53ai7Xc0U56Y,8005.75,782.7375,4567.25,6201161.25
09-06-2020 01:45,ZoEaEvLYb1n2sOq,0.0,0.0,0.0,7281724.0
12-06-2020 18:30,zBIq5rxdHJRwDNY,73.42857143,7.085714286,5837.0,6549387.0
17-05-2020 05:30,ih0vzX44oOqAx2f,0.0,0.0,0.0,6197810.0
27-05-2020 05:15,ih0vzX44oOqAx2f,0.0,0.0,0.0,6272291.0
20-05-2020 10:30,sjndEbLyjtCKgGv,10880.25,1063.3375,2422.25,7051706.25
16-06-2020 17:30,adLQvlD726eNBSB,1492.0,145.65,6323.75,6518325.75
06-06-2020 15:15,3PZuoBAID5Wc2HD,5059.285714,495.9714286,6007.142857,7158493.143
13-06-2020 23:45,ih0vzX44oOqAx2f,0.0,0.0,8255.0,6400518.0
30-05-2020 15:15,pkci93gMrogZuBj,9021.75,882.6125,6046.875,7287581.875
12-06-2020 16:30,1IF53ai7Xc0U56Y,2782.571429,272.9285714,5587.285714,6397911.286
15-06-2020 23:45,z9Y9gH1T5YWrNuG,0.0,0.0,6716.0,7239184.0
02-06-2020 00:15,ih0vzX44oOqAx2f,0.0,0.0,0.0,6313983.0
04-06-2020 11:15,wCURE6d3bPkepu2,9747.625,952.4875,2885.0,6933661.0
30-05-2020 16:15,1BY6WEcLGh8j5v7,5265.857143,516.1714286,6275.857143,6371649.857
19-05-2020 10:15,uHbuxQJl8lW7ozc,8427.25,824.475,1582.5,7065783.5
02-06-2020 02:15,ZnxXDlPa8U1GXgE,0.0,0.0,0.0,6655443.0
17-06-2020 12:15,uHbuxQJl8lW7ozc,13627.42857,1328.657143,3178.285714,7284213.286
29-05-2020 14:45,sjndEbLyjtCKgGv,8892.875,869.9875,6577.75,7127480.75
30-05-2020 11:45,z9Y9gH1T5YWrNuG,9073.875,887.2625,2324.5,7122779.5
15-06-2020 11:45,iCRJl6heRkivqQ3,8730.0,853.7142857,3601.714286,7410825.714
27-05-2020 13:15,McdE0feGgRqW7Ca,5215.428571,511.2857143,4817.142857,7254377.143
30-05-2020 09:00,McdE0feGgRqW7Ca,3817.125,375.075,656.625,7273869.625
22-05-2020 11:00,wCURE6d3bPkepu2,8004.428571,782.4142857,2224.714286,6834279.714
15-06-2020 15:45,iCRJl6heRkivqQ3,6321.625,619.1125,6198.875,7413422.875
27-05-2020 14:30,bvBOhCH3iADSZry,9028.125,882.35,4805.5,6404505.5
05-06-2020 20:15,ZoEaEvLYb1n2sOq,0.0,0.0,7535.0,7259075.0
19-05-2020 14:00,1IF53ai7Xc0U56Y,8577.571429,839.2857143,4866.857143,6214672.857
22-05-2020 04:30,pkci93gMrogZuBj,0.0,0.0,0.0,7217976.0
05-06-2020 19:30,z9Y9gH1T5YWrNuG,0.0,0.0,7739.0,7171001.0
13-06-2020 07:00,WRmjgnKYAwPKWDb,1980.0,194.0857143,78.0,7238858.0
24-05-2020 02:45,rGa61gmuvPhdLxV,0.0,0.0,0.0,7175293.0
08-06-2020 11:15,ZoEaEvLYb1n2sOq,11781.875,1149.4875,3246.125,7276699.125
27-05-2020 09:00,iCRJl6heRkivqQ3,8125.375,795.2,1004.125,7269000.125
08-06-2020 02:00,wCURE6d3bPkepu2,0.0,0.0,0.0,6959527.0
25-05-2020 06:30,zBIq5rxdHJRwDNY,716.25,69.425,17.375,6411775.375
13-06-2020 14:00,VHMLBKoKgIrUVDU,12509.875,1220.0875,6363.75,7427277.75
17-05-2020 20:15,YxYtjZvoooNbGkE,0.0,0.0,7497.0,7200229.0
17-05-2020 00:15,ZnxXDlPa8U1GXgE,0.0,0.0,0.0,6535152.0
15-06-2020 16:45,ZnxXDlPa8U1GXgE,4042.25,397.125,6494.75,6758241.75
22-05-2020 19:15,ZnxXDlPa8U1GXgE,0.0,0.0,7275.0,6579139.0
10-06-2020 08:00,McdE0feGgRqW7Ca,4184.875,410.7875,419.375,7355436.375
31-05-2020 05:15,pkci93gMrogZuBj,0.0,0.0,0.0,7288876.0
19-05-2020 05:15,YxYtjZvoooNbGkE,0.0,0.0,0.0,7205598.0
31-05-2020 14:30,z9Y9gH1T5YWrNuG,2471.875,242.5,5557.5,7133154.5
17-06-2020 17:30,7JYdWkrLSPkdwr4,1324.8,128.9,5789.2,7846754.2
25-05-2020 21:00,sjndEbLyjtCKgGv,0.0,0.0,8760.0,7098111.0
17-06-2020 03:15,zVJPv84UY57bAof,0.0,0.0,0.0,7357362.0
16-06-2020 13:30,ih0vzX44oOqAx2f,8077.75,790.5,4219.0,6418466.0
27-05-2020 18:00,WRmjgnKYAwPKWDb,287.4285714,27.8,6651.857143,7124531.857
10-06-2020 04:30,zVJPv84UY57bAof,0.0,0.0,0.0,7310456.0
27-05-2020 23:15,ih0vzX44oOqAx2f,0.0,0.0,6564.0,6278855.0
28-05-2020 05:00,zVJPv84UY57bAof,0.0,0.0,0.0,7212082.0
12-06-2020 20:30,iCRJl6heRkivqQ3,0.0,0.0,5888.0,7391359.0
28-05-2020 00:00,adLQvlD726eNBSB,0.0,0.0,0.0,6370373.0
26-05-2020 01:00,7JYdWkrLSPkdwr4,0.0,0.0,0.0,7684020.0
24-05-2020 15:15,zVJPv84UY57bAof,7040.75,689.4125,7083.5,7187921.5
28-05-2020 04:45,VHMLBKoKgIrUVDU,0.0,0.0,0.0,7304378.0
11-06-2020 09:45,bvBOhCH3iADSZry,4410.571429,433.1,751.7142857,6499961.714
16-06-2020 01:15,WRmjgnKYAwPKWDb,0.0,0.0,0.0,7261315.0
09-06-2020 23:00,bvBOhCH3iADSZry,0.0,0.0,7361.0,6493347.0
22-05-2020 13:00,McdE0feGgRqW7Ca,9904.571429,1055.75,4057.0,7213112.0
07-06-2020 22:00,rGa61gmuvPhdLxV,0.0,0.0,8172.0,7287673.0
13-06-2020 09:45,1BY6WEcLGh8j5v7,9020.25,882.2875,1631.375,6457310.375
03-06-2020 22:45,ZnxXDlPa8U1GXgE,0.0,0.0,7916.0,6670884.0
31-05-2020 16:30,pkci93gMrogZuBj,1833.571429,179.7285714,5673.0,7294549.0
05-06-2020 22:30,sjndEbLyjtCKgGv,0.0,0.0,7759.0,7179277.0
22-05-2020 15:00,bvBOhCH3iADSZry,8818.5,862.8,5961.125,6368109.125
06-06-2020 12:00,wCURE6d3bPkepu2,8285.625,809.65,3366.875,6950135.875
04-06-2020 05:00,YxYtjZvoooNbGkE,0.0,0.0,0.0,7326756.0
11-06-2020 12:15,ZoEaEvLYb1n2sOq,8797.25,860.725,2464.875,7298535.875
02-06-2020 13:15,ih0vzX44oOqAx2f,11697.42857,1141.528571,4640.714286,6318623.714
04-06-2020 17:30,3PZuoBAID5Wc2HD,2815.142857,276.4285714,8111.0,7144599.0
01-06-2020 16:45,7JYdWkrLSPkdwr4,1619.714286,158.7,5672.714286,7733493.714
21-05-2020 20:45,3PZuoBAID5Wc2HD,0.0,0.0,0.0,7037301.0
14-06-2020 02:00,adLQvlD726eNBSB,0.0,0.0,0.0,6497496.0
29-05-2020 07:00,McdE0feGgRqW7Ca,1996.875,195.75,92.0,7265048.0
04-06-2020 08:15,YxYtjZvoooNbGkE,5189.428571,508.8714286,488.0,7327244.0
02-06-2020 12:45,bvBOhCH3iADSZry,9902.0,967.6375,3774.75,6442419.75
23-05-2020 22:30,YxYtjZvoooNbGkE,0.0,0.0,8559.0,7244680.0
04-06-2020 20:15,3PZuoBAID5Wc2HD,0.0,0.0,8215.0,7144703.0
31-05-2020 12:30,McdE0feGgRqW7Ca,7604.375,743.575,3900.625,7284465.625
16-05-2020 16:45,rGa61gmuvPhdLxV,2217.714286,217.4428571,6057.428571,7123923.429
19-05-2020 12:30,ZoEaEvLYb1n2sOq,10523.0,1028.6,3449.0,7126976.0
17-06-2020 00:15,ih0vzX44oOqAx2f,0.0,0.0,0.0,6420371.0
22-05-2020 06:30,iCRJl6heRkivqQ3,891.625,86.6,28.375,7227470.375
24-05-2020 08:30,pkci93gMrogZuBj,6704.0,656.5571429,626.1428571,7234301.143
13-06-2020 03:00,WRmjgnKYAwPKWDb,0.0,0.0,0.0,7238780.0
04-06-2020 14:45,1BY6WEcLGh8j5v7,10054.0,982.6,5748.285714,6403557.286
23-05-2020 11:00,YxYtjZvoooNbGkE,10607.625,1035.325,2786.875,7238907.875
17-06-2020 19:15,WRmjgnKYAwPKWDb,0.0,0.0,5953.0,7273532.0
16-05-2020 22:45,bvBOhCH3iADSZry,0.0,0.0,6138.0,6328648.0
28-05-2020 09:00,zBIq5rxdHJRwDNY,7798.0,763.3714286,1004.142857,6435087.143
15-06-2020 20:15,adLQvlD726eNBSB,0.0,0.0,6916.0,6512002.0
16-06-2020 07:45,ZoEaEvLYb1n2sOq,3512.875,345.0375,243.625,7329934.625
13-06-2020 00:45,wCURE6d3bPkepu2,0.0,0.0,0.0,6993908.0
09-06-2020 07:30,adLQvlD726eNBSB,2966.0,291.25,261.375,6462265.375
04-06-2020 16:30,YxYtjZvoooNbGkE,6003.625,588.275,7608.75,7334364.75
30-05-2020 07:00,YxYtjZvoooNbGkE,1687.125,165.125,72.375,7292575.375
20-05-2020 04:45,YxYtjZvoooNbGkE,0.0,0.0,0.0,7212476.0
10-06-2020 12:45,sjndEbLyjtCKgGv,10985.625,1072.2625,3892.25,7212987.25
14-06-2020 08:15,rGa61gmuvPhdLxV,3690.857143,362.7,503.1428571,7331173.143
15-05-2020 07:45,z9Y9gH1T5YWrNuG,2060.125,201.9375,224.75,7008090.75
12-06-2020 03:30,1IF53ai7Xc0U56Y,0.0,0.0,0.0,6392324.0
16-05-2020 21:15,1IF53ai7Xc0U56Y,0.0,0.0,6592.0,6196594.0
08-06-2020 22:15,sjndEbLyjtCKgGv,0.0,0.0,8371.0,7200925.0
28-05-2020 09:30,bvBOhCH3iADSZry,8779.571429,858.9857143,1407.142857,6407240.143
17-06-2020 02:30,z9Y9gH1T5YWrNuG,0.0,0.0,0.0,7245385.0
28-05-2020 02:15,ih0vzX44oOqAx2f,0.0,0.0,0.0,6278855.0
15-05-2020 01:00,3PZuoBAID5Wc2HD,0.0,0.0,0.0,6987759.0
05-06-2020 10:45,1BY6WEcLGh8j5v7,10447.75,1020.0625,2212.625,6407592.625
23-05-2020 04:45,VHMLBKoKgIrUVDU,0.0,0.0,0.0,7263721.0
27-05-2020 05:00,7JYdWkrLSPkdwr4,0.0,0.0,0.0,7691912.0
05-06-2020 21:00,3PZuoBAID5Wc2HD,0.0,0.0,0.0,7152486.0
11-06-2020 04:15,uHbuxQJl8lW7ozc,0.0,0.0,0.0,7240508.0
05-06-2020 09:30,ZnxXDlPa8U1GXgE,10600.71429,1034.785714,1262.714286,6680324.714
31-05-2020 06:30,1IF53ai7Xc0U56Y,836.75,81.2375,23.375,6305566.375
16-06-2020 16:45,iCRJl6heRkivqQ3,2261.428571,221.7142857,6096.714286,7420097.714
24-05-2020 08:30,zVJPv84UY57bAof,7065.571429,691.9142857,644.1428571,7181482.143
17-06-2020 00:30,adLQvlD726eNBSB,0.0,0.0,0.0,6518398.0
19-05-2020 18:15,pkci93gMrogZuBj,0.0,0.0,6938.0,7201349.0
13-06-2020 08:45,WRmjgnKYAwPKWDb,7931.0,776.3285714,933.2857143,7239713.286
17-05-2020 14:00,uHbuxQJl8lW7ozc,9941.285714,970.8571429,5547.0,7056886.0
30-05-2020 23:45,3PZuoBAID5Wc2HD,0.0,0.0,7299.0,7109488.0
16-06-2020 09:30,uHbuxQJl8lW7ozc,7985.0,781.5625,1204.5,7275947.5
07-06-2020 20:30,bvBOhCH3iADSZry,0.0,0.0,5169.0,6478293.0
14-06-2020 04:45,1BY6WEcLGh8j5v7,0.0,0.0,0.0,6463663.0
17-05-2020 11:15,VHMLBKoKgIrUVDU,12804.0,1248.3875,3212.0,7222592.0
01-06-2020 02:30,zVJPv84UY57bAof,0.0,0.0,0.0,7242024.0
02-06-2020 10:00,3PZuoBAID5Wc2HD,9760.428571,954.4285714,1854.142857,7123123.143
15-06-2020 00:45,VHMLBKoKgIrUVDU,0.0,0.0,0.0,7437055.0
04-06-2020 17:00,z9Y9gH1T5YWrNuG,4190.142857,411.6285714,7843.714286,7162956.714
05-06-2020 05:00,1BY6WEcLGh8j5v7,0.0,0.0,0.0,6405380.0
06-06-2020 15:45,1IF53ai7Xc0U56Y,3394.375,333.5125,6262.0,6354819.0
04-06-2020 06:30,zVJPv84UY57bAof,726.5714286,70.44285714,18.0,7263071.0
21-05-2020 16:15,VHMLBKoKgIrUVDU,3399.285714,334.1857143,7550.428571,7256074.429
15-05-2020 18:45,7JYdWkrLSPkdwr4,0.0,0.0,6116.0,7609076.0
14-06-2020 00:00,ih0vzX44oOqAx2f,0.0,0.0,1031.875,6400518.0
02-06-2020 02:30,z9Y9gH1T5YWrNuG,0.0,0.0,0.0,7139828.0
31-05-2020 11:15,WRmjgnKYAwPKWDb,9079.428571,886.8285714,2470.285714,7150499.286
07-06-2020 05:30,ZnxXDlPa8U1GXgE,0.0,0.0,0.0,6693054.0
30-05-2020 08:15,VHMLBKoKgIrUVDU,4410.75,433.0375,392.75,7321451.75
08-06-2020 00:00,ZnxXDlPa8U1GXgE,0.0,0.0,1026.125,6701263.0
25-05-2020 03:15,pkci93gMrogZuBj,0.0,0.0,0.0,7241707.0
23-05-2020 11:15,zBIq5rxdHJRwDNY,12789.0,1246.942857,3143.714286,6398950.714
17-05-2020 07:00,zBIq5rxdHJRwDNY,1403.714286,137.0428571,50.28571429,6352200.286
03-06-2020 13:45,iCRJl6heRkivqQ3,8597.0,841.25,5016.0,7322829.0
16-06-2020 22:45,1IF53ai7Xc0U56Y,0.0,0.0,6318.0,6427532.0
14-06-2020 21:00,1IF53ai7Xc0U56Y,0.0,0.0,7487.0,6414368.0
06-06-2020 07:45,rGa61gmuvPhdLxV,4381.0,430.1142857,344.7142857,7273434.714
17-05-2020 18:00,McdE0feGgRqW7Ca,322.5,31.1625,7599.625,7179620.625
18-05-2020 18:30,iCRJl6heRkivqQ3,0.0,0.0,5400.0,7203767.0
25-05-2020 11:45,ih0vzX44oOqAx2f,12266.0,1195.914286,3302.285714,6259796.286
15-06-2020 18:30,ZnxXDlPa8U1GXgE,0.0,0.0,6757.0,6758504.0
11-06-2020 19:15,VHMLBKoKgIrUVDU,0.0,0.0,5716.0,7415011.0
09-06-2020 02:00,wCURE6d3bPkepu2,0.0,0.0,0.0,6967970.0
01-06-2020 12:45,ZnxXDlPa8U1GXgE,3841.125,377.35,4211.625,6653736.625
17-06-2020 21:00,bvBOhCH3iADSZry,0.0,0.0,5460.0,6539009.0
11-06-2020 01:15,7JYdWkrLSPkdwr4,0.0,0.0,0.0,7801091.0
14-06-2020 13:15,7JYdWkrLSPkdwr4,10876.375,1062.1625,4409.25,7825261.25
01-06-2020 04:00,iCRJl6heRkivqQ3,0.0,0.0,0.0,7304567.0
08-06-2020 15:00,1BY6WEcLGh8j5v7,8636.5,844.725,6544.0,6430294.0
22-05-2020 16:30,WRmjgnKYAwPKWDb,2240.714286,219.7142857,7050.0,7084408.0
03-06-2020 00:15,ZnxXDlPa8U1GXgE,0.0,0.0,0.0,6662968.0
28-05-2020 09:00,sjndEbLyjtCKgGv,8215.75,804.075,1063.625,7113628.625
26-05-2020 12:45,7JYdWkrLSPkdwr4,11621.14286,1133.914286,4850.142857,7688870.143
05-06-2020 01:30,bvBOhCH3iADSZry,0.0,0.0,0.0,6460186.0
05-06-2020 22:15,VHMLBKoKgIrUVDU,0.0,0.0,0.0,7371554.0
09-06-2020 21:00,YxYtjZvoooNbGkE,0.0,0.0,7958.0,7373268.0
03-06-2020 10:45,ZnxXDlPa8U1GXgE,10915.14286,1066.4,1984.142857,6664952.143
28-05-2020 16:45,VHMLBKoKgIrUVDU,3659.285714,359.3428571,8244.857143,7312622.857
08-06-2020 15:15,sjndEbLyjtCKgGv,10000.125,977.8,7204.5,7199758.5
18-05-2020 04:45,rGa61gmuvPhdLxV,0.0,0.0,0.0,7131537.0
25-05-2020 20:45,sjndEbLyjtCKgGv,0.0,0.0,8760.0,7098111.0
23-05-2020 11:45,1IF53ai7Xc0U56Y,13153.85714,1282.514286,3831.714286,6244365.714
21-05-2020 18:15,YxYtjZvoooNbGkE,130.125,12.55,7738.5,7229032.5
08-06-2020 07:45,ih0vzX44oOqAx2f,3896.571429,382.8,255.5714286,6358947.571
31-05-2020 12:00,rGa61gmuvPhdLxV,6504.285714,637.1142857,3303.428571,7233741.429
15-06-2020 19:30,sjndEbLyjtCKgGv,0.0,0.0,6728.0,7249539.0
25-05-2020 03:15,ZnxXDlPa8U1GXgE,0.0,0.0,0.0,6595756.0
22-05-2020 03:15,rGa61gmuvPhdLxV,0.0,0.0,0.0,7160399.0
20-05-2020 01:00,7JYdWkrLSPkdwr4,0.0,0.0,0.0,7635208.0
10-06-2020 08:30,ZnxXDlPa8U1GXgE,3583.571429,352.2285714,589.5714286,6718361.571
14-06-2020 20:30,z9Y9gH1T5YWrNuG,0.0,0.0,7238.0,7232468.0
01-06-2020 21:45,wCURE6d3bPkepu2,0.0,0.0,5939.0,6915344.0
07-06-2020 03:30,1IF53ai7Xc0U56Y,0.0,0.0,0.0,6355099.0
20-05-2020 02:15,ZnxXDlPa8U1GXgE,0.0,0.0,0.0,6555136.0
19-05-2020 21:00,ih0vzX44oOqAx2f,0.0,0.0,6790.0,6217277.0
09-06-2020 11:30,rGa61gmuvPhdLxV,9001.714286,879.3142857,3514.285714,7299478.286
20-05-2020 01:30,zBIq5rxdHJRwDNY,0.0,0.0,0.0,6371971.0
14-06-2020 09:30,bvBOhCH3iADSZry,7610.625,745.125,1145.75,6518787.75
17-05-2020 21:00,iCRJl6heRkivqQ3,0.0,0.0,7519.0,7198367.0
16-05-2020 16:00,1BY6WEcLGh8j5v7,3143.285714,308.8571429,5942.285714,6271255.286
13-06-2020 15:15,uHbuxQJl8lW7ozc,8881.142857,868.4857143,7459.428571,7259553.429
11-06-2020 18:45,ih0vzX44oOqAx2f,0.0,0.0,5521.0,6386553.0
11-06-2020 09:15,pkci93gMrogZuBj,4214.0,413.9571429,599.2857143,7369893.286
02-06-2020 18:15,1BY6WEcLGh8j5v7,291.2857143,28.11428571,7025.0,6390464.0
01-06-2020 14:45,1IF53ai7Xc0U56Y,3149.625,309.4375,5484.25,6316916.25
01-06-2020 23:00,z9Y9gH1T5YWrNuG,0.0,0.0,5931.0,7139828.0
12-06-2020 22:30,rGa61gmuvPhdLxV,0.0,0.0,5849.0,7322281.0
24-05-2020 18:45,sjndEbLyjtCKgGv,0.0,0.0,7902.0,7089351.0
16-06-2020 16:30,WRmjgnKYAwPKWDb,2580.142857,253.0142857,6002.285714,7267317.286
10-06-2020 12:30,YxYtjZvoooNbGkE,12223.75,1192.5125,3544.75,7376812.75
08-06-2020 14:30,uHbuxQJl8lW7ozc,11490.71429,1122.057143,6496.0,7223645.0
08-06-2020 00:30,1IF53ai7Xc0U56Y,0.0,0.0,0.0,6363338.0
23-05-2020 13:15,zBIq5rxdHJRwDNY,11879.5,1159.4875,5501.0,6401308.0
04-06-2020 08:45,VHMLBKoKgIrUVDU,4979.375,488.275,813.0,7356474.0
07-06-2020 21:00,z9Y9gH1T5YWrNuG,0.0,0.0,6342.0,7183631.0
11-06-2020 02:00,zVJPv84UY57bAof,0.0,0.0,0.0,7317016.0
25-05-2020 00:30,3PZuoBAID5Wc2HD,0.0,0.0,0.0,7061568.0
30-05-2020 06:15,1IF53ai7Xc0U56Y,314.5,30.3875,5.0,6298216.0
13-06-2020 08:30,WRmjgnKYAwPKWDb,7176.25,702.7,746.125,7239526.125
11-06-2020 23:00,ZnxXDlPa8U1GXgE,0.0,0.0,5692.0,6729902.0
01-06-2020 21:45,ZnxXDlPa8U1GXgE,0.0,0.0,5918.0,6655443.0
18-05-2020 03:30,pkci93gMrogZuBj,0.0,0.0,0.0,7189047.0
01-06-2020 18:00,adLQvlD726eNBSB,544.5714286,52.71428571,6113.571429,6406817.571
27-05-2020 16:45,uHbuxQJl8lW7ozc,3232.0,317.0857143,6531.428571,7135069.429
10-06-2020 17:00,sjndEbLyjtCKgGv,2473.5,242.5625,6331.125,7215426.125
16-06-2020 01:45,rGa61gmuvPhdLxV,0.0,0.0,0.0,7344704.0
01-06-2020 11:00,zBIq5rxdHJRwDNY,12380.71429,1208.028571,2818.714286,6466057.714
24-05-2020 05:00,7JYdWkrLSPkdwr4,0.0,0.0,0.0,7667220.0
04-06-2020 18:15,zBIq5rxdHJRwDNY,300.7142857,29.05714286,8232.714286,6492574.714
20-05-2020 20:45,YxYtjZvoooNbGkE,0.0,0.0,8818.0,7221294.0
25-05-2020 09:30,uHbuxQJl8lW7ozc,9511.285714,930.2571429,1414.0,7113266.0
20-05-2020 12:45,adLQvlD726eNBSB,12628.14286,1231.657143,5345.714286,6309858.714
01-06-2020 01:30,7JYdWkrLSPkdwr4,0.0,0.0,0.0,7727821.0
16-05-2020 21:00,zVJPv84UY57bAof,0.0,0.0,6419.0,7128535.0
06-06-2020 04:00,rGa61gmuvPhdLxV,0.0,0.0,0.0,7273090.0
15-05-2020 19:30,uHbuxQJl8lW7ozc,0.0,0.0,6387.0,7045068.0
06-06-2020 11:00,wCURE6d3bPkepu2,10186.625,995.2625,2609.875,6949378.875
13-06-2020 12:15,zVJPv84UY57bAof,10801.625,1054.5375,4379.75,7332929.75
12-06-2020 23:00,ZnxXDlPa8U1GXgE,0.0,0.0,5883.0,6735785.0
12-06-2020 18:00,3PZuoBAID5Wc2HD,829.2857143,80.48571429,5880.142857,7202066.143
06-06-2020 12:30,1IF53ai7Xc0U56Y,9510.428571,928.5857143,4012.857143,6352569.857
30-05-2020 09:30,adLQvlD726eNBSB,6534.571429,640.0857143,962.5714286,6388314.571
07-06-2020 20:00,VHMLBKoKgIrUVDU,0.0,0.0,8219.0,7386208.0
22-05-2020 05:00,wCURE6d3bPkepu2,0.0,0.0,0.0,6832055.0
18-05-2020 16:45,1IF53ai7Xc0U56Y,2895.857143,284.1285714,5259.571429,6209612.571
17-06-2020 17:30,1BY6WEcLGh8j5v7,1260.6,122.62,5456.0,6485254.0
19-05-2020 16:00,VHMLBKoKgIrUVDU,6450.625,631.925,6413.125,7238967.125
20-05-2020 02:45,YxYtjZvoooNbGkE,0.0,0.0,0.0,7212476.0
15-05-2020 02:15,McdE0feGgRqW7Ca,0.0,0.0,0.0,7158964.0
06-06-2020 17:00,sjndEbLyjtCKgGv,947.0,91.98571429,6331.857143,7185608.857
21-05-2020 15:00,WRmjgnKYAwPKWDb,9291.857143,908.6,6657.142857,7076382.143
29-05-2020 13:45,bvBOhCH3iADSZry,8773.857143,857.9,5280.714286,6418865.714
05-06-2020 17:00,1BY6WEcLGh8j5v7,3706.5,364.025,6862.125,6412242.125
01-06-2020 00:45,WRmjgnKYAwPKWDb,0.0,0.0,0.0,7153866.0
12-06-2020 06:30,YxYtjZvoooNbGkE,354.5714286,34.27142857,7.714285714,7385286.714
14-06-2020 11:00,adLQvlD726eNBSB,10461.375,1021.85,2758.75,6500254.75
17-05-2020 03:30,1BY6WEcLGh8j5v7,0.0,0.0,0.0,6271605.0
16-06-2020 13:45,ZnxXDlPa8U1GXgE,5606.285714,549.4428571,4505.857143,6763009.857
30-05-2020 18:45,iCRJl6heRkivqQ3,0.0,0.0,7345.0,7298598.0
07-06-2020 17:15,bvBOhCH3iADSZry,3012.125,295.7875,5036.625,6478160.625
22-05-2020 16:15,zBIq5rxdHJRwDNY,2799.857143,274.6,6959.714286,6395558.714
01-06-2020 09:30,pkci93gMrogZuBj,6117.285714,599.3285714,1385.285714,7296176.286
17-05-2020 02:00,3PZuoBAID5Wc2HD,0.0,0.0,0.0,7000689.0
06-06-2020 02:30,adLQvlD726eNBSB,0.0,0.0,0.0,6438428.0
19-05-2020 09:45,uHbuxQJl8lW7ozc,8106.125,793.175,1195.375,7065396.375
08-06-2020 03:30,zVJPv84UY57bAof,0.0,0.0,0.0,7293790.0
04-06-2020 00:00,bvBOhCH3iADSZry,0.0,0.0,0.0,6452724.0
30-05-2020 06:45,ih0vzX44oOqAx2f,1205.285714,117.2,40.0,6295161.0
06-06-2020 19:45,7JYdWkrLSPkdwr4,0.0,0.0,6317.0,7770457.0
15-06-2020 12:00,rGa61gmuvPhdLxV,9969.75,973.5125,3761.375,7341733.375
16-05-2020 12:45,sjndEbLyjtCKgGv,11461.125,1118.8625,3720.75,7026902.75
17-06-2020 17:15,zVJPv84UY57bAof,1575.375,154.1625,5807.875,7363169.875
28-05-2020 15:30,zBIq5rxdHJRwDNY,8034.428571,786.4,7103.0,6441186.0
15-06-2020 20:30,iCRJl6heRkivqQ3,0.0,0.0,6777.0,7414001.0
15-05-2020 18:30,1BY6WEcLGh8j5v7,0.0,0.0,5754.0,6265313.0
12-06-2020 12:00,7JYdWkrLSPkdwr4,9879.875,965.7875,2617.625,7809281.625
25-05-2020 19:15,adLQvlD726eNBSB,0.0,0.0,9163.0,6355294.0
17-05-2020 18:30,iCRJl6heRkivqQ3,0.0,0.0,7519.0,7198367.0
17-05-2020 15:30,1IF53ai7Xc0U56Y,7453.625,729.45,6924.75,6203518.75
16-06-2020 18:15,1IF53ai7Xc0U56Y,355.4285714,34.34285714,6312.714286,6427526.714
08-06-2020 17:30,ZnxXDlPa8U1GXgE,1941.714286,190.0714286,8341.0,6709604.0
24-05-2020 08:45,7JYdWkrLSPkdwr4,5473.571429,536.5142857,824.4285714,7668044.429
28-05-2020 04:00,wCURE6d3bPkepu2,0.0,0.0,0.0,6879195.0
31-05-2020 02:45,1IF53ai7Xc0U56Y,0.0,0.0,0.0,6305543.0
17-05-2020 02:15,bvBOhCH3iADSZry,0.0,0.0,0.0,6328648.0
19-05-2020 23:45,ih0vzX44oOqAx2f,0.0,0.0,6790.0,6217277.0
15-05-2020 18:15,McdE0feGgRqW7Ca,110.5714286,10.64285714,6469.714286,7165433.714
07-06-2020 17:30,WRmjgnKYAwPKWDb,2051.25,200.975,7994.75,7204605.75
06-06-2020 02:45,3PZuoBAID5Wc2HD,0.0,0.0,0.0,7152486.0
21-05-2020 15:00,bvBOhCH3iADSZry,9934.714286,971.4285714,6196.0,6361234.0
12-06-2020 14:45,ZoEaEvLYb1n2sOq,5854.857143,573.7428571,4690.571429,7306322.571
28-05-2020 13:00,z9Y9gH1T5YWrNuG,12952.5,1262.8875,5393.125,7109278.125
15-06-2020 18:30,zBIq5rxdHJRwDNY,11.85714286,1.142857143,6696.0,6571833.0
13-06-2020 16:00,3PZuoBAID5Wc2HD,7391.0,723.6,8168.285714,7210254.286
17-06-2020 15:00,rGa61gmuvPhdLxV,4591.625,450.3125,5405.25,7356352.25
15-05-2020 03:15,3PZuoBAID5Wc2HD,0.0,0.0,0.0,6987759.0
14-06-2020 06:45,7JYdWkrLSPkdwr4,1085.714286,105.5428571,38.14285714,7820890.143
15-05-2020 07:15,bvBOhCH3iADSZry,1873.5,183.65,116.25,6316919.25
26-05-2020 11:00,1IF53ai7Xc0U56Y,13368.57143,1303.414286,3232.571429,6269760.571
26-05-2020 03:30,ZnxXDlPa8U1GXgE,0.0,0.0,0.0,6604666.0
25-05-2020 06:15,zVJPv84UY57bAof,393.0,38.0,3.0,7188799.0
26-05-2020 13:45,McdE0feGgRqW7Ca,12170.14286,1187.0,5869.857143,7247518.857
17-05-2020 10:15,zBIq5rxdHJRwDNY,9653.571429,944.0571429,2021.571429,6354171.571
09-06-2020 23:30,YxYtjZvoooNbGkE,0.0,0.0,7958.0,7373268.0
17-06-2020 19:15,pkci93gMrogZuBj,0.0,0.0,5952.0,7415430.0
12-06-2020 10:45,z9Y9gH1T5YWrNuG,6662.142857,652.5285714,1585.285714,7212649.286
31-05-2020 02:00,z9Y9gH1T5YWrNuG,0.0,0.0,0.0,7127597.0
09-06-2020 01:30,ZoEaEvLYb1n2sOq,0.0,0.0,0.0,7281724.0
12-06-2020 22:45,zBIq5rxdHJRwDNY,0.0,0.0,5837.0,6549387.0
02-06-2020 22:00,bvBOhCH3iADSZry,0.0,0.0,6842.0,6445487.0
08-06-2020 19:15,zVJPv84UY57bAof,0.0,0.0,8377.0,7302167.0
16-05-2020 21:00,1BY6WEcLGh8j5v7,0.0,0.0,6292.0,6271605.0
30-05-2020 21:45,WRmjgnKYAwPKWDb,0.0,0.0,7130.0,7148029.0
23-05-2020 07:45,WRmjgnKYAwPKWDb,3985.5,391.5875,239.25,7084834.25
03-06-2020 17:45,zVJPv84UY57bAof,1265.285714,123.1,7792.428571,7263009.429
15-05-2020 17:30,ZoEaEvLYb1n2sOq,1309.5,127.775,6221.75,7104320.75
29-05-2020 15:45,pkci93gMrogZuBj,7736.714286,757.4142857,7448.0,7280706.0
01-06-2020 07:00,3PZuoBAID5Wc2HD,2245.875,220.2,102.25,7115406.25
31-05-2020 11:30,ZoEaEvLYb1n2sOq,10021.25,978.5625,2712.125,7219560.125
04-06-2020 20:00,WRmjgnKYAwPKWDb,0.0,0.0,8038.0,7182665.0
15-06-2020 04:45,zVJPv84UY57bAof,0.0,0.0,0.0,7344280.0
22-05-2020 19:30,adLQvlD726eNBSB,0.0,0.0,7378.0,6328951.0
15-05-2020 09:45,adLQvlD726eNBSB,8003.857143,782.8,1170.428571,6272525.429
22-05-2020 16:15,1BY6WEcLGh8j5v7,2642.0,259.1,6615.428571,6312204.429
03-06-2020 01:00,1IF53ai7Xc0U56Y,0.0,0.0,0.0,6324784.0
04-06-2020 00:00,YxYtjZvoooNbGkE,0.0,0.0,0.0,7326756.0
06-06-2020 20:30,3PZuoBAID5Wc2HD,0.0,0.0,6496.0,7158982.0
16-06-2020 07:15,wCURE6d3bPkepu2,2308.75,226.375,104.75,7016548.75
03-06-2020 01:45,1IF53ai7Xc0U56Y,0.0,0.0,0.0,6324784.0
24-05-2020 08:15,ZoEaEvLYb1n2sOq,4725.375,463.175,501.5,7162685.5
17-06-2020 07:45,wCURE6d3bPkepu2,3752.625,368.8,205.0,7022923.0
22-05-2020 06:30,ZoEaEvLYb1n2sOq,894.75,86.8875,28.5,7146713.5
08-06-2020 04:30,1BY6WEcLGh8j5v7,0.0,0.0,0.0,6423750.0
26-05-2020 03:15,VHMLBKoKgIrUVDU,0.0,0.0,0.0,7289525.0
16-06-2020 08:00,ZoEaEvLYb1n2sOq,4876.142857,478.2428571,348.4285714,7330039.429
03-06-2020 02:00,uHbuxQJl8lW7ozc,0.0,0.0,0.0,7178405.0
19-05-2020 21:30,zBIq5rxdHJRwDNY,0.0,0.0,6924.0,6371971.0
29-05-2020 08:15,1IF53ai7Xc0U56Y,4431.714286,435.0714286,427.7142857,6290385.714
15-06-2020 17:45,rGa61gmuvPhdLxV,1276.125,124.3375,6698.125,7344670.125
17-05-2020 06:30,iCRJl6heRkivqQ3,450.1428571,43.52857143,6.857142857,7190854.857
31-05-2020 10:45,adLQvlD726eNBSB,10585.625,1033.8625,2098.125,6396869.125
06-06-2020 06:30,pkci93gMrogZuBj,705.5,68.4,20.125,7331507.125
17-06-2020 07:45,pkci93gMrogZuBj,3682.0,361.9125,207.375,7409685.375
02-06-2020 22:45,sjndEbLyjtCKgGv,0.0,0.0,7439.0,7155447.0
24-05-2020 08:30,z9Y9gH1T5YWrNuG,7269.714286,711.8571429,664.8571429,7073426.857
21-05-2020 11:00,z9Y9gH1T5YWrNuG,9231.857143,902.2,2695.285714,7051956.286
11-06-2020 14:00,McdE0feGgRqW7Ca,6775.625,663.6125,3731.375,7365354.375
06-06-2020 17:45,zBIq5rxdHJRwDNY,318.2857143,30.72857143,6422.0,6506724.0
25-05-2020 08:00,7JYdWkrLSPkdwr4,4158.714286,407.8428571,366.0,7675607.0
16-06-2020 17:00,7JYdWkrLSPkdwr4,1887.857143,185.0428571,6011.0,7840810.0
24-05-2020 11:30,3PZuoBAID5Wc2HD,11689.42857,1140.528571,3397.142857,7056665.143
27-05-2020 07:00,WRmjgnKYAwPKWDb,2124.714286,208.3285714,97.28571429,7117977.286
30-05-2020 13:00,wCURE6d3bPkepu2,8772.75,857.625,3638.0,6899518.0
24-05-2020 02:00,ZnxXDlPa8U1GXgE,0.0,0.0,0.0,6587728.0
15-05-2020 04:15,adLQvlD726eNBSB,0.0,0.0,0.0,6271355.0
10-06-2020 21:00,1BY6WEcLGh8j5v7,0.0,0.0,5911.0,6444981.0
11-06-2020 19:45,1BY6WEcLGh8j5v7,0.0,0.0,5257.0,6450238.0
16-06-2020 16:15,VHMLBKoKgIrUVDU,3478.714286,341.7428571,5997.285714,7449866.286
16-06-2020 21:00,1IF53ai7Xc0U56Y,0.0,0.0,6318.0,6427532.0
26-05-2020 06:00,rGa61gmuvPhdLxV,115.8571429,11.18571429,1.0,7192103.0
09-06-2020 20:00,rGa61gmuvPhdLxV,0.0,0.0,8240.0,7304204.0
28-05-2020 12:45,ZnxXDlPa8U1GXgE,12272.71429,1197.685714,5202.142857,6624578.143
01-06-2020 20:15,ZoEaEvLYb1n2sOq,0.0,0.0,5796.0,7228440.0
10-06-2020 14:45,YxYtjZvoooNbGkE,999.375,97.1,5478.375,7378746.375
14-06-2020 05:15,ZnxXDlPa8U1GXgE,0.0,0.0,0.0,6744343.0
15-06-2020 01:30,rGa61gmuvPhdLxV,0.0,0.0,0.0,7337972.0
24-05-2020 14:45,iCRJl6heRkivqQ3,9687.0,947.2,6712.714286,7249932.714
02-06-2020 23:45,ZoEaEvLYb1n2sOq,0.0,0.0,7287.0,7235727.0
31-05-2020 06:00,7JYdWkrLSPkdwr4,105.875,10.2125,0.5,7721978.5
17-06-2020 14:30,ih0vzX44oOqAx2f,7673.75,751.125,4877.75,6425248.75
24-05-2020 05:15,ZoEaEvLYb1n2sOq,0.0,0.0,0.0,7162184.0
27-05-2020 04:00,z9Y9gH1T5YWrNuG,0.0,0.0,0.0,7097183.0
01-06-2020 03:45,YxYtjZvoooNbGkE,0.0,0.0,0.0,7305739.0
17-06-2020 04:15,zVJPv84UY57bAof,0.0,0.0,0.0,7357362.0
15-06-2020 03:30,iCRJl6heRkivqQ3,0.0,0.0,0.0,7407224.0
17-06-2020 15:30,ZoEaEvLYb1n2sOq,880.7142857,85.48571429,5432.857143,7341314.857
15-05-2020 12:45,iCRJl6heRkivqQ3,10605.625,1035.5125,3494.25,7181486.25
25-05-2020 23:15,VHMLBKoKgIrUVDU,0.0,0.0,9013.0,7289525.0
04-06-2020 13:30,iCRJl6heRkivqQ3,7702.857143,754.0285714,5201.571429,7330897.571
08-06-2020 14:45,VHMLBKoKgIrUVDU,9582.375,936.775,6823.0,7393031.0
31-05-2020 03:45,pkci93gMrogZuBj,0.0,0.0,0.0,7288876.0
17-06-2020 14:45,WRmjgnKYAwPKWDb,8352.428571,817.2,5252.428571,7272831.429
09-06-2020 18:45,uHbuxQJl8lW7ozc,0.0,0.0,8309.0,7233863.0
16-06-2020 10:45,3PZuoBAID5Wc2HD,8787.714286,859.3714286,2401.714286,7227443.714
10-06-2020 06:45,McdE0feGgRqW7Ca,1357.428571,132.4,48.42857143,7355065.429
17-06-2020 21:15,zBIq5rxdHJRwDNY,0.0,0.0,5817.0,6583369.0
07-06-2020 19:00,ih0vzX44oOqAx2f,0.0,0.0,8019.0,6358692.0
28-05-2020 21:45,z9Y9gH1T5YWrNuG,0.0,0.0,8477.0,7112362.0
14-06-2020 19:15,adLQvlD726eNBSB,0.0,0.0,7590.0,6505086.0
13-06-2020 14:15,ZoEaEvLYb1n2sOq,11286.125,1101.6,6386.875,7313771.875
02-06-2020 10:30,z9Y9gH1T5YWrNuG,7070.125,692.2875,2283.75,7142111.75
18-05-2020 01:15,1IF53ai7Xc0U56Y,0.0,0.0,0.0,6204353.0
01-06-2020 18:45,sjndEbLyjtCKgGv,0.0,0.0,5766.0,7148008.0
25-05-2020 14:30,zVJPv84UY57bAof,9789.714286,957.2,7126.714286,7195922.714
27-05-2020 10:45,rGa61gmuvPhdLxV,8178.5,799.9125,2282.25,7202151.25
22-05-2020 23:30,z9Y9gH1T5YWrNuG,0.0,0.0,0.0,7064219.0
11-06-2020 02:45,pkci93gMrogZuBj,0.0,0.0,0.0,7369294.0
12-06-2020 20:00,YxYtjZvoooNbGkE,0.0,0.0,5780.0,7391059.0
15-05-2020 13:00,3PZuoBAID5Wc2HD,6364.428571,623.4,3508.0,6991267.0
16-06-2020 04:45,WRmjgnKYAwPKWDb,0.0,0.0,0.0,7261315.0
25-05-2020 17:30,ih0vzX44oOqAx2f,696.5714286,67.48571429,8049.285714,6264543.286
27-05-2020 12:00,McdE0feGgRqW7Ca,11751.75,1146.8875,3724.25,7253284.25
06-06-2020 10:30,VHMLBKoKgIrUVDU,9808.571429,957.0857143,2215.142857,7373769.143
30-05-2020 11:30,7JYdWkrLSPkdwr4,7933.625,776.5375,2082.25,7716917.25
05-06-2020 20:30,rGa61gmuvPhdLxV,0.0,0.0,7741.0,7273090.0
26-05-2020 11:45,uHbuxQJl8lW7ozc,10954.0,1069.425,3730.5,7124426.5
16-05-2020 22:30,zBIq5rxdHJRwDNY,0.0,0.0,6374.0,6352150.0
01-06-2020 16:15,rGa61gmuvPhdLxV,1987.0,194.75,5415.625,7241747.625
30-05-2020 08:00,VHMLBKoKgIrUVDU,3114.0,305.8857143,296.7142857,7321355.714
20-05-2020 22:15,ZnxXDlPa8U1GXgE,0.0,0.0,8909.0,6564045.0
14-06-2020 21:15,VHMLBKoKgIrUVDU,0.0,0.0,7489.0,7437055.0
13-06-2020 04:00,McdE0feGgRqW7Ca,0.0,0.0,0.0,7373328.0
30-05-2020 13:00,ZnxXDlPa8U1GXgE,8764.0,857.425,3673.375,6639739.375
30-05-2020 04:15,iCRJl6heRkivqQ3,0.0,0.0,0.0,7291253.0
09-06-2020 13:00,3PZuoBAID5Wc2HD,10018.625,978.2875,5081.5,7180814.5
02-06-2020 05:00,z9Y9gH1T5YWrNuG,0.0,0.0,0.0,7139828.0
18-05-2020 00:00,ih0vzX44oOqAx2f,0.0,0.0,0.0,6205201.0
17-05-2020 17:30,ZnxXDlPa8U1GXgE,1405.0,136.7857143,7535.285714,6542687.286
14-06-2020 09:00,iCRJl6heRkivqQ3,6198.25,607.2375,877.0,7400732.0
15-05-2020 20:30,rGa61gmuvPhdLxV,0.0,0.0,6373.0,7117866.0
16-06-2020 00:00,zBIq5rxdHJRwDNY,0.0,0.0,837.0,6571833.0
30-05-2020 22:30,3PZuoBAID5Wc2HD,0.0,0.0,7299.0,7109488.0
22-05-2020 09:15,3PZuoBAID5Wc2HD,6358.75,622.825,1052.5,7038353.5
17-06-2020 05:15,3PZuoBAID5Wc2HD,0.0,0.0,0.0,7231373.0
16-05-2020 09:30,wCURE6d3bPkepu2,5820.625,570.375,1161.0,6790088.0
15-06-2020 01:15,McdE0feGgRqW7Ca,0.0,0.0,0.0,7389358.0
14-06-2020 13:15,bvBOhCH3iADSZry,0.0,0.0,2378.0,6520020.0
25-05-2020 06:15,3PZuoBAID5Wc2HD,481.0,46.5,3.428571429,7061571.429
01-06-2020 16:00,rGa61gmuvPhdLxV,1684.0,164.8428571,5369.0,7241701.0
19-05-2020 07:00,wCURE6d3bPkepu2,2431.285714,238.4428571,50.14285714,6808443.143
24-05-2020 10:30,3PZuoBAID5Wc2HD,11185.14286,1091.385714,2225.285714,7055493.286
21-05-2020 23:30,sjndEbLyjtCKgGv,0.0,0.0,7825.0,7065886.0
19-05-2020 07:45,1IF53ai7Xc0U56Y,3382.375,331.9625,262.375,6210068.375
08-06-2020 20:30,z9Y9gH1T5YWrNuG,0.0,0.0,7793.0,7191424.0
17-05-2020 00:45,1IF53ai7Xc0U56Y,0.0,0.0,0.0,6196594.0
17-05-2020 06:15,bvBOhCH3iADSZry,120.75,11.675,0.875,6328648.875
16-06-2020 15:00,VHMLBKoKgIrUVDU,4011.125,394.0,5379.125,7449248.125
08-06-2020 04:00,ZoEaEvLYb1n2sOq,0.0,0.0,0.0,7273453.0
25-05-2020 04:30,7JYdWkrLSPkdwr4,0.0,0.0,0.0,7675241.0
26-05-2020 16:45,WRmjgnKYAwPKWDb,5600.857143,548.9285714,7652.571429,7117648.571
26-05-2020 21:00,7JYdWkrLSPkdwr4,0.0,0.0,0.0,7691912.0
17-06-2020 12:45,7JYdWkrLSPkdwr4,10263.0,1003.014286,3620.714286,7844585.714
17-05-2020 13:45,McdE0feGgRqW7Ca,8096.25,791.55,5476.75,7177497.75
18-05-2020 11:15,zBIq5rxdHJRwDNY,7271.857143,712.0142857,1163.571429,6360820.571
30-05-2020 18:15,YxYtjZvoooNbGkE,281.4285714,27.2,7262.428571,7299765.429
20-05-2020 19:30,wCURE6d3bPkepu2,0.0,0.0,8895.0,6824244.0
30-05-2020 19:00,bvBOhCH3iADSZry,0.0,0.0,6658.0,6427681.0
10-06-2020 13:15,3PZuoBAID5Wc2HD,7939.0,776.5428571,4400.714286,7188319.714
05-06-2020 01:45,z9Y9gH1T5YWrNuG,0.0,0.0,0.0,7163262.0
12-06-2020 05:00,zVJPv84UY57bAof,0.0,0.0,0.0,7322687.0
07-06-2020 14:30,7JYdWkrLSPkdwr4,8400.285714,821.0,6321.571429,7776778.571
09-06-2020 17:00,YxYtjZvoooNbGkE,3251.375,319.5625,7730.875,7373040.875
10-06-2020 07:00,uHbuxQJl8lW7ozc,2003.25,196.35,87.125,7233950.125
02-06-2020 04:45,z9Y9gH1T5YWrNuG,0.0,0.0,0.0,7139828.0
28-05-2020 06:45,ih0vzX44oOqAx2f,1285.428571,125.1285714,47.71428571,6278902.714
28-05-2020 13:45,sjndEbLyjtCKgGv,9318.0,909.7571429,5995.285714,7118560.286
06-06-2020 14:15,wCURE6d3bPkepu2,12243.42857,1194.614286,5388.714286,6952157.714
12-06-2020 05:00,iCRJl6heRkivqQ3,0.0,0.0,0.0,7385471.0
27-05-2020 21:30,3PZuoBAID5Wc2HD,0.0,0.0,6740.0,7085451.0
16-06-2020 19:30,zVJPv84UY57bAof,0.0,0.0,6262.0,7357362.0
12-06-2020 05:15,pkci93gMrogZuBj,0.0,0.0,0.0,7374956.0
14-06-2020 12:15,pkci93gMrogZuBj,6990.0,684.5857143,3553.857143,7392714.857
16-06-2020 16:30,wCURE6d3bPkepu2,2706.285714,265.4571429,6005.714286,7022449.714
22-05-2020 05:15,pkci93gMrogZuBj,0.0,0.0,0.0,7217976.0
16-05-2020 11:30,uHbuxQJl8lW7ozc,7862.25,769.575,2599.0,7047667.0
08-06-2020 13:00,wCURE6d3bPkepu2,10071.625,983.7,5051.125,6964578.125
17-06-2020 17:15,1BY6WEcLGh8j5v7,1457.714286,141.9285714,5428.714286,6485226.714
22-05-2020 14:15,ih0vzX44oOqAx2f,8444.5,825.3625,5450.625,6238993.625
31-05-2020 14:45,bvBOhCH3iADSZry,2565.75,251.5875,4952.125,6432633.125
26-05-2020 15:00,wCURE6d3bPkepu2,3516.0,345.5142857,6571.0,6871221.0
02-06-2020 00:30,bvBOhCH3iADSZry,0.0,0.0,0.0,6438645.0
31-05-2020 18:30,bvBOhCH3iADSZry,12.42857143,1.2,5586.0,6433267.0
19-05-2020 11:30,3PZuoBAID5Wc2HD,4041.25,397.075,2467.0,7016385.0
29-05-2020 23:30,1IF53ai7Xc0U56Y,0.0,0.0,8253.0,6298211.0
20-05-2020 09:30,adLQvlD726eNBSB,9144.0,894.5,1553.428571,6306066.429
04-06-2020 18:15,zVJPv84UY57bAof,301.1428571,29.1,8216.142857,7271269.143
31-05-2020 14:15,iCRJl6heRkivqQ3,7493.875,732.125,5120.75,7303718.75
28-05-2020 20:30,VHMLBKoKgIrUVDU,0.0,0.0,8509.0,7312887.0
30-05-2020 13:30,zVJPv84UY57bAof,10606.375,1035.725,4156.0,7232843.0
23-05-2020 03:30,zVJPv84UY57bAof,0.0,0.0,0.0,7172294.0
26-05-2020 07:45,1BY6WEcLGh8j5v7,3963.5,389.4375,285.0,6336493.0
15-06-2020 15:15,YxYtjZvoooNbGkE,6637.0,649.9571429,5775.0,7412477.0
04-06-2020 23:30,VHMLBKoKgIrUVDU,0.0,0.0,8160.0,7363821.0
31-05-2020 14:30,ZnxXDlPa8U1GXgE,2223.0,217.9625,5388.0,6648771.0
02-06-2020 04:15,ih0vzX44oOqAx2f,0.0,0.0,0.0,6313983.0
17-06-2020 10:15,1IF53ai7Xc0U56Y,6930.625,678.775,1470.875,6429002.875
19-05-2020 01:15,WRmjgnKYAwPKWDb,0.0,0.0,0.0,7054452.0
02-06-2020 14:00,ZoEaEvLYb1n2sOq,6720.875,658.275,5374.25,7233814.25
16-05-2020 16:45,zBIq5rxdHJRwDNY,2224.0,218.0857143,6197.285714,6351973.286
02-06-2020 07:45,bvBOhCH3iADSZry,2181.25,213.8625,193.75,6438838.75
05-06-2020 14:30,3PZuoBAID5Wc2HD,11313.625,1104.5125,5751.75,7150454.75
06-06-2020 08:00,bvBOhCH3iADSZry,4831.625,473.8375,441.375,6467692.375
05-06-2020 10:15,WRmjgnKYAwPKWDb,7094.25,694.25,2024.5,7184689.5
13-06-2020 12:45,3PZuoBAID5Wc2HD,11827.5,1153.9375,5223.625,7207309.625
01-06-2020 18:30,ZnxXDlPa8U1GXgE,22.875,2.2,5917.875,6655442.875
04-06-2020 18:45,adLQvlD726eNBSB,0.0,0.0,8314.0,6430581.0
15-06-2020 06:15,1BY6WEcLGh8j5v7,421.75,40.7875,6.375,6467681.375
14-06-2020 22:30,rGa61gmuvPhdLxV,0.0,0.0,7302.0,7337972.0
17-05-2020 11:15,YxYtjZvoooNbGkE,12706.28571,1238.842857,3050.428571,7195782.429
19-05-2020 08:30,pkci93gMrogZuBj,3981.714286,390.7714286,472.2857143,7194883.286
02-06-2020 02:15,bvBOhCH3iADSZry,0.0,0.0,0.0,6438645.0
20-05-2020 05:15,z9Y9gH1T5YWrNuG,0.0,0.0,0.0,7040465.0
13-06-2020 18:15,1BY6WEcLGh8j5v7,270.75,26.1625,7979.125,6463658.125
03-06-2020 06:45,McdE0feGgRqW7Ca,936.1428571,90.91428571,34.71428571,7300393.714
08-06-2020 12:15,wCURE6d3bPkepu2,8554.0,836.8285714,4324.571429,6963851.571
09-06-2020 05:15,1BY6WEcLGh8j5v7,0.0,0.0,0.0,6431614.0
30-05-2020 14:15,WRmjgnKYAwPKWDb,11070.5,1081.5375,5009.5,7145908.5
25-05-2020 01:45,rGa61gmuvPhdLxV,0.0,0.0,0.0,7183295.0
13-06-2020 08:00,7JYdWkrLSPkdwr4,5280.857143,517.6428571,415.7142857,7812832.714
23-05-2020 17:30,ih0vzX44oOqAx2f,2028.0,198.8125,8287.875,6248830.875
02-06-2020 09:00,rGa61gmuvPhdLxV,6227.142857,610.0571429,971.5714286,7242940.571
15-05-2020 04:30,wCURE6d3bPkepu2,0.0,0.0,0.0,6782598.0
15-05-2020 14:15,iCRJl6heRkivqQ3,12025.85714,1173.557143,4705.571429,7182697.571
22-05-2020 20:30,z9Y9gH1T5YWrNuG,0.0,0.0,0.0,7064219.0
06-06-2020 05:45,7JYdWkrLSPkdwr4,0.0,0.0,0.0,7764140.0
25-05-2020 23:45,ZoEaEvLYb1n2sOq,0.0,0.0,8745.0,7178914.0
05-06-2020 02:45,pkci93gMrogZuBj,0.0,0.0,0.0,7323691.0
24-05-2020 07:15,wCURE6d3bPkepu2,2342.0,229.6428571,126.4285714,6847956.429
17-05-2020 15:00,ZnxXDlPa8U1GXgE,9461.5,925.325,6375.5,6541527.5
22-05-2020 15:15,YxYtjZvoooNbGkE,6496.0,636.2625,6423.875,7235457.875
14-06-2020 06:30,z9Y9gH1T5YWrNuG,661.75,64.1125,16.75,7225246.75
27-05-2020 01:45,WRmjgnKYAwPKWDb,0.0,0.0,0.0,7117880.0
31-05-2020 03:30,3PZuoBAID5Wc2HD,0.0,0.0,0.0,7109488.0
03-06-2020 21:30,WRmjgnKYAwPKWDb,0.0,0.0,7710.0,7174627.0
04-06-2020 07:30,1BY6WEcLGh8j5v7,2419.875,237.475,190.125,6397999.125
01-06-2020 12:00,ZnxXDlPa8U1GXgE,4828.75,473.5125,3775.75,6653300.75
15-06-2020 10:00,3PZuoBAID5Wc2HD,9446.285714,923.5,1998.0,7220221.0
12-06-2020 07:15,7JYdWkrLSPkdwr4,1052.125,102.2625,64.625,7806728.625
06-06-2020 13:30,VHMLBKoKgIrUVDU,9596.142857,937.3285714,4775.428571,7376329.429
14-06-2020 21:15,1BY6WEcLGh8j5v7,0.0,0.0,4012.0,6467675.0
09-06-2020 05:30,YxYtjZvoooNbGkE,0.0,0.0,0.0,7365310.0
24-05-2020 22:15,zBIq5rxdHJRwDNY,0.0,0.0,7277.0,6411758.0
16-05-2020 16:30,7JYdWkrLSPkdwr4,2563.5,251.3875,6230.25,7615306.25
24-05-2020 03:45,ih0vzX44oOqAx2f,0.0,0.0,0.0,6248938.0
11-06-2020 11:15,VHMLBKoKgIrUVDU,7905.25,773.8125,1717.5,7411012.5
15-05-2020 17:15,VHMLBKoKgIrUVDU,2200.857143,215.8,6185.714286,7212593.714
14-06-2020 05:45,zBIq5rxdHJRwDNY,0.0,0.0,0.0,6557822.0
11-06-2020 04:45,pkci93gMrogZuBj,0.0,0.0,0.0,7369294.0
26-05-2020 04:15,McdE0feGgRqW7Ca,0.0,0.0,0.0,7241649.0
10-06-2020 10:30,ZoEaEvLYb1n2sOq,6887.0,674.025,1832.375,7291511.375
19-05-2020 22:15,YxYtjZvoooNbGkE,0.0,0.0,6878.0,7212476.0
09-06-2020 08:15,zBIq5rxdHJRwDNY,6137.714286,601.3428571,511.8571429,6523780.857
10-06-2020 05:00,ih0vzX44oOqAx2f,0.0,0.0,0.0,6374755.0
07-06-2020 10:15,uHbuxQJl8lW7ozc,8048.142857,787.3,1644.714286,7210499.714
02-06-2020 06:15,rGa61gmuvPhdLxV,403.0,38.95714286,5.0,7241974.0
12-06-2020 04:15,rGa61gmuvPhdLxV,0.0,0.0,0.0,7316432.0
23-05-2020 10:45,uHbuxQJl8lW7ozc,12550.14286,1224.057143,2576.428571,7097829.429
12-06-2020 21:45,rGa61gmuvPhdLxV,0.0,0.0,5849.0,7322281.0
04-06-2020 02:45,VHMLBKoKgIrUVDU,0.0,0.0,0.0,7355661.0
16-05-2020 11:15,bvBOhCH3iADSZry,6963.571429,681.9285714,2393.142857,6324903.143
01-06-2020 12:15,7JYdWkrLSPkdwr4,6933.875,678.7375,3865.25,7731686.25
09-06-2020 04:45,McdE0feGgRqW7Ca,0.0,0.0,0.0,7346782.0
15-05-2020 18:30,adLQvlD726eNBSB,0.0,0.0,6383.0,6277738.0
23-05-2020 22:45,z9Y9gH1T5YWrNuG,0.0,0.0,8543.0,7072762.0
15-05-2020 13:15,zBIq5rxdHJRwDNY,6964.875,682.1,3814.25,6343194.25
23-05-2020 19:45,1IF53ai7Xc0U56Y,0.0,0.0,8673.0,6249207.0
03-06-2020 10:45,rGa61gmuvPhdLxV,10692.25,1044.7125,1959.375,7251289.375
03-06-2020 12:45,1BY6WEcLGh8j5v7,12692.57143,1237.871429,3828.142857,6394296.143
23-05-2020 17:45,wCURE6d3bPkepu2,1579.625,154.5625,8538.25,6847763.25
22-05-2020 17:00,sjndEbLyjtCKgGv,1621.25,158.725,6986.0,7072872.0
14-06-2020 00:15,wCURE6d3bPkepu2,0.0,0.0,0.0,7002369.0
17-06-2020 05:00,rGa61gmuvPhdLxV,0.0,0.0,0.0,7350947.0
06-06-2020 13:00,iCRJl6heRkivqQ3,12028.0,1173.528571,4399.857143,7346202.857
15-06-2020 03:15,VHMLBKoKgIrUVDU,0.0,0.0,0.0,7437055.0
27-05-2020 11:00,1IF53ai7Xc0U56Y,6912.875,676.5125,2641.25,6277279.25
30-05-2020 02:30,1IF53ai7Xc0U56Y,0.0,0.0,0.0,6298211.0
30-05-2020 23:45,YxYtjZvoooNbGkE,0.0,0.0,7266.0,7299769.0
25-05-2020 00:00,WRmjgnKYAwPKWDb,0.0,0.0,0.0,7101117.0
05-06-2020 19:45,zBIq5rxdHJRwDNY,0.0,0.0,7723.0,6500302.0
07-06-2020 05:15,7JYdWkrLSPkdwr4,0.0,0.0,0.0,7770457.0
28-05-2020 05:00,7JYdWkrLSPkdwr4,0.0,0.0,0.0,7698550.0
15-05-2020 18:45,ZnxXDlPa8U1GXgE,0.0,0.0,6304.0,6528476.0
17-05-2020 13:45,ZnxXDlPa8U1GXgE,8731.285714,853.3,5441.142857,6540593.143
25-05-2020 03:15,uHbuxQJl8lW7ozc,0.0,0.0,0.0,7111852.0
04-06-2020 07:45,1IF53ai7Xc0U56Y,3756.142857,368.4142857,280.4285714,6332939.429
30-05-2020 19:15,iCRJl6heRkivqQ3,0.0,0.0,7345.0,7298598.0
05-06-2020 05:45,VHMLBKoKgIrUVDU,0.0,0.0,0.0,7363821.0
18-05-2020 08:30,1BY6WEcLGh8j5v7,1721.857143,168.6857143,351.2857143,6279001.286
15-05-2020 18:00,z9Y9gH1T5YWrNuG,285.5714286,27.57142857,6381.714286,7014247.714
15-06-2020 19:30,1IF53ai7Xc0U56Y,0.0,0.0,6846.0,6421214.0
04-06-2020 14:15,zVJPv84UY57bAof,9141.5,893.475,5809.0,7268862.0
09-06-2020 16:15,YxYtjZvoooNbGkE,5612.0,550.0285714,7389.285714,7372699.286
17-05-2020 05:30,rGa61gmuvPhdLxV,0.0,0.0,0.0,7124099.0
16-06-2020 00:00,ih0vzX44oOqAx2f,0.0,0.0,0.0,6414247.0
02-06-2020 12:00,sjndEbLyjtCKgGv,8337.25,815.9,3424.5,7151432.5
15-06-2020 12:15,sjndEbLyjtCKgGv,6128.571429,600.4285714,4009.0,7246820.0
18-05-2020 04:15,sjndEbLyjtCKgGv,0.0,0.0,0.0,7037054.0
06-06-2020 02:45,McdE0feGgRqW7Ca,0.0,0.0,0.0,7324681.0
24-05-2020 03:00,bvBOhCH3iADSZry,0.0,0.0,0.0,6376772.0
18-05-2020 07:45,z9Y9gH1T5YWrNuG,1800.857143,176.3714286,269.4285714,7028495.429
24-05-2020 15:00,ZoEaEvLYb1n2sOq,9402.285714,919.5857143,6884.285714,7169068.286
11-06-2020 18:45,7JYdWkrLSPkdwr4,0.0,0.0,5573.0,7806664.0
15-05-2020 02:30,ih0vzX44oOqAx2f,0.0,0.0,0.0,6185184.0
02-06-2020 04:45,McdE0feGgRqW7Ca,0.0,0.0,0.0,7292752.0
08-06-2020 15:00,uHbuxQJl8lW7ozc,10480.28571,1024.485714,7032.428571,7224181.429
02-06-2020 20:15,7JYdWkrLSPkdwr4,0.0,0.0,0.0,7740873.0
17-05-2020 08:45,bvBOhCH3iADSZry,7040.125,689.425,730.0,6329378.0
28-05-2020 08:15,ZnxXDlPa8U1GXgE,5932.375,581.325,566.25,6619942.25
12-06-2020 21:15,sjndEbLyjtCKgGv,0.0,0.0,5847.0,7227101.0
09-06-2020 18:00,3PZuoBAID5Wc2HD,835.5714286,81.05714286,8164.142857,7183897.143
31-05-2020 13:00,pkci93gMrogZuBj,8747.75,855.1,4195.875,7293071.875
27-05-2020 04:15,ZnxXDlPa8U1GXgE,0.0,0.0,0.0,6612649.0
12-06-2020 18:00,z9Y9gH1T5YWrNuG,835.625,81.1,5782.5,7216846.5
09-06-2020 13:45,ih0vzX44oOqAx2f,8529.375,833.8625,5478.75,6372387.75
16-06-2020 01:00,zBIq5rxdHJRwDNY,0.0,0.0,0.0,6571833.0
16-06-2020 00:00,rGa61gmuvPhdLxV,0.0,0.0,0.0,7344704.0
31-05-2020 21:15,adLQvlD726eNBSB,0.0,0.0,5933.0,6400704.0
20-05-2020 02:00,zVJPv84UY57bAof,0.0,0.0,0.0,7148337.0
28-05-2020 14:30,VHMLBKoKgIrUVDU,8434.142857,824.5714286,6822.857143,7311200.857
17-06-2020 09:45,uHbuxQJl8lW7ozc,5833.25,571.6,1123.375,7282158.375
27-05-2020 09:00,1BY6WEcLGh8j5v7,6989.857143,684.5,969.0,6344638.0
15-05-2020 08:15,WRmjgnKYAwPKWDb,4968.0,487.2428571,384.0,7029057.0
08-06-2020 08:15,WRmjgnKYAwPKWDb,3434.428571,337.6428571,457.4285714,7205139.429
15-06-2020 15:00,pkci93gMrogZuBj,6665.0,652.375,5754.0,7402176.0
30-05-2020 22:30,7JYdWkrLSPkdwr4,0.0,0.0,7143.0,7721978.0
09-06-2020 18:30,McdE0feGgRqW7Ca,99.14285714,9.557142857,8234.571429,7355016.571
13-06-2020 22:45,McdE0feGgRqW7Ca,0.0,0.0,8595.0,7381923.0
09-06-2020 13:00,YxYtjZvoooNbGkE,10391.71429,1014.471429,4850.285714,7370160.286
16-05-2020 13:00,uHbuxQJl8lW7ozc,7770.571429,760.5428571,3844.0,7048912.0
01-06-2020 21:15,ZoEaEvLYb1n2sOq,0.0,0.0,5796.0,7228440.0
15-06-2020 07:00,bvBOhCH3iADSZry,1956.142857,191.7571429,90.14285714,6521690.143
19-05-2020 09:30,wCURE6d3bPkepu2,8144.571429,796.9,999.1428571,6809392.143
21-05-2020 12:00,WRmjgnKYAwPKWDb,10454.28571,1020.771429,3966.285714,7073691.286
29-05-2020 12:30,bvBOhCH3iADSZry,11151.14286,1088.828571,3951.714286,6417536.714
13-06-2020 20:30,ZoEaEvLYb1n2sOq,0.0,0.0,8378.0,7315763.0
17-05-2020 21:15,zVJPv84UY57bAof,0.0,0.0,7480.0,7136015.0
24-05-2020 19:00,adLQvlD726eNBSB,0.0,0.0,8397.0,6346131.0
02-06-2020 04:45,zBIq5rxdHJRwDNY,0.0,0.0,0.0,6469033.0
13-06-2020 10:00,uHbuxQJl8lW7ozc,8974.375,876.775,1817.375,7253911.375
11-06-2020 06:00,WRmjgnKYAwPKWDb,0.0,0.0,0.0,7227367.0
30-05-2020 15:30,z9Y9gH1T5YWrNuG,8286.75,811.0,6096.75,7126551.75
25-05-2020 20:30,ZnxXDlPa8U1GXgE,0.0,0.0,8910.0,6604666.0
25-05-2020 18:30,sjndEbLyjtCKgGv,39.5,3.8125,8759.625,7098110.625
08-06-2020 12:45,ih0vzX44oOqAx2f,8025.0,784.9142857,4718.428571,6363410.429
17-05-2020 13:15,pkci93gMrogZuBj,5512.875,540.0125,4819.875,7186469.875
21-05-2020 23:30,iCRJl6heRkivqQ3,0.0,0.0,7837.0,7227442.0
15-05-2020 14:45,bvBOhCH3iADSZry,6917.625,677.2,4498.625,6321301.625
08-06-2020 20:45,ih0vzX44oOqAx2f,0.0,0.0,8217.0,6366909.0
24-05-2020 17:15,zBIq5rxdHJRwDNY,2739.285714,268.8571429,7145.142857,6411626.143
01-06-2020 15:45,ZnxXDlPa8U1GXgE,1457.625,142.0,5617.875,6655142.875
30-05-2020 08:00,wCURE6d3bPkepu2,3004.571429,295.0428571,287.8571429,6896167.857
14-06-2020 03:00,7JYdWkrLSPkdwr4,0.0,0.0,0.0,7820852.0
10-06-2020 16:15,adLQvlD726eNBSB,5442.714286,533.4571429,6232.571429,6476509.571
25-05-2020 06:15,ZnxXDlPa8U1GXgE,129.25,12.5125,0.25,6595756.25
05-06-2020 09:00,YxYtjZvoooNbGkE,6059.714286,593.3142857,875.2857143,7335761.286
17-06-2020 17:45,7JYdWkrLSPkdwr4,936.2857143,90.92857143,5822.0,7846787.0
10-06-2020 04:30,sjndEbLyjtCKgGv,0.0,0.0,0.0,7209095.0
08-06-2020 21:45,z9Y9gH1T5YWrNuG,0.0,0.0,7793.0,7191424.0
16-05-2020 11:00,pkci93gMrogZuBj,7445.875,728.9125,2218.5,7177695.5
11-06-2020 07:00,1BY6WEcLGh8j5v7,705.375,68.4,30.375,6445011.375
22-05-2020 07:45,3PZuoBAID5Wc2HD,4727.25,463.7,377.5,7037678.5
12-06-2020 23:15,bvBOhCH3iADSZry,0.0,0.0,5372.0,6509779.0
08-06-2020 05:45,z9Y9gH1T5YWrNuG,0.0,0.0,0.0,7183631.0
28-05-2020 05:45,zBIq5rxdHJRwDNY,0.0,0.0,0.0,6434083.0
12-06-2020 10:00,uHbuxQJl8lW7ozc,5822.714286,570.5857143,1075.285714,7247281.286
16-06-2020 13:30,iCRJl6heRkivqQ3,7978.857143,780.8142857,4330.857143,7418331.857
31-05-2020 02:15,YxYtjZvoooNbGkE,0.0,0.0,0.0,7299769.0
02-06-2020 15:00,ZnxXDlPa8U1GXgE,6892.571429,674.8857143,6353.571429,6661796.571
06-06-2020 07:00,YxYtjZvoooNbGkE,2591.625,254.2125,96.375,7342585.375
15-05-2020 20:30,iCRJl6heRkivqQ3,0.0,0.0,6418.0,7184410.0
23-05-2020 23:30,zBIq5rxdHJRwDNY,0.0,0.0,8674.0,6404481.0
14-06-2020 09:15,VHMLBKoKgIrUVDU,8649.142857,846.3,1066.428571,7430632.429
03-06-2020 23:00,iCRJl6heRkivqQ3,0.0,0.0,7883.0,7325696.0
31-05-2020 23:30,ih0vzX44oOqAx2f,0.0,0.0,5965.0,6308232.0
15-06-2020 03:00,pkci93gMrogZuBj,0.0,0.0,0.0,7396422.0
06-06-2020 08:00,3PZuoBAID5Wc2HD,5655.0,554.2375,525.625,7153011.625
17-06-2020 07:30,iCRJl6heRkivqQ3,3322.625,326.5375,125.0,7420431.0
10-06-2020 19:00,ZoEaEvLYb1n2sOq,0.0,0.0,6392.0,7296071.0
02-06-2020 17:00,1IF53ai7Xc0U56Y,2792.428571,274.0857143,7224.285714,6324668.286
24-05-2020 12:45,7JYdWkrLSPkdwr4,12506.71429,1219.4,4736.714286,7671956.714
17-05-2020 03:30,bvBOhCH3iADSZry,0.0,0.0,0.0,6328648.0
15-06-2020 00:45,z9Y9gH1T5YWrNuG,0.0,0.0,0.0,7232468.0
25-05-2020 07:15,WRmjgnKYAwPKWDb,2632.5,258.275,134.375,7101251.375
20-05-2020 10:30,z9Y9gH1T5YWrNuG,10981.75,1073.2125,2437.75,7042902.75
08-06-2020 10:45,wCURE6d3bPkepu2,11869.57143,1158.028571,2731.142857,6962258.143
17-05-2020 11:30,bvBOhCH3iADSZry,10760.75,1050.25,3156.0,6331804.0
15-05-2020 18:00,zBIq5rxdHJRwDNY,302.1428571,29.18571429,6389.857143,6345769.857
19-05-2020 21:45,McdE0feGgRqW7Ca,0.0,0.0,7007.0,7192098.0
07-06-2020 02:30,WRmjgnKYAwPKWDb,0.0,0.0,0.0,7196611.0
24-05-2020 13:15,zBIq5rxdHJRwDNY,10807.5,1056.275,4761.875,6409242.875
29-05-2020 19:45,1IF53ai7Xc0U56Y,0.0,0.0,8253.0,6298211.0
04-06-2020 01:30,zVJPv84UY57bAof,0.0,0.0,0.0,7263053.0
08-06-2020 16:30,pkci93gMrogZuBj,6118.857143,599.6428571,7865.714286,7353997.714
12-06-2020 10:15,VHMLBKoKgIrUVDU,8139.285714,796.5714286,1232.428571,7416243.429
15-06-2020 02:45,McdE0feGgRqW7Ca,0.0,0.0,0.0,7389358.0
02-06-2020 00:45,ZoEaEvLYb1n2sOq,0.0,0.0,0.0,7228440.0
13-06-2020 06:45,iCRJl6heRkivqQ3,1035.0,100.5857143,35.71428571,7391394.714
31-05-2020 02:00,VHMLBKoKgIrUVDU,0.0,0.0,0.0,7328329.0
17-06-2020 08:30,McdE0feGgRqW7Ca,4138.142857,406.5428571,493.0,7403088.0
24-05-2020 08:45,WRmjgnKYAwPKWDb,4790.857143,469.9428571,843.0,7093869.0
12-06-2020 12:00,wCURE6d3bPkepu2,10644.57143,1039.842857,2640.285714,6990694.286
07-06-2020 07:45,1BY6WEcLGh8j5v7,2298.875,225.4,218.0,6418700.0
27-05-2020 14:30,rGa61gmuvPhdLxV,8244.25,806.0625,5149.0,7205018.0
18-05-2020 05:30,ih0vzX44oOqAx2f,0.0,0.0,0.0,6205201.0
04-06-2020 17:45,WRmjgnKYAwPKWDb,1718.125,168.075,7991.625,7182618.625
15-05-2020 19:15,zVJPv84UY57bAof,0.0,0.0,5965.0,7122116.0
14-06-2020 03:45,bvBOhCH3iADSZry,0.0,0.0,0.0,6517642.0
30-05-2020 02:00,z9Y9gH1T5YWrNuG,0.0,0.0,0.0,7120455.0
05-06-2020 23:00,uHbuxQJl8lW7ozc,0.0,0.0,7838.0,7202373.0
27-05-2020 08:15,sjndEbLyjtCKgGv,5889.857143,577.1428571,516.5714286,7106405.571
05-06-2020 03:30,wCURE6d3bPkepu2,0.0,0.0,0.0,6939021.0
18-05-2020 12:30,1BY6WEcLGh8j5v7,7755.428571,759.2142857,1913.857143,6280563.857
29-05-2020 22:15,ih0vzX44oOqAx2f,0.0,0.0,7951.0,6295121.0
26-05-2020 02:00,7JYdWkrLSPkdwr4,0.0,0.0,0.0,7684020.0
26-05-2020 05:00,McdE0feGgRqW7Ca,0.0,0.0,0.0,7241649.0
14-06-2020 21:15,7JYdWkrLSPkdwr4,0.0,0.0,7306.0,7828158.0
08-06-2020 08:30,1BY6WEcLGh8j5v7,4922.714286,482.8,514.8571429,6424264.857
06-06-2020 05:00,ih0vzX44oOqAx2f,0.0,0.0,0.0,6344476.0
18-05-2020 19:15,z9Y9gH1T5YWrNuG,0.0,0.0,5347.0,7033573.0
16-05-2020 14:45,bvBOhCH3iADSZry,6805.625,666.5625,5161.125,6327671.125
27-05-2020 00:15,WRmjgnKYAwPKWDb,0.0,0.0,0.0,7117880.0
24-05-2020 03:00,McdE0feGgRqW7Ca,0.0,0.0,0.0,7224636.0
11-06-2020 19:30,z9Y9gH1T5YWrNuG,0.0,0.0,5599.0,7211064.0
25-05-2020 00:15,bvBOhCH3iADSZry,0.0,0.0,0.0,6384212.0
07-06-2020 08:00,3PZuoBAID5Wc2HD,3415.5,335.6875,310.125,7159292.125
26-05-2020 09:45,zBIq5rxdHJRwDNY,9712.714286,949.8285714,1648.0,6421849.0
29-05-2020 16:45,adLQvlD726eNBSB,3618.0,355.6285714,8091.142857,6387100.143
07-06-2020 10:30,McdE0feGgRqW7Ca,9806.375,958.6,1922.125,7333082.125
25-05-2020 08:00,uHbuxQJl8lW7ozc,2992.714286,293.4571429,349.1428571,7112201.143
01-06-2020 06:00,WRmjgnKYAwPKWDb,70.75,6.8125,0.375,7153866.375
25-05-2020 22:30,zVJPv84UY57bAof,0.0,0.0,8813.0,7197609.0
15-06-2020 14:15,bvBOhCH3iADSZry,5622.0,550.6142857,4721.714286,6526321.714
15-05-2020 12:15,7JYdWkrLSPkdwr4,9782.75,955.45,2815.875,7605775.875
17-05-2020 03:45,iCRJl6heRkivqQ3,0.0,0.0,0.0,7190848.0
17-06-2020 16:45,wCURE6d3bPkepu2,1177.375,114.5125,5718.25,7028436.25
28-05-2020 12:45,WRmjgnKYAwPKWDb,11452.42857,1117.785714,5209.285714,7129747.286
17-05-2020 10:00,YxYtjZvoooNbGkE,10047.0,982.0,1794.75,7194526.75
25-05-2020 19:45,ZnxXDlPa8U1GXgE,0.0,0.0,8910.0,6604666.0
30-05-2020 11:15,z9Y9gH1T5YWrNuG,10984.25,1072.075,1874.0,7122329.0
14-06-2020 07:00,VHMLBKoKgIrUVDU,1979.875,193.8625,73.125,7429639.125
16-06-2020 04:00,3PZuoBAID5Wc2HD,0.0,0.0,0.0,7225042.0
17-06-2020 11:15,1IF53ai7Xc0U56Y,8135.428571,796.2428571,2161.142857,6429693.143
14-06-2020 07:15,1BY6WEcLGh8j5v7,2935.857143,288.2857143,123.2857143,6463786.286
26-05-2020 19:15,1BY6WEcLGh8j5v7,0.0,0.0,0.0,6343669.0
08-06-2020 18:45,zBIq5rxdHJRwDNY,0.0,0.0,8358.0,6523269.0
15-05-2020 09:00,McdE0feGgRqW7Ca,7378.428571,722.3,757.7142857,7159721.714
09-06-2020 14:45,pkci93gMrogZuBj,8811.142857,861.9142857,6500.857143,7360976.857
17-06-2020 16:30,7JYdWkrLSPkdwr4,1821.142857,178.4142857,5658.571429,7846623.571
30-05-2020 19:30,7JYdWkrLSPkdwr4,0.0,0.0,7143.0,7721978.0
18-05-2020 22:30,3PZuoBAID5Wc2HD,0.0,0.0,5435.0,7013918.0
07-06-2020 12:30,iCRJl6heRkivqQ3,13237.0,1290.6125,4304.25,7352538.25
15-06-2020 08:45,adLQvlD726eNBSB,7734.25,757.0875,965.125,6506051.125
17-05-2020 07:15,uHbuxQJl8lW7ozc,2311.75,226.6625,96.625,7051435.625
12-06-2020 13:45,WRmjgnKYAwPKWDb,9459.142857,925.1428571,3991.142857,7236977.143
21-05-2020 09:15,WRmjgnKYAwPKWDb,8818.5,862.7375,1268.625,7070993.625
03-06-2020 03:30,7JYdWkrLSPkdwr4,0.0,0.0,0.0,7740873.0
01-06-2020 07:45,uHbuxQJl8lW7ozc,4879.428571,478.4142857,359.7142857,7165712.714
02-06-2020 03:00,McdE0feGgRqW7Ca,0.0,0.0,0.0,7292752.0
20-05-2020 18:45,1BY6WEcLGh8j5v7,0.0,0.0,8249.0,6298346.0
10-06-2020 21:45,McdE0feGgRqW7Ca,0.0,0.0,6606.0,7361623.0
15-05-2020 05:15,sjndEbLyjtCKgGv,0.0,0.0,0.0,7016832.0
04-06-2020 00:00,iCRJl6heRkivqQ3,0.0,0.0,985.375,7325696.0
15-06-2020 11:30,1BY6WEcLGh8j5v7,8682.25,848.5625,3201.0,6470876.0
27-05-2020 02:15,VHMLBKoKgIrUVDU,0.0,0.0,0.0,7297615.0
21-05-2020 20:45,WRmjgnKYAwPKWDb,0.0,0.0,0.0,7077358.0
17-06-2020 17:45,sjndEbLyjtCKgGv,956.0,92.85714286,5852.0,7261646.0
29-05-2020 18:15,ih0vzX44oOqAx2f,130.2857143,12.57142857,7949.285714,6295119.286
25-05-2020 17:30,z9Y9gH1T5YWrNuG,698.0,67.61428571,8765.285714,7089403.286
27-05-2020 14:00,ZnxXDlPa8U1GXgE,4264.75,418.925,5012.5,6617661.5
19-05-2020 04:15,zBIq5rxdHJRwDNY,0.0,0.0,0.0,6365047.0
05-06-2020 01:45,uHbuxQJl8lW7ozc,0.0,0.0,0.0,7194535.0
26-05-2020 00:15,VHMLBKoKgIrUVDU,0.0,0.0,0.0,7289525.0
08-06-2020 08:30,YxYtjZvoooNbGkE,5303.0,519.9285714,532.1428571,7357499.143
26-05-2020 19:15,adLQvlD726eNBSB,0.0,0.0,0.0,6363516.0
07-06-2020 05:30,rGa61gmuvPhdLxV,0.0,0.0,0.0,7279501.0
07-06-2020 00:15,ZnxXDlPa8U1GXgE,0.0,0.0,0.0,6693054.0
28-05-2020 07:45,7JYdWkrLSPkdwr4,4356.125,427.6875,325.75,7698875.75
08-06-2020 20:45,1IF53ai7Xc0U56Y,0.0,0.0,8495.0,6371833.0
23-05-2020 02:30,7JYdWkrLSPkdwr4,0.0,0.0,0.0,7658770.0
25-05-2020 20:45,iCRJl6heRkivqQ3,0.0,0.0,8869.0,7260130.0
07-06-2020 01:00,ZnxXDlPa8U1GXgE,0.0,0.0,0.0,6693054.0
16-06-2020 23:00,iCRJl6heRkivqQ3,0.0,0.0,6305.0,7420306.0
29-05-2020 18:45,WRmjgnKYAwPKWDb,0.0,0.0,8038.0,7140899.0
26-05-2020 06:15,zBIq5rxdHJRwDNY,381.5714286,36.87142857,6.571428571,6420207.571
31-05-2020 09:30,3PZuoBAID5Wc2HD,6047.285714,592.4714286,1017.428571,7110505.429
22-05-2020 11:15,iCRJl6heRkivqQ3,7450.75,728.5375,2380.375,7229822.375
24-05-2020 15:30,iCRJl6heRkivqQ3,3637.75,357.2375,7276.875,7250496.875
10-06-2020 19:30,McdE0feGgRqW7Ca,0.0,0.0,6606.0,7361623.0
28-05-2020 05:15,1BY6WEcLGh8j5v7,0.0,0.0,0.0,6349833.0
26-05-2020 04:15,1BY6WEcLGh8j5v7,0.0,0.0,0.0,6336208.0
12-06-2020 09:30,zVJPv84UY57bAof,5363.428571,525.6857143,761.8571429,7323448.857
14-06-2020 12:00,rGa61gmuvPhdLxV,7342.142857,718.9,3394.0,7334064.0
08-06-2020 10:30,z9Y9gH1T5YWrNuG,12823.5,1250.3,2445.625,7186076.625
24-05-2020 00:30,wCURE6d3bPkepu2,0.0,0.0,0.0,6847830.0
17-06-2020 04:30,WRmjgnKYAwPKWDb,0.0,0.0,0.0,7267579.0
26-05-2020 19:30,bvBOhCH3iADSZry,0.0,0.0,0.0,6399700.0
25-05-2020 12:15,ZnxXDlPa8U1GXgE,12722.85714,1240.5,4586.714286,6600342.714
27-05-2020 20:00,pkci93gMrogZuBj,0.0,0.0,0.0,7264985.0
30-05-2020 10:30,zVJPv84UY57bAof,5309.5,520.4375,1384.75,7230071.75
27-05-2020 14:15,ih0vzX44oOqAx2f,3827.285714,376.1142857,5001.571429,6277292.571
30-05-2020 08:45,iCRJl6heRkivqQ3,3452.0,339.3714286,572.1428571,7291825.143
24-05-2020 07:45,rGa61gmuvPhdLxV,3621.0,355.7625,275.5,7175568.5
03-06-2020 00:15,ZoEaEvLYb1n2sOq,0.0,0.0,0.0,7235727.0
10-06-2020 18:15,VHMLBKoKgIrUVDU,120.0,11.575,6478.25,7409294.25
14-06-2020 03:15,ZoEaEvLYb1n2sOq,0.0,0.0,0.0,7315763.0
14-06-2020 15:45,7JYdWkrLSPkdwr4,5896.142857,577.7571429,6726.714286,7827578.714
16-05-2020 02:15,McdE0feGgRqW7Ca,0.0,0.0,0.0,7165435.0
24-05-2020 17:15,wCURE6d3bPkepu2,2769.875,271.8375,7828.25,6855658.25
15-06-2020 23:15,7JYdWkrLSPkdwr4,0.0,0.0,6641.0,7834799.0
30-05-2020 12:45,1IF53ai7Xc0U56Y,10726.42857,1047.128571,3514.714286,6301725.714
12-06-2020 04:00,wCURE6d3bPkepu2,0.0,0.0,0.0,6988054.0
29-05-2020 21:00,ih0vzX44oOqAx2f,0.0,0.0,7951.0,6295121.0
07-06-2020 13:45,ZnxXDlPa8U1GXgE,6808.142857,666.4142857,5772.714286,6698826.714
18-05-2020 14:15,iCRJl6heRkivqQ3,4984.375,488.7875,3689.0,7202056.0
19-05-2020 20:15,uHbuxQJl8lW7ozc,0.0,0.0,6997.0,7071198.0
03-06-2020 01:15,bvBOhCH3iADSZry,0.0,0.0,0.0,6445487.0
16-05-2020 20:30,VHMLBKoKgIrUVDU,0.0,0.0,6714.0,7219380.0
22-05-2020 12:15,VHMLBKoKgIrUVDU,9596.428571,938.0857143,3629.857143,7259990.857
10-06-2020 19:00,WRmjgnKYAwPKWDb,0.0,0.0,6389.0,7227367.0
11-06-2020 09:45,ZnxXDlPa8U1GXgE,4817.857143,472.3714286,821.4285714,6725031.429
04-06-2020 11:45,wCURE6d3bPkepu2,10582.25,1033.5375,3341.75,6934117.75
17-06-2020 05:30,3PZuoBAID5Wc2HD,0.0,0.0,0.0,7231373.0
05-06-2020 15:00,7JYdWkrLSPkdwr4,8903.125,870.0375,6002.0,7762623.0
28-05-2020 16:00,ZnxXDlPa8U1GXgE,2952.571429,289.6714286,7976.428571,6627352.429
25-05-2020 05:15,McdE0feGgRqW7Ca,0.0,0.0,0.0,7232691.0
14-06-2020 18:00,bvBOhCH3iADSZry,359.0,34.7,3947.875,6521589.875
31-05-2020 13:45,7JYdWkrLSPkdwr4,5999.285714,586.5714286,4456.285714,7726434.286
03-06-2020 09:30,ZnxXDlPa8U1GXgE,5997.875,587.675,1116.625,6664084.625
19-05-2020 01:15,ZoEaEvLYb1n2sOq,0.0,0.0,0.0,7123527.0
27-05-2020 19:15,ZnxXDlPa8U1GXgE,0.0,0.0,6727.0,6619376.0
31-05-2020 08:45,7JYdWkrLSPkdwr4,6641.125,650.25,544.125,7722522.125
09-06-2020 14:30,VHMLBKoKgIrUVDU,7787.875,761.55,6273.0,7400969.0
12-06-2020 00:45,3PZuoBAID5Wc2HD,0.0,0.0,0.0,7196186.0
23-05-2020 00:00,YxYtjZvoooNbGkE,0.0,0.0,0.0,7236121.0
29-05-2020 19:00,adLQvlD726eNBSB,0.0,0.0,8343.0,6387352.0
04-06-2020 11:30,zVJPv84UY57bAof,9629.25,941.05,3082.0,7266135.0
15-06-2020 23:30,bvBOhCH3iADSZry,0.0,0.0,6192.0,6527792.0
01-06-2020 01:30,ZoEaEvLYb1n2sOq,0.0,0.0,0.0,7222644.0
17-06-2020 02:00,7JYdWkrLSPkdwr4,0.0,0.0,0.0,7840965.0
06-06-2020 13:30,zVJPv84UY57bAof,8856.714286,865.5857143,4736.571429,7283826.571
29-05-2020 21:30,ZoEaEvLYb1n2sOq,0.0,0.0,0.0,7209600.0
27-05-2020 06:45,zBIq5rxdHJRwDNY,1408.428571,137.3571429,44.85714286,6427746.857
05-06-2020 18:30,z9Y9gH1T5YWrNuG,98.75,9.5375,7737.75,7170999.75
08-06-2020 19:45,adLQvlD726eNBSB,0.0,0.0,8620.0,6462004.0
24-05-2020 19:30,1IF53ai7Xc0U56Y,0.0,0.0,8273.0,6257480.0
18-05-2020 04:15,ZoEaEvLYb1n2sOq,0.0,0.0,0.0,7118208.0
02-06-2020 12:00,ih0vzX44oOqAx2f,8071.625,790.0,3385.0,6317368.0
16-05-2020 02:30,1IF53ai7Xc0U56Y,0.0,0.0,0.0,6190002.0
16-05-2020 19:00,7JYdWkrLSPkdwr4,0.0,0.0,6461.0,7615537.0
05-06-2020 03:30,7JYdWkrLSPkdwr4,0.0,0.0,0.0,7756621.0
31-05-2020 18:00,zBIq5rxdHJRwDNY,680.5,65.95,5923.0,6463224.0
13-06-2020 18:00,adLQvlD726eNBSB,593.875,57.4875,8758.75,6497480.75
21-05-2020 17:00,sjndEbLyjtCKgGv,1058.75,102.9125,7758.875,7065819.875
30-05-2020 21:30,1BY6WEcLGh8j5v7,0.0,0.0,6754.0,6372128.0
07-06-2020 20:45,sjndEbLyjtCKgGv,0.0,0.0,6898.0,7192554.0
16-05-2020 13:00,rGa61gmuvPhdLxV,7705.142857,754.1714286,3848.857143,7121714.857
26-05-2020 04:30,1BY6WEcLGh8j5v7,0.0,0.0,0.0,6336208.0
07-06-2020 05:15,z9Y9gH1T5YWrNuG,0.0,0.0,0.0,7177289.0
20-05-2020 19:15,uHbuxQJl8lW7ozc,0.0,0.0,8913.0,7080111.0
16-06-2020 01:30,rGa61gmuvPhdLxV,0.0,0.0,0.0,7344704.0
11-06-2020 11:45,bvBOhCH3iADSZry,7646.25,748.575,1904.375,6501114.375
13-06-2020 03:15,1BY6WEcLGh8j5v7,0.0,0.0,0.0,6455679.0
19-05-2020 18:00,z9Y9gH1T5YWrNuG,0.0,0.0,6892.0,7040465.0
21-05-2020 13:00,sjndEbLyjtCKgGv,11382.71429,1110.685714,4921.857143,7062982.857
27-05-2020 22:15,bvBOhCH3iADSZry,0.0,0.0,6133.0,6405833.0
16-05-2020 12:15,pkci93gMrogZuBj,7500.571429,734.2285714,3181.571429,7178658.571
09-06-2020 22:30,sjndEbLyjtCKgGv,0.0,0.0,8170.0,7209095.0
16-06-2020 07:00,iCRJl6heRkivqQ3,1440.0,140.4875,61.875,7414062.875
24-05-2020 10:30,1BY6WEcLGh8j5v7,10336.875,1009.2625,2050.125,6322453.125
27-05-2020 03:30,z9Y9gH1T5YWrNuG,0.0,0.0,0.0,7097183.0
17-05-2020 01:30,iCRJl6heRkivqQ3,0.0,0.0,0.0,7190848.0
25-05-2020 06:45,ZoEaEvLYb1n2sOq,1125.5,109.4125,36.875,7170205.875
09-06-2020 16:45,1BY6WEcLGh8j5v7,3831.857143,376.5571429,7166.857143,6438780.857
25-05-2020 09:30,1BY6WEcLGh8j5v7,9003.142857,880.7857143,1386.0,6329326.0
05-06-2020 03:45,wCURE6d3bPkepu2,0.0,0.0,0.0,6939021.0
12-06-2020 20:30,sjndEbLyjtCKgGv,0.0,0.0,5847.0,7227101.0
18-05-2020 15:15,uHbuxQJl8lW7ozc,8320.857143,814.3285714,4367.285714,7063160.286
26-05-2020 09:45,uHbuxQJl8lW7ozc,10066.125,984.2,1716.625,7122412.625
01-06-2020 03:00,1BY6WEcLGh8j5v7,0.0,0.0,0.0,6377931.0
17-06-2020 21:45,iCRJl6heRkivqQ3,0.0,0.0,5957.0,7426263.0
05-06-2020 16:00,uHbuxQJl8lW7ozc,7614.571429,745.4714286,6892.142857,7201427.143
14-06-2020 03:15,McdE0feGgRqW7Ca,0.0,0.0,0.0,7381923.0
10-06-2020 09:45,VHMLBKoKgIrUVDU,5945.375,582.5375,1475.375,7404291.375
26-05-2020 00:15,ih0vzX44oOqAx2f,0.0,0.0,0.0,6264579.0
22-05-2020 10:30,rGa61gmuvPhdLxV,4814.857143,472.3428571,1818.142857,7162217.143
15-05-2020 07:00,wCURE6d3bPkepu2,1873.375,183.625,79.0,6782677.0
23-05-2020 09:30,bvBOhCH3iADSZry,7603.0,744.2625,1360.125,6370268.125
18-05-2020 00:30,McdE0feGgRqW7Ca,0.0,0.0,0.0,7179627.0
15-06-2020 15:15,VHMLBKoKgIrUVDU,6167.375,604.1875,5942.375,7442997.375
04-06-2020 07:00,1BY6WEcLGh8j5v7,1787.0,175.0375,75.375,6397884.375
31-05-2020 04:15,uHbuxQJl8lW7ozc,0.0,0.0,0.0,7159272.0
01-06-2020 08:45,YxYtjZvoooNbGkE,6500.625,636.7625,919.125,7306658.125
28-05-2020 21:30,1IF53ai7Xc0U56Y,0.0,0.0,8496.0,6289958.0
01-06-2020 14:45,YxYtjZvoooNbGkE,2966.125,291.25,5261.5,7311000.5
22-05-2020 05:15,VHMLBKoKgIrUVDU,0.0,0.0,0.0,7256361.0
18-05-2020 00:00,z9Y9gH1T5YWrNuG,0.0,0.0,1871.5,7028226.0
20-05-2020 22:15,VHMLBKoKgIrUVDU,0.0,0.0,8982.0,7248524.0
14-06-2020 09:15,ZnxXDlPa8U1GXgE,8328.428571,815.0285714,1035.857143,6745378.857
16-06-2020 11:30,bvBOhCH3iADSZry,5547.142857,543.6571429,2802.0,6530594.0
27-05-2020 01:00,zBIq5rxdHJRwDNY,0.0,0.0,0.0,6427702.0
28-05-2020 02:00,iCRJl6heRkivqQ3,0.0,0.0,0.0,7274692.0
05-06-2020 09:45,iCRJl6heRkivqQ3,5658.75,554.575,1504.5,7335504.5
17-05-2020 23:00,iCRJl6heRkivqQ3,0.0,0.0,7519.0,7198367.0
14-06-2020 10:30,ZnxXDlPa8U1GXgE,10757.0,1050.6125,2066.375,6746409.375
17-05-2020 02:15,ZoEaEvLYb1n2sOq,0.0,0.0,0.0,7110744.0
22-05-2020 04:30,3PZuoBAID5Wc2HD,0.0,0.0,0.0,7037301.0
06-06-2020 18:45,1IF53ai7Xc0U56Y,0.0,0.0,6542.0,6355099.0
04-06-2020 08:30,ZoEaEvLYb1n2sOq,5636.625,552.425,632.0,7244133.0
23-05-2020 23:00,bvBOhCH3iADSZry,0.0,0.0,7864.0,6376772.0
05-06-2020 23:30,1IF53ai7Xc0U56Y,0.0,0.0,0.0,6348557.0
25-05-2020 02:45,1BY6WEcLGh8j5v7,0.0,0.0,0.0,6327940.0
18-05-2020 20:45,7JYdWkrLSPkdwr4,0.0,0.0,5309.0,7628372.0
25-05-2020 11:45,z9Y9gH1T5YWrNuG,12581.42857,1226.685714,3925.714286,7084563.714
13-06-2020 06:45,zVJPv84UY57bAof,1030.285714,100.1285714,34.85714286,7328584.857
24-05-2020 07:45,ZoEaEvLYb1n2sOq,3901.0,383.3,277.625,7162461.625
17-05-2020 06:15,pkci93gMrogZuBj,104.75,10.1,0.875,7181650.875
04-06-2020 14:45,bvBOhCH3iADSZry,9663.571429,944.6571429,5657.571429,6458381.571
13-06-2020 18:00,zVJPv84UY57bAof,596.0,57.7,8394.375,7336944.375
18-05-2020 15:15,1IF53ai7Xc0U56Y,7895.285714,772.8285714,4420.571429,6208773.571
05-06-2020 05:00,McdE0feGgRqW7Ca,0.0,0.0,0.0,7316761.0
18-05-2020 07:30,WRmjgnKYAwPKWDb,3453.5,339.25,209.875,7049313.875
23-05-2020 23:00,rGa61gmuvPhdLxV,0.0,0.0,8152.0,7175293.0
02-06-2020 11:30,ZoEaEvLYb1n2sOq,6302.625,617.4625,2993.0,7231433.0
08-06-2020 04:00,McdE0feGgRqW7Ca,0.0,0.0,0.0,7338202.0
05-06-2020 02:00,3PZuoBAID5Wc2HD,0.0,0.0,0.0,7144703.0
09-06-2020 13:15,bvBOhCH3iADSZry,9777.0,955.0375,4783.75,6490769.75
11-06-2020 04:45,zVJPv84UY57bAof,0.0,0.0,0.0,7317016.0
01-06-2020 12:00,pkci93gMrogZuBj,5957.285714,583.6142857,3349.571429,7298140.571
19-05-2020 01:45,bvBOhCH3iADSZry,0.0,0.0,0.0,6340538.0
17-06-2020 17:30,uHbuxQJl8lW7ozc,1365.6,132.94,5895.4,7286930.4
23-05-2020 02:15,z9Y9gH1T5YWrNuG,0.0,0.0,0.0,7064219.0
28-05-2020 17:30,iCRJl6heRkivqQ3,1138.428571,110.7714286,8297.428571,7282989.429
14-06-2020 00:00,rGa61gmuvPhdLxV,0.0,0.0,0.0,7330670.0
05-06-2020 06:00,uHbuxQJl8lW7ozc,0.0,0.0,0.0,7194535.0
04-06-2020 07:30,sjndEbLyjtCKgGv,2572.5,252.5875,194.25,7163487.25
08-06-2020 12:00,zVJPv84UY57bAof,10506.75,1027.0625,4048.0,7297838.0
18-05-2020 20:45,wCURE6d3bPkepu2,0.0,0.0,5393.0,6808393.0
01-06-2020 23:30,3PZuoBAID5Wc2HD,0.0,0.0,5965.0,7121269.0
03-06-2020 19:15,ZnxXDlPa8U1GXgE,0.0,0.0,7916.0,6670884.0
11-06-2020 16:45,7JYdWkrLSPkdwr4,3135.571429,307.9571429,5348.0,7806439.0
08-06-2020 10:45,bvBOhCH3iADSZry,11424.875,1114.7375,2518.375,6480811.375
20-05-2020 18:30,3PZuoBAID5Wc2HD,34.57142857,3.342857143,8982.0,7029494.0
25-05-2020 08:15,3PZuoBAID5Wc2HD,6372.875,624.325,511.625,7062079.625
30-05-2020 11:30,adLQvlD726eNBSB,8445.875,826.1125,2174.5,6389526.5
13-06-2020 23:15,uHbuxQJl8lW7ozc,0.0,0.0,8437.0,7260531.0
06-06-2020 01:00,zVJPv84UY57bAof,0.0,0.0,0.0,7279090.0
01-06-2020 13:15,zVJPv84UY57bAof,8242.625,806.1875,4427.875,7246451.875
06-06-2020 12:00,iCRJl6heRkivqQ3,8154.142857,796.7,3405.0,7345208.0
10-06-2020 02:00,z9Y9gH1T5YWrNuG,0.0,0.0,0.0,7199053.0
10-06-2020 12:45,McdE0feGgRqW7Ca,11326.375,1105.4,3942.125,7358959.125
17-06-2020 10:00,pkci93gMrogZuBj,6267.714286,614.0714286,1265.714286,7410743.714
03-06-2020 12:45,ZoEaEvLYb1n2sOq,12556.57143,1224.8,4000.428571,7239727.429
19-05-2020 06:30,McdE0feGgRqW7Ca,176.2857143,17.02857143,4.714285714,7185095.714
12-06-2020 07:30,1IF53ai7Xc0U56Y,959.0,93.15714286,91.28571429,6392415.286
24-05-2020 13:15,ih0vzX44oOqAx2f,11763.875,1147.2625,5116.0,6254054.0
24-05-2020 09:45,WRmjgnKYAwPKWDb,6263.142857,613.1714286,1615.142857,7094641.143
12-06-2020 20:30,bvBOhCH3iADSZry,0.0,0.0,5372.0,6509779.0
09-06-2020 06:30,ZnxXDlPa8U1GXgE,866.2857143,84.08571429,25.57142857,6709723.571
05-06-2020 04:45,rGa61gmuvPhdLxV,0.0,0.0,0.0,7265349.0
15-05-2020 04:30,3PZuoBAID5Wc2HD,0.0,0.0,0.0,6987759.0
10-06-2020 00:15,1IF53ai7Xc0U56Y,0.0,0.0,0.0,6380022.0
03-06-2020 05:45,zBIq5rxdHJRwDNY,0.0,0.0,0.0,6476454.0
12-06-2020 04:30,ih0vzX44oOqAx2f,0.0,0.0,0.0,6386553.0
24-05-2020 05:30,z9Y9gH1T5YWrNuG,0.0,0.0,0.0,7072762.0
06-06-2020 05:30,YxYtjZvoooNbGkE,0.0,0.0,0.0,7342489.0
17-06-2020 17:45,zBIq5rxdHJRwDNY,929.8571429,90.3,5782.0,6583334.0
15-05-2020 17:15,ZoEaEvLYb1n2sOq,2326.571429,228.1571429,6186.142857,7104285.143
12-06-2020 04:15,adLQvlD726eNBSB,0.0,0.0,0.0,6482734.0
13-06-2020 19:00,uHbuxQJl8lW7ozc,0.0,0.0,8437.0,7260531.0
21-05-2020 11:00,zVJPv84UY57bAof,10261.875,1001.625,2732.375,7159911.375
10-06-2020 10:30,pkci93gMrogZuBj,7469.428571,730.8142857,1822.857143,7364538.857
06-06-2020 11:15,WRmjgnKYAwPKWDb,12497.375,1219.1875,2948.375,7193218.375
29-05-2020 07:45,pkci93gMrogZuBj,2710.714286,265.8714286,252.0,7273510.0
02-06-2020 01:00,bvBOhCH3iADSZry,0.0,0.0,0.0,6438645.0
17-06-2020 02:15,wCURE6d3bPkepu2,0.0,0.0,0.0,7022718.0
13-06-2020 08:30,7JYdWkrLSPkdwr4,6985.428571,684.1142857,724.7142857,7813141.714
23-05-2020 19:45,zBIq5rxdHJRwDNY,0.0,0.0,8674.0,6404481.0
15-06-2020 13:15,ZnxXDlPa8U1GXgE,5664.0,555.2,4741.428571,6756488.429
17-06-2020 05:30,iCRJl6heRkivqQ3,0.0,0.0,0.0,7420306.0
06-06-2020 03:15,1BY6WEcLGh8j5v7,0.0,0.0,0.0,6412542.0
22-05-2020 14:30,3PZuoBAID5Wc2HD,11067.625,1081.1375,5956.75,7043257.75
21-05-2020 08:45,WRmjgnKYAwPKWDb,7768.0,760.45,862.5,7070587.5
04-06-2020 04:15,iCRJl6heRkivqQ3,0.0,0.0,0.0,7325696.0
28-05-2020 21:15,pkci93gMrogZuBj,0.0,0.0,8273.0,7273258.0
11-06-2020 19:30,pkci93gMrogZuBj,0.0,0.0,5662.0,7374956.0
01-06-2020 06:30,pkci93gMrogZuBj,956.625,92.925,22.875,7294813.875
11-06-2020 16:00,1BY6WEcLGh8j5v7,4401.625,432.1375,4775.125,6449756.125
18-05-2020 22:15,VHMLBKoKgIrUVDU,0.0,0.0,5457.0,7232554.0
11-06-2020 09:30,1IF53ai7Xc0U56Y,4531.625,444.775,714.25,6387334.25
18-05-2020 00:30,uHbuxQJl8lW7ozc,0.0,0.0,0.0,7058793.0
27-05-2020 05:30,1BY6WEcLGh8j5v7,0.0,0.0,0.0,6343669.0
01-06-2020 17:30,YxYtjZvoooNbGkE,699.75,67.8375,5731.5,7311470.5
06-06-2020 06:15,rGa61gmuvPhdLxV,403.2857143,39.0,7.142857143,7273097.143
10-06-2020 02:30,bvBOhCH3iADSZry,0.0,0.0,0.0,6493347.0
09-06-2020 19:15,rGa61gmuvPhdLxV,0.0,0.0,8240.0,7304204.0
14-06-2020 18:00,ZnxXDlPa8U1GXgE,395.875,38.25,7391.125,6751734.125
19-05-2020 06:15,1IF53ai7Xc0U56Y,88.625,8.55,1.375,6209807.375
03-06-2020 08:15,zBIq5rxdHJRwDNY,4498.285714,441.5857143,446.8571429,6476900.857
15-05-2020 17:15,1BY6WEcLGh8j5v7,2011.375,197.1875,5687.75,6265246.75
28-05-2020 00:30,z9Y9gH1T5YWrNuG,0.0,0.0,0.0,7103885.0
30-05-2020 10:30,3PZuoBAID5Wc2HD,5267.875,516.375,1428.75,7103617.75
30-05-2020 04:30,zVJPv84UY57bAof,0.0,0.0,0.0,7228687.0
31-05-2020 05:30,uHbuxQJl8lW7ozc,0.0,0.0,0.0,7159272.0
18-05-2020 14:45,zBIq5rxdHJRwDNY,6424.125,629.3,3974.5,6363631.5
06-06-2020 12:15,iCRJl6heRkivqQ3,9155.125,894.025,3667.875,7345470.875
24-05-2020 01:45,adLQvlD726eNBSB,0.0,0.0,0.0,6337734.0
17-05-2020 16:00,McdE0feGgRqW7Ca,6147.375,602.15,7073.875,7179094.875
16-06-2020 12:45,z9Y9gH1T5YWrNuG,7327.714286,716.8428571,3761.714286,7242945.714
12-06-2020 14:15,ZoEaEvLYb1n2sOq,7179.857143,703.1,4377.571429,7306009.571
23-05-2020 00:00,zVJPv84UY57bAof,0.0,0.0,0.0,7172294.0
01-06-2020 19:00,zVJPv84UY57bAof,0.0,0.0,5742.0,7247766.0
16-06-2020 15:30,YxYtjZvoooNbGkE,6479.0,634.6857143,5510.571429,7418845.571
09-06-2020 15:45,ih0vzX44oOqAx2f,7416.125,726.125,6980.375,6373889.375
29-05-2020 15:00,McdE0feGgRqW7Ca,7786.428571,762.2,6908.714286,7271864.714
05-06-2020 02:15,1BY6WEcLGh8j5v7,0.0,0.0,0.0,6405380.0
19-05-2020 02:45,ZoEaEvLYb1n2sOq,0.0,0.0,0.0,7123527.0
23-05-2020 15:15,1BY6WEcLGh8j5v7,8059.428571,788.7714286,6740.285714,6319177.286
13-06-2020 13:45,adLQvlD726eNBSB,8089.571429,791.6428571,6226.0,6494948.0
14-06-2020 03:45,ZnxXDlPa8U1GXgE,0.0,0.0,0.0,6744343.0
17-05-2020 08:30,ZnxXDlPa8U1GXgE,5675.625,556.3,631.75,6535783.75
28-05-2020 15:15,WRmjgnKYAwPKWDb,8365.25,818.5875,7340.5,7131878.5
01-06-2020 12:15,ih0vzX44oOqAx2f,6182.428571,605.7,3779.142857,6312011.143
13-06-2020 22:45,YxYtjZvoooNbGkE,0.0,0.0,8380.0,7399439.0
31-05-2020 05:45,ZnxXDlPa8U1GXgE,0.0,0.0,0.0,6643383.0
06-06-2020 19:30,ih0vzX44oOqAx2f,0.0,0.0,6197.0,6350673.0
12-06-2020 07:45,ih0vzX44oOqAx2f,1306.875,127.2875,115.125,6386668.125
10-06-2020 06:15,3PZuoBAID5Wc2HD,466.7142857,45.14285714,7.0,7183926.0
19-05-2020 06:15,WRmjgnKYAwPKWDb,83.75,8.1125,0.625,7054452.625
22-05-2020 10:00,sjndEbLyjtCKgGv,6914.285714,677.0,1446.0,7067332.0
03-06-2020 14:15,ih0vzX44oOqAx2f,9337.125,913.225,5541.75,6326852.75
20-05-2020 18:15,sjndEbLyjtCKgGv,356.1428571,34.41428571,8772.285714,7058056.286
08-06-2020 08:45,pkci93gMrogZuBj,7168.375,701.925,690.625,7346822.625
19-05-2020 17:45,ZoEaEvLYb1n2sOq,533.1428571,51.65714286,6800.857143,7130327.857
09-06-2020 18:45,1IF53ai7Xc0U56Y,0.0,0.0,8189.0,6380022.0
26-05-2020 04:15,WRmjgnKYAwPKWDb,0.0,0.0,0.0,7109996.0
31-05-2020 06:00,pkci93gMrogZuBj,95.0,9.171428571,0.714285714,7288876.714
29-05-2020 13:00,1BY6WEcLGh8j5v7,11814.85714,1151.957143,4612.857143,6362422.857
07-06-2020 01:00,uHbuxQJl8lW7ozc,0.0,0.0,0.0,7208855.0
09-06-2020 16:00,1IF53ai7Xc0U56Y,6358.875,622.975,7492.375,6379325.375
01-06-2020 02:15,ZoEaEvLYb1n2sOq,0.0,0.0,0.0,7222644.0
22-05-2020 11:30,McdE0feGgRqW7Ca,12551.14286,1224.528571,2361.142857,7211416.143
23-05-2020 19:15,7JYdWkrLSPkdwr4,0.0,0.0,8450.0,7667220.0
11-06-2020 22:30,1IF53ai7Xc0U56Y,0.0,0.0,5704.0,6392324.0
15-05-2020 03:15,bvBOhCH3iADSZry,0.0,0.0,0.0,6316803.0
13-06-2020 06:15,WRmjgnKYAwPKWDb,373.125,36.075,7.0,7238787.0
10-06-2020 03:00,3PZuoBAID5Wc2HD,0.0,0.0,0.0,7183919.0
21-05-2020 13:30,7JYdWkrLSPkdwr4,12160.14286,1186.385714,5395.714286,7649375.714
19-05-2020 20:45,WRmjgnKYAwPKWDb,0.0,0.0,0.0,7060932.0
10-06-2020 06:15,McdE0feGgRqW7Ca,424.4285714,41.04285714,7.142857143,7355024.143
04-06-2020 14:15,ZnxXDlPa8U1GXgE,7270.571429,711.2,5787.428571,6676671.429
16-06-2020 14:00,pkci93gMrogZuBj,6873.285714,672.7857143,4605.142857,7407822.143
21-05-2020 20:15,pkci93gMrogZuBj,0.0,0.0,7778.0,7217976.0
24-05-2020 12:15,rGa61gmuvPhdLxV,12678.0,1236.085714,3885.571429,7179178.571
28-05-2020 19:15,iCRJl6heRkivqQ3,0.0,0.0,8345.0,7283037.0
04-06-2020 00:00,1IF53ai7Xc0U56Y,0.0,0.0,0.0,6332659.0
07-06-2020 15:30,adLQvlD726eNBSB,8112.857143,793.9571429,7288.571429,6452319.571
24-05-2020 12:30,ih0vzX44oOqAx2f,11513.71429,1123.357143,4253.285714,6253191.286
25-05-2020 11:30,ZnxXDlPa8U1GXgE,12444.75,1213.3625,3651.625,6599407.625
03-06-2020 15:45,McdE0feGgRqW7Ca,6829.375,668.8,7203.125,7307562.125
31-05-2020 22:45,VHMLBKoKgIrUVDU,0.0,0.0,6076.0,7334405.0
25-05-2020 06:30,McdE0feGgRqW7Ca,711.2857143,68.9,16.42857143,7232707.429
19-05-2020 14:00,adLQvlD726eNBSB,8748.571429,855.9142857,4924.142857,6302740.143
27-05-2020 00:30,zBIq5rxdHJRwDNY,0.0,0.0,0.0,6427702.0
01-06-2020 01:30,uHbuxQJl8lW7ozc,0.0,0.0,0.0,7165353.0
04-06-2020 03:45,adLQvlD726eNBSB,0.0,0.0,0.0,6422267.0
01-06-2020 10:30,iCRJl6heRkivqQ3,11584.28571,1130.3,2234.857143,7306801.857
13-06-2020 01:15,7JYdWkrLSPkdwr4,0.0,0.0,0.0,7812417.0
16-05-2020 03:30,uHbuxQJl8lW7ozc,0.0,0.0,0.0,7045068.0
15-05-2020 02:00,ih0vzX44oOqAx2f,0.0,0.0,0.0,6185184.0
31-05-2020 09:15,wCURE6d3bPkepu2,5651.714286,553.8714286,938.7142857,6904096.714
01-06-2020 22:15,ZnxXDlPa8U1GXgE,0.0,0.0,5918.0,6655443.0
28-05-2020 03:45,1BY6WEcLGh8j5v7,0.0,0.0,0.0,6349833.0
15-05-2020 12:00,iCRJl6heRkivqQ3,7039.285714,689.1714286,2838.571429,7180830.571
15-06-2020 06:15,7JYdWkrLSPkdwr4,466.25,45.0875,6.375,7828164.375
20-05-2020 08:15,zVJPv84UY57bAof,5855.625,573.7875,533.75,7148870.75
03-06-2020 23:00,VHMLBKoKgIrUVDU,0.0,0.0,7917.0,7355661.0
30-05-2020 03:45,VHMLBKoKgIrUVDU,0.0,0.0,0.0,7321059.0
15-05-2020 09:45,ih0vzX44oOqAx2f,7024.5,687.85,1126.166667,6186305.571
09-06-2020 20:30,YxYtjZvoooNbGkE,0.0,0.0,7958.0,7373268.0
23-05-2020 11:15,VHMLBKoKgIrUVDU,12569.125,1226.0875,3100.875,7266821.875
01-06-2020 18:30,rGa61gmuvPhdLxV,24.375,2.35,5636.75,7241968.75
22-05-2020 05:15,z9Y9gH1T5YWrNuG,0.0,0.0,0.0,7057147.0
01-06-2020 05:30,McdE0feGgRqW7Ca,0.0,0.0,0.0,7286760.0
31-05-2020 03:30,wCURE6d3bPkepu2,0.0,0.0,0.0,6903158.0
15-05-2020 22:45,ih0vzX44oOqAx2f,0.0,0.0,0.0,6191360.0
13-06-2020 06:45,bvBOhCH3iADSZry,1017.285714,98.84285714,34.28571429,6509813.286
26-05-2020 05:45,rGa61gmuvPhdLxV,0.0,0.0,0.0,7192102.0
15-06-2020 18:45,WRmjgnKYAwPKWDb,0.0,0.0,6731.0,7261315.0
15-06-2020 00:00,ih0vzX44oOqAx2f,0.0,0.0,895.625,6407683.0
16-06-2020 06:30,ih0vzX44oOqAx2f,683.875,66.275,11.375,6414258.375
13-06-2020 04:45,VHMLBKoKgIrUVDU,0.0,0.0,0.0,7420914.0
25-05-2020 03:15,iCRJl6heRkivqQ3,0.0,0.0,0.0,7251261.0
01-06-2020 17:15,3PZuoBAID5Wc2HD,986.75,95.8875,5900.625,7121204.625
06-06-2020 08:00,ih0vzX44oOqAx2f,5079.142857,497.9571429,478.4285714,6344954.429
04-06-2020 07:15,ZnxXDlPa8U1GXgE,2526.75,247.8875,132.5,6671016.5
21-05-2020 15:45,ZnxXDlPa8U1GXgE,5643.5,553.125,7321.25,6571366.25
17-05-2020 15:30,ih0vzX44oOqAx2f,7843.125,767.5375,6596.875,6204406.875
10-06-2020 21:15,pkci93gMrogZuBj,0.0,0.0,6578.0,7369294.0
22-05-2020 14:45,ZnxXDlPa8U1GXgE,10636.5,1039.675,6169.375,6578033.375
02-06-2020 03:00,zBIq5rxdHJRwDNY,0.0,0.0,0.0,6469033.0
25-05-2020 23:45,rGa61gmuvPhdLxV,0.0,0.0,8807.0,7192102.0
15-06-2020 12:45,adLQvlD726eNBSB,6678.285714,654.1,4451.714286,6509537.714
28-05-2020 03:15,iCRJl6heRkivqQ3,0.0,0.0,0.0,7274692.0
03-06-2020 03:45,zBIq5rxdHJRwDNY,0.0,0.0,0.0,6476454.0
12-06-2020 06:00,YxYtjZvoooNbGkE,0.0,0.0,0.0,7385279.0
15-05-2020 21:30,rGa61gmuvPhdLxV,0.0,0.0,6373.0,7117866.0
03-06-2020 01:15,uHbuxQJl8lW7ozc,0.0,0.0,0.0,7178405.0
26-05-2020 16:00,1BY6WEcLGh8j5v7,4117.428571,403.8714286,6856.285714,6343064.286
05-06-2020 01:15,McdE0feGgRqW7Ca,0.0,0.0,0.0,7316761.0
23-05-2020 07:30,sjndEbLyjtCKgGv,3197.625,314.3,145.5,7073107.5
04-06-2020 14:00,rGa61gmuvPhdLxV,9387.714286,916.8857143,5637.714286,7262774.714
11-06-2020 17:15,zVJPv84UY57bAof,1911.714286,187.3857143,5563.857143,7322579.857
10-06-2020 11:30,iCRJl6heRkivqQ3,9208.125,899.6375,2515.625,7375735.625
30-05-2020 04:15,3PZuoBAID5Wc2HD,0.0,0.0,0.0,7102189.0
15-05-2020 07:45,adLQvlD726eNBSB,2176.857143,213.4285714,237.7142857,6271592.714
19-05-2020 07:15,wCURE6d3bPkepu2,2659.75,260.875,114.5,6808507.5
17-06-2020 13:30,sjndEbLyjtCKgGv,9694.375,947.8125,4245.0,7260039.0
10-06-2020 05:15,sjndEbLyjtCKgGv,0.0,0.0,0.0,7209095.0
15-05-2020 17:45,rGa61gmuvPhdLxV,520.75,50.375,6356.125,7117849.125
06-06-2020 09:30,ZnxXDlPa8U1GXgE,8359.125,817.85,1336.375,6688035.375
15-06-2020 09:15,7JYdWkrLSPkdwr4,9254.285714,904.9142857,1316.714286,7829474.714
27-05-2020 16:45,z9Y9gH1T5YWrNuG,2881.571429,282.7571429,6517.571429,7103700.571
27-05-2020 01:30,adLQvlD726eNBSB,0.0,0.0,0.0,6363516.0
31-05-2020 20:30,pkci93gMrogZuBj,0.0,0.0,5915.0,7294791.0
14-06-2020 09:45,1IF53ai7Xc0U56Y,8314.142857,813.6571429,1487.142857,6408368.143
08-06-2020 14:30,VHMLBKoKgIrUVDU,11387.0,1111.942857,6561.857143,7392769.857
31-05-2020 18:00,VHMLBKoKgIrUVDU,682.2857143,66.11428571,6061.428571,7334390.429
15-05-2020 05:30,1IF53ai7Xc0U56Y,0.0,0.0,0.0,6183645.0
12-06-2020 18:00,zVJPv84UY57bAof,821.5714286,79.71428571,5843.0,7328530.0
17-06-2020 19:15,7JYdWkrLSPkdwr4,0.0,0.0,5856.0,7846821.0
16-05-2020 11:00,uHbuxQJl8lW7ozc,7768.5,760.3625,2236.375,7047304.375
09-06-2020 04:30,7JYdWkrLSPkdwr4,0.0,0.0,0.0,7786793.0
09-06-2020 22:00,uHbuxQJl8lW7ozc,0.0,0.0,8309.0,7233863.0
21-05-2020 17:00,3PZuoBAID5Wc2HD,1082.875,105.2625,7743.875,7037237.875
18-05-2020 15:15,zVJPv84UY57bAof,8128.875,795.6,4352.125,7140367.125
07-06-2020 22:45,zVJPv84UY57bAof,0.0,0.0,8260.0,7293790.0
22-05-2020 02:45,YxYtjZvoooNbGkE,0.0,0.0,0.0,7229034.0
10-06-2020 17:30,VHMLBKoKgIrUVDU,1491.8,145.64,6413.8,7409229.8
15-05-2020 07:30,McdE0feGgRqW7Ca,2023.375,198.3625,181.125,7159145.125
16-06-2020 01:30,1BY6WEcLGh8j5v7,0.0,0.0,0.0,6473950.0
03-06-2020 08:45,pkci93gMrogZuBj,5139.142857,503.8142857,668.0,7308318.0
09-06-2020 09:00,uHbuxQJl8lW7ozc,8435.857143,825.5,1065.142857,7226619.143
22-05-2020 04:00,adLQvlD726eNBSB,0.0,0.0,0.0,6321573.0
31-05-2020 03:30,sjndEbLyjtCKgGv,0.0,0.0,0.0,7136255.0
15-06-2020 02:45,1BY6WEcLGh8j5v7,0.0,0.0,0.0,6467675.0
16-05-2020 19:00,ih0vzX44oOqAx2f,0.0,0.0,6450.0,6197810.0
07-06-2020 20:00,zVJPv84UY57bAof,0.0,0.0,8260.0,7293790.0
03-06-2020 17:00,7JYdWkrLSPkdwr4,5166.571429,506.5714286,7528.142857,7748401.143
06-06-2020 09:15,pkci93gMrogZuBj,5075.875,497.7,1123.0,7332610.0
08-06-2020 15:45,pkci93gMrogZuBj,6767.875,662.4125,7545.125,7353677.125
01-06-2020 07:30,uHbuxQJl8lW7ozc,4151.375,407.8375,249.25,7165602.25
08-06-2020 01:45,uHbuxQJl8lW7ozc,0.0,0.0,0.0,7217149.0
26-05-2020 07:45,z9Y9gH1T5YWrNuG,4141.75,406.875,295.0,7089735.0
24-05-2020 08:15,z9Y9gH1T5YWrNuG,5394.625,528.7125,509.375,7073271.375
23-05-2020 16:15,z9Y9gH1T5YWrNuG,5630.428571,551.9,7944.0,7072163.0
14-06-2020 06:15,rGa61gmuvPhdLxV,322.75,31.2,4.125,7330674.125
23-05-2020 12:45,3PZuoBAID5Wc2HD,9289.714286,908.6714286,5023.142857,7049639.143
15-06-2020 17:30,ih0vzX44oOqAx2f,1410.142857,137.3714286,6496.571429,6414179.571
20-05-2020 02:00,bvBOhCH3iADSZry,0.0,0.0,0.0,6346907.0
31-05-2020 00:15,zVJPv84UY57bAof,0.0,0.0,0.0,7235977.0
14-06-2020 21:45,sjndEbLyjtCKgGv,0.0,0.0,7307.0,7242811.0
12-06-2020 18:00,uHbuxQJl8lW7ozc,835.2857143,81.05714286,5868.0,7252074.0
08-06-2020 02:45,adLQvlD726eNBSB,0.0,0.0,0.0,6453384.0
15-05-2020 12:15,adLQvlD726eNBSB,9022.75,881.9375,2949.0,6274304.0
16-06-2020 01:45,ih0vzX44oOqAx2f,0.0,0.0,0.0,6414247.0
30-05-2020 19:15,wCURE6d3bPkepu2,0.0,0.0,7278.0,6903158.0
28-05-2020 19:45,ZnxXDlPa8U1GXgE,0.0,0.0,8540.0,6627916.0
21-05-2020 13:15,YxYtjZvoooNbGkE,13008.42857,1268.457143,5096.714286,7226390.714
14-06-2020 10:00,zBIq5rxdHJRwDNY,8587.0,840.2125,1636.0,6559458.0
11-06-2020 10:00,ZoEaEvLYb1n2sOq,5094.375,499.4125,921.375,7296992.375
12-06-2020 08:45,zBIq5rxdHJRwDNY,4172.875,409.8375,373.0,6543923.0
16-05-2020 09:30,ih0vzX44oOqAx2f,5785.571429,566.9857143,1151.857143,6192511.857
29-05-2020 22:45,WRmjgnKYAwPKWDb,0.0,0.0,8038.0,7140899.0
19-05-2020 18:00,bvBOhCH3iADSZry,0.0,0.0,6369.0,6346907.0
20-05-2020 12:15,zBIq5rxdHJRwDNY,12880.85714,1255.885714,4490.428571,6376461.429
15-05-2020 15:00,z9Y9gH1T5YWrNuG,9010.5,881.425,5246.375,7013112.375
23-05-2020 14:45,1IF53ai7Xc0U56Y,7205.625,705.6,7038.75,6247572.75
14-06-2020 07:00,iCRJl6heRkivqQ3,2030.714286,199.0714286,72.14285714,7399927.143
11-06-2020 15:15,zBIq5rxdHJRwDNY,6548.571429,641.5428571,4643.285714,6542546.286
07-06-2020 05:15,bvBOhCH3iADSZry,0.0,0.0,0.0,6473124.0
06-06-2020 13:00,WRmjgnKYAwPKWDb,12645.42857,1233.385714,4388.571429,7194658.571
05-06-2020 13:45,zVJPv84UY57bAof,12596.42857,1228.6,4925.571429,7276198.571
23-05-2020 04:15,WRmjgnKYAwPKWDb,0.0,0.0,0.0,7084595.0
25-05-2020 21:30,ih0vzX44oOqAx2f,0.0,0.0,8085.0,6264579.0
10-06-2020 14:30,wCURE6d3bPkepu2,5905.0,578.2428571,5413.714286,6981393.714
17-06-2020 03:15,WRmjgnKYAwPKWDb,0.0,0.0,0.0,7267579.0
25-05-2020 06:45,adLQvlD726eNBSB,1350.0,131.5142857,44.85714286,6346175.857
21-05-2020 21:30,pkci93gMrogZuBj,0.0,0.0,7778.0,7217976.0
27-05-2020 04:15,7JYdWkrLSPkdwr4,0.0,0.0,0.0,7691912.0
18-05-2020 21:45,ZnxXDlPa8U1GXgE,0.0,0.0,5424.0,6548162.0
18-05-2020 07:00,McdE0feGgRqW7Ca,1737.714286,170.1142857,78.42857143,7179705.429
14-06-2020 00:00,wCURE6d3bPkepu2,0.0,0.0,0.0,7002369.0
09-06-2020 23:45,1BY6WEcLGh8j5v7,0.0,0.0,7456.0,6439070.0
05-06-2020 12:15,3PZuoBAID5Wc2HD,4041.125,396.9375,3844.875,7148547.875
02-06-2020 15:15,3PZuoBAID5Wc2HD,5348.285714,524.2571429,6381.285714,7127650.286
18-05-2020 08:45,ZnxXDlPa8U1GXgE,1962.625,192.3875,427.125,6543165.125
01-06-2020 00:45,zBIq5rxdHJRwDNY,0.0,0.0,0.0,6463239.0
24-05-2020 21:30,wCURE6d3bPkepu2,0.0,0.0,7961.0,6855791.0
09-06-2020 18:45,1BY6WEcLGh8j5v7,0.0,0.0,7456.0,6439070.0
04-06-2020 15:00,7JYdWkrLSPkdwr4,11183.5,1091.95,6379.75,7755001.75
25-05-2020 07:30,1BY6WEcLGh8j5v7,2375.857143,232.9714286,178.8571429,6328118.857
27-05-2020 11:15,adLQvlD726eNBSB,12114.0,1181.557143,2848.571429,6366364.571
30-05-2020 22:30,VHMLBKoKgIrUVDU,0.0,0.0,7270.0,7328329.0
30-05-2020 17:45,7JYdWkrLSPkdwr4,994.375,96.625,7108.375,7721943.375
29-05-2020 21:45,uHbuxQJl8lW7ozc,0.0,0.0,0.0,7151932.0
15-06-2020 09:30,VHMLBKoKgIrUVDU,8977.0,877.775,1569.625,7438624.625
30-05-2020 21:15,pkci93gMrogZuBj,0.0,0.0,7341.0,7288876.0
25-05-2020 15:15,adLQvlD726eNBSB,9078.428571,888.1142857,8157.857143,6354288.857
01-06-2020 01:30,zVJPv84UY57bAof,0.0,0.0,0.0,7242024.0
19-05-2020 09:00,VHMLBKoKgIrUVDU,6319.714286,619.0857143,683.0,7233237.0
23-05-2020 00:30,7JYdWkrLSPkdwr4,0.0,0.0,0.0,7658770.0
28-05-2020 07:45,YxYtjZvoooNbGkE,4170.714286,409.7,301.5714286,7276330.571
30-05-2020 03:00,1IF53ai7Xc0U56Y,0.0,0.0,0.0,6298211.0
12-06-2020 20:00,adLQvlD726eNBSB,0.0,0.0,5988.0,6488722.0
29-05-2020 09:00,zVJPv84UY57bAof,6983.625,683.7875,808.25,7221281.25
16-06-2020 05:00,3PZuoBAID5Wc2HD,0.0,0.0,0.0,7225042.0
27-05-2020 06:00,1BY6WEcLGh8j5v7,130.2857143,12.58571429,0.285714286,6343669.286
14-06-2020 12:15,uHbuxQJl8lW7ozc,7025.285714,688.0285714,3583.428571,7264114.429
17-06-2020 09:45,McdE0feGgRqW7Ca,5802.25,568.5875,1142.875,7403737.875
12-06-2020 16:00,bvBOhCH3iADSZry,2672.714286,262.2285714,4961.142857,6509368.143
04-06-2020 04:30,1IF53ai7Xc0U56Y,0.0,0.0,0.0,6332659.0
06-06-2020 04:00,ZoEaEvLYb1n2sOq,0.0,0.0,0.0,7259075.0
11-06-2020 06:15,1BY6WEcLGh8j5v7,136.7142857,13.18571429,0.857142857,6444981.857
16-05-2020 08:15,1IF53ai7Xc0U56Y,5030.75,493.2125,460.75,6190462.75
16-06-2020 14:00,YxYtjZvoooNbGkE,5970.0,585.0142857,4609.142857,7417944.143
15-05-2020 20:30,YxYtjZvoooNbGkE,0.0,0.0,6291.0,7186257.0
10-06-2020 17:45,zVJPv84UY57bAof,1197.0,116.4142857,6531.428571,7316987.429
27-05-2020 18:15,bvBOhCH3iADSZry,109.25,10.5375,6131.125,6405831.125
17-05-2020 17:00,adLQvlD726eNBSB,2053.857143,201.3428571,7733.0,6292176.0
17-05-2020 22:15,1IF53ai7Xc0U56Y,0.0,0.0,7759.0,6204353.0
04-06-2020 09:45,1IF53ai7Xc0U56Y,6114.125,598.725,1490.125,6334149.125
21-05-2020 11:45,ih0vzX44oOqAx2f,11864.85714,1157.257143,3556.714286,6229497.714
05-06-2020 16:00,zVJPv84UY57bAof,7683.571429,752.2,6863.714286,7278136.714
16-06-2020 00:00,z9Y9gH1T5YWrNuG,0.0,0.0,959.4285714,7239184.0
17-06-2020 00:30,pkci93gMrogZuBj,0.0,0.0,0.0,7409478.0
20-05-2020 01:45,iCRJl6heRkivqQ3,0.0,0.0,0.0,7210718.0
03-06-2020 17:00,bvBOhCH3iADSZry,4916.857143,482.2428571,7019.285714,6452506.286
30-05-2020 18:45,rGa61gmuvPhdLxV,0.0,0.0,7364.0,7230438.0
09-06-2020 02:15,wCURE6d3bPkepu2,0.0,0.0,0.0,6967970.0
19-05-2020 10:15,sjndEbLyjtCKgGv,8033.25,785.9625,1538.375,7043943.375
29-05-2020 10:15,1BY6WEcLGh8j5v7,11476.5,1119.725,1703.0,6359513.0
21-05-2020 23:45,zVJPv84UY57bAof,0.0,0.0,7944.0,7165123.0
15-05-2020 01:15,pkci93gMrogZuBj,0.0,0.0,0.0,7169102.0
07-06-2020 00:30,iCRJl6heRkivqQ3,0.0,0.0,0.0,7348234.0
23-05-2020 14:15,7JYdWkrLSPkdwr4,8019.125,784.925,6478.75,7665248.75
02-06-2020 23:15,ZnxXDlPa8U1GXgE,0.0,0.0,0.0,6662968.0
14-06-2020 03:15,VHMLBKoKgIrUVDU,0.0,0.0,0.0,7429566.0
19-05-2020 04:15,7JYdWkrLSPkdwr4,0.0,0.0,0.0,7628372.0
10-06-2020 08:30,wCURE6d3bPkepu2,3560.5,350.0,561.125,6976541.125
16-06-2020 18:30,7JYdWkrLSPkdwr4,79.28571429,7.642857143,6165.285714,7840964.286
18-05-2020 10:15,pkci93gMrogZuBj,2244.25,220.05,670.0,7189717.0
10-06-2020 15:30,ZnxXDlPa8U1GXgE,4760.285714,467.0285714,5691.428571,6723463.429
11-06-2020 08:00,1IF53ai7Xc0U56Y,2629.0,257.8125,191.25,6386811.25
17-05-2020 16:30,3PZuoBAID5Wc2HD,4494.142857,440.8571429,7487.285714,7008176.286
06-06-2020 08:00,wCURE6d3bPkepu2,5020.142857,492.1714286,460.4285714,6947229.429
08-06-2020 13:00,uHbuxQJl8lW7ozc,8372.25,818.8875,5032.0,7222181.0
16-06-2020 17:30,z9Y9gH1T5YWrNuG,1446.0,141.0571429,6131.857143,7245315.857
21-05-2020 13:15,rGa61gmuvPhdLxV,12710.75,1239.6125,5073.25,7157706.25
22-05-2020 07:30,1BY6WEcLGh8j5v7,4229.375,415.4875,239.875,6305828.875
12-06-2020 12:00,ZnxXDlPa8U1GXgE,10200.375,996.975,2666.75,6732568.75
26-05-2020 08:45,zVJPv84UY57bAof,7421.875,726.7125,859.75,7198468.75
17-05-2020 18:00,YxYtjZvoooNbGkE,323.25,31.25,7490.0,7200222.0
16-06-2020 15:45,3PZuoBAID5Wc2HD,5074.0,497.6625,5766.125,7230808.125
16-06-2020 10:45,ZoEaEvLYb1n2sOq,9160.428571,895.5142857,2322.571429,7332013.571
16-06-2020 14:00,wCURE6d3bPkepu2,7067.125,692.0,4651.5,7021095.5
04-06-2020 09:00,zVJPv84UY57bAof,7398.625,724.1875,906.25,7263959.25
25-05-2020 09:15,z9Y9gH1T5YWrNuG,8993.375,879.8375,1197.875,7081835.875
03-06-2020 15:45,adLQvlD726eNBSB,5152.125,505.15,7233.25,6421509.25
06-06-2020 19:15,ih0vzX44oOqAx2f,0.0,0.0,6197.0,6350673.0
30-05-2020 19:30,ZoEaEvLYb1n2sOq,0.0,0.0,7248.0,7216848.0
30-05-2020 04:15,VHMLBKoKgIrUVDU,0.0,0.0,0.0,7321059.0
05-06-2020 16:15,1BY6WEcLGh8j5v7,6000.142857,587.9285714,6509.0,6411889.0
05-06-2020 23:30,adLQvlD726eNBSB,0.0,0.0,0.0,6438428.0
04-06-2020 05:00,ZnxXDlPa8U1GXgE,0.0,0.0,0.0,6670884.0
27-05-2020 05:15,adLQvlD726eNBSB,0.0,0.0,0.0,6363516.0
31-05-2020 16:00,1IF53ai7Xc0U56Y,3085.714286,303.2,5528.571429,6311071.571
10-06-2020 16:00,3PZuoBAID5Wc2HD,4240.125,416.4125,6016.0,7189935.0
25-05-2020 21:45,z9Y9gH1T5YWrNuG,0.0,0.0,8802.0,7089440.0
19-05-2020 15:00,1IF53ai7Xc0U56Y,7338.857143,718.5,5804.0,6215610.0
17-05-2020 08:45,rGa61gmuvPhdLxV,7378.714286,722.4714286,755.0,7124854.0
11-06-2020 01:00,pkci93gMrogZuBj,0.0,0.0,0.0,7369294.0
18-05-2020 20:00,1IF53ai7Xc0U56Y,0.0,0.0,5453.0,6209806.0
14-06-2020 17:00,1BY6WEcLGh8j5v7,1626.5,159.175,3902.25,6467565.25
14-06-2020 22:30,3PZuoBAID5Wc2HD,0.0,0.0,7504.0,7218223.0
12-06-2020 08:15,wCURE6d3bPkepu2,2791.714286,273.8142857,209.1428571,6988263.143
17-06-2020 09:30,wCURE6d3bPkepu2,6949.285714,680.5142857,968.0,7023686.0
05-06-2020 15:45,pkci93gMrogZuBj,9042.25,884.4875,6642.625,7330333.625
09-06-2020 05:15,McdE0feGgRqW7Ca,0.0,0.0,0.0,7346782.0
08-06-2020 12:00,wCURE6d3bPkepu2,10536.375,1029.9625,4087.0,6963614.0
08-06-2020 13:15,z9Y9gH1T5YWrNuG,7950.0,776.9857143,5053.285714,7188684.286
29-05-2020 10:45,1BY6WEcLGh8j5v7,10772.25,1052.85,2246.75,6360056.75
24-05-2020 07:00,iCRJl6heRkivqQ3,1697.0,166.0875,77.0,7243297.0
27-05-2020 15:00,1IF53ai7Xc0U56Y,5828.285714,571.1714286,5650.285714,6280288.286
04-06-2020 02:30,wCURE6d3bPkepu2,0.0,0.0,0.0,6930776.0
21-05-2020 12:15,z9Y9gH1T5YWrNuG,11291.625,1102.0625,4158.5,7053419.5
16-06-2020 16:45,pkci93gMrogZuBj,2258.375,221.425,6053.375,7409270.375
18-05-2020 15:30,rGa61gmuvPhdLxV,7666.428571,750.5142857,4524.857143,7136061.857
15-05-2020 17:45,iCRJl6heRkivqQ3,519.625,50.275,6401.875,7184393.875
25-05-2020 11:15,ZnxXDlPa8U1GXgE,12279.28571,1197.242857,3350.285714,6599106.286
21-05-2020 21:00,iCRJl6heRkivqQ3,0.0,0.0,7837.0,7227442.0
15-06-2020 05:15,iCRJl6heRkivqQ3,0.0,0.0,0.0,7407224.0
26-05-2020 19:45,3PZuoBAID5Wc2HD,0.0,0.0,0.0,7078711.0
27-05-2020 08:15,adLQvlD726eNBSB,6139.857143,601.6142857,563.7142857,6364079.714
05-06-2020 01:00,1BY6WEcLGh8j5v7,0.0,0.0,0.0,6405380.0
06-06-2020 01:45,WRmjgnKYAwPKWDb,0.0,0.0,0.0,7190270.0
18-05-2020 19:00,bvBOhCH3iADSZry,0.0,0.0,4962.0,6340538.0
02-06-2020 16:30,1IF53ai7Xc0U56Y,4404.625,432.3375,7064.125,6324508.125
16-06-2020 23:15,sjndEbLyjtCKgGv,0.0,0.0,6255.0,7255794.0
28-05-2020 03:00,ZnxXDlPa8U1GXgE,0.0,0.0,0.0,6619376.0
30-05-2020 23:30,zVJPv84UY57bAof,0.0,0.0,7290.0,7235977.0
29-05-2020 11:45,zBIq5rxdHJRwDNY,12230.0,1193.1125,3379.375,6445373.375
06-06-2020 20:30,adLQvlD726eNBSB,0.0,0.0,6603.0,6445031.0
15-05-2020 06:00,ih0vzX44oOqAx2f,50.16666667,4.85,0.0,6185184.0
14-06-2020 12:30,ZnxXDlPa8U1GXgE,6981.142857,683.7142857,3790.857143,6748133.857
15-05-2020 16:30,1IF53ai7Xc0U56Y,4569.0,448.4375,6064.625,6189709.625
25-05-2020 19:15,zVJPv84UY57bAof,0.0,0.0,8813.0,7197609.0
04-06-2020 21:30,ih0vzX44oOqAx2f,0.0,0.0,8009.0,6337019.0
11-06-2020 04:15,ZnxXDlPa8U1GXgE,0.0,0.0,0.0,6724210.0
31-05-2020 16:00,wCURE6d3bPkepu2,2978.0,292.35,5892.75,6909050.75
17-06-2020 13:30,3PZuoBAID5Wc2HD,10748.375,1049.8125,4406.0,7235779.0
06-06-2020 15:00,uHbuxQJl8lW7ozc,4236.25,415.85,5867.375,7208240.375
05-06-2020 12:00,rGa61gmuvPhdLxV,5485.25,537.5,3611.75,7268960.75
13-06-2020 23:30,ZoEaEvLYb1n2sOq,0.0,0.0,8378.0,7315763.0
07-06-2020 09:15,bvBOhCH3iADSZry,7714.125,755.1625,908.0,6474032.0
11-06-2020 10:15,rGa61gmuvPhdLxV,5672.857143,555.9428571,1075.142857,7311844.143
17-05-2020 04:00,sjndEbLyjtCKgGv,0.0,0.0,0.0,7029613.0
23-05-2020 14:15,z9Y9gH1T5YWrNuG,8319.0,814.1428571,6479.857143,7070698.857
20-05-2020 22:45,adLQvlD726eNBSB,0.0,0.0,9102.0,6313615.0
28-05-2020 22:00,3PZuoBAID5Wc2HD,0.0,0.0,8528.0,7093979.0
16-06-2020 04:45,sjndEbLyjtCKgGv,0.0,0.0,0.0,7249539.0
11-06-2020 17:45,wCURE6d3bPkepu2,974.5714286,94.67142857,5615.857143,6988018.857
15-05-2020 07:00,rGa61gmuvPhdLxV,1865.375,182.8375,78.5,7111571.5
12-06-2020 10:00,adLQvlD726eNBSB,5904.0,578.5714286,1097.142857,6483831.143
06-06-2020 00:00,1BY6WEcLGh8j5v7,0.0,0.0,895.25,6412542.0
15-05-2020 20:00,rGa61gmuvPhdLxV,0.0,0.0,6373.0,7117866.0
09-06-2020 15:00,zVJPv84UY57bAof,8499.25,831.6,6769.125,7308936.125
28-05-2020 14:30,uHbuxQJl8lW7ozc,9318.714286,910.5714286,6627.857143,7141885.857
18-05-2020 07:30,YxYtjZvoooNbGkE,3454.0,339.3714286,205.7142857,7200434.714
05-06-2020 21:30,bvBOhCH3iADSZry,0.0,0.0,7065.0,6467251.0
15-05-2020 14:00,ZnxXDlPa8U1GXgE,10347.85714,1011.542857,4328.714286,6526500.714
06-06-2020 06:00,zBIq5rxdHJRwDNY,123.0,11.875,0.5,6500302.5
25-05-2020 23:15,1BY6WEcLGh8j5v7,0.0,0.0,8268.0,6336208.0
24-05-2020 22:00,uHbuxQJl8lW7ozc,0.0,0.0,8106.0,7111852.0
11-06-2020 14:45,rGa61gmuvPhdLxV,6907.5,676.4125,4295.5,7315064.5
20-05-2020 04:30,McdE0feGgRqW7Ca,0.0,0.0,0.0,7192098.0
25-05-2020 16:30,iCRJl6heRkivqQ3,2020.0,198.0142857,8716.428571,7259977.429
23-05-2020 03:15,ih0vzX44oOqAx2f,0.0,0.0,0.0,6240543.0
19-05-2020 18:00,wCURE6d3bPkepu2,0.0,0.0,6956.0,6815349.0
05-06-2020 14:45,sjndEbLyjtCKgGv,11017.625,1076.425,5870.875,7177388.875
27-05-2020 07:45,zVJPv84UY57bAof,3956.285714,388.7285714,284.7142857,7205667.714
06-06-2020 09:45,iCRJl6heRkivqQ3,7802.5,762.9375,1537.75,7343340.75
06-06-2020 07:45,zBIq5rxdHJRwDNY,4440.428571,435.9142857,348.5714286,6500650.571
11-06-2020 05:00,adLQvlD726eNBSB,0.0,0.0,0.0,6476944.0
26-05-2020 13:30,adLQvlD726eNBSB,9182.714286,896.8857143,5844.0,6361138.0
16-05-2020 12:15,zVJPv84UY57bAof,8194.75,801.9375,3245.0,7125361.0
14-06-2020 03:45,3PZuoBAID5Wc2HD,0.0,0.0,0.0,7210719.0
29-05-2020 13:15,ih0vzX44oOqAx2f,11161.125,1089.325,5097.125,6292267.125
12-06-2020 19:15,ZnxXDlPa8U1GXgE,0.0,0.0,5883.0,6735785.0
18-05-2020 09:45,rGa61gmuvPhdLxV,1495.714286,146.0428571,583.5714286,7132120.571
18-05-2020 01:30,z9Y9gH1T5YWrNuG,0.0,0.0,0.0,7028226.0
31-05-2020 15:45,bvBOhCH3iADSZry,2813.125,275.9375,5187.75,6432868.75
05-06-2020 05:30,1BY6WEcLGh8j5v7,0.0,0.0,0.0,6405380.0
17-05-2020 11:15,wCURE6d3bPkepu2,13005.71429,1268.028571,3134.857143,6798604.857
27-05-2020 19:45,sjndEbLyjtCKgGv,0.0,0.0,0.0,7112565.0
01-06-2020 08:00,ih0vzX44oOqAx2f,5961.25,584.125,484.25,6308716.25
15-06-2020 22:45,3PZuoBAID5Wc2HD,0.0,0.0,6819.0,7225042.0
19-05-2020 22:45,WRmjgnKYAwPKWDb,0.0,0.0,0.0,7060932.0
23-05-2020 11:15,uHbuxQJl8lW7ozc,12710.28571,1239.257143,3158.0,7098411.0
28-05-2020 07:30,wCURE6d3bPkepu2,3294.375,323.7125,207.5,6879402.5
16-06-2020 10:45,uHbuxQJl8lW7ozc,9659.142857,943.9,2369.714286,7277112.714
10-06-2020 16:45,zVJPv84UY57bAof,2808.0,275.7875,6325.875,7316781.875
16-05-2020 22:15,7JYdWkrLSPkdwr4,0.0,0.0,6461.0,7615537.0
16-05-2020 07:45,VHMLBKoKgIrUVDU,3524.571429,346.4714286,243.0,7212909.0
26-05-2020 00:45,YxYtjZvoooNbGkE,0.0,0.0,0.0,7261464.0
01-06-2020 23:45,3PZuoBAID5Wc2HD,0.0,0.0,5965.0,7121269.0
03-06-2020 08:30,ih0vzX44oOqAx2f,4459.857143,438.0,548.2857143,6321859.286
15-05-2020 09:45,rGa61gmuvPhdLxV,7639.5,747.5375,1177.0,7112670.0
19-05-2020 05:30,bvBOhCH3iADSZry,0.0,0.0,0.0,6340538.0
03-06-2020 13:15,WRmjgnKYAwPKWDb,9301.714286,909.8285714,4625.0,7171542.0
27-05-2020 10:30,ZnxXDlPa8U1GXgE,9130.0,892.2,2289.142857,6614938.143
17-06-2020 17:00,3PZuoBAID5Wc2HD,1326.857143,129.1142857,5912.428571,7237285.429
07-06-2020 13:30,rGa61gmuvPhdLxV,11783.625,1149.575,5467.625,7284968.625
26-05-2020 17:00,7JYdWkrLSPkdwr4,4202.0,412.1857143,7784.0,7691804.0
13-06-2020 22:00,zVJPv84UY57bAof,0.0,0.0,8410.0,7336960.0
12-06-2020 20:45,z9Y9gH1T5YWrNuG,0.0,0.0,5803.0,7216867.0
22-05-2020 21:30,pkci93gMrogZuBj,0.0,0.0,0.0,7225200.0
12-06-2020 08:00,ih0vzX44oOqAx2f,1777.428571,173.8714286,150.5714286,6386703.571
15-06-2020 19:15,uHbuxQJl8lW7ozc,0.0,0.0,6906.0,7274743.0
11-06-2020 23:45,bvBOhCH3iADSZry,0.0,0.0,2598.5,6504407.0
29-05-2020 20:00,zVJPv84UY57bAof,0.0,0.0,0.0,7228687.0
07-06-2020 05:00,1IF53ai7Xc0U56Y,0.0,0.0,0.0,6355099.0
16-06-2020 17:45,zBIq5rxdHJRwDNY,1008.571429,97.98571429,5681.142857,6577514.143
30-05-2020 01:30,rGa61gmuvPhdLxV,0.0,0.0,0.0,7223074.0
11-06-2020 04:45,iCRJl6heRkivqQ3,0.0,0.0,0.0,7379779.0
01-06-2020 01:30,ZnxXDlPa8U1GXgE,0.0,0.0,0.0,6649525.0
17-05-2020 09:45,zBIq5rxdHJRwDNY,10405.57143,1017.214286,1531.857143,6353681.857
06-06-2020 07:30,iCRJl6heRkivqQ3,3740.625,367.6375,254.75,7342057.75
26-05-2020 13:15,ZoEaEvLYb1n2sOq,8916.285714,871.0285714,5192.857143,7184106.857
17-05-2020 19:00,iCRJl6heRkivqQ3,0.0,0.0,7519.0,7198367.0
17-06-2020 00:00,zBIq5rxdHJRwDNY,0.0,0.0,714.875,6577552.0
24-05-2020 00:15,wCURE6d3bPkepu2,0.0,0.0,0.0,6847830.0
18-05-2020 06:00,ih0vzX44oOqAx2f,90.625,8.725,0.625,6205201.625
17-05-2020 21:15,z9Y9gH1T5YWrNuG,0.0,0.0,7486.0,7028226.0
03-06-2020 14:45,iCRJl6heRkivqQ3,9831.571429,961.0428571,6146.428571,7323959.429
15-06-2020 10:15,zBIq5rxdHJRwDNY,12069.71429,1177.114286,2181.571429,6567318.571
24-05-2020 14:45,1IF53ai7Xc0U56Y,9155.142857,895.3142857,6947.285714,6256154.286
27-05-2020 12:15,3PZuoBAID5Wc2HD,6912.428571,676.5142857,3886.142857,7082597.143
10-06-2020 06:30,uHbuxQJl8lW7ozc,826.5,80.2,21.125,7233884.125
17-05-2020 21:15,iCRJl6heRkivqQ3,0.0,0.0,7519.0,7198367.0
08-06-2020 13:00,zBIq5rxdHJRwDNY,9987.5,975.575,4988.875,6519899.875
07-06-2020 18:00,pkci93gMrogZuBj,698.25,67.7,8197.0,7346115.0
10-06-2020 19:45,iCRJl6heRkivqQ3,0.0,0.0,6559.0,7379779.0
15-06-2020 15:15,ZoEaEvLYb1n2sOq,6636.714286,650.0,5779.857143,7328831.857
10-06-2020 12:45,uHbuxQJl8lW7ozc,11394.875,1111.8625,3993.5,7237856.5
14-06-2020 17:15,wCURE6d3bPkepu2,1650.142857,161.7,7253.142857,7009622.143
23-05-2020 07:15,wCURE6d3bPkepu2,2119.142857,207.6,78.28571429,6839303.286
13-06-2020 00:30,ih0vzX44oOqAx2f,0.0,0.0,0.0,6392263.0
01-06-2020 03:45,zBIq5rxdHJRwDNY,0.0,0.0,0.0,6463239.0
16-05-2020 16:30,1IF53ai7Xc0U56Y,2661.571429,261.0428571,6353.142857,6196355.143
23-05-2020 02:00,ih0vzX44oOqAx2f,0.0,0.0,0.0,6240543.0
12-06-2020 19:30,1IF53ai7Xc0U56Y,0.0,0.0,5903.0,6398227.0
18-05-2020 09:00,adLQvlD726eNBSB,1814.875,177.8875,490.875,6292800.875
25-05-2020 00:30,ZnxXDlPa8U1GXgE,0.0,0.0,0.0,6595756.0
12-06-2020 02:15,3PZuoBAID5Wc2HD,0.0,0.0,0.0,7196186.0
16-06-2020 18:15,ZnxXDlPa8U1GXgE,361.5,34.925,6298.125,6764802.125
09-06-2020 21:00,ih0vzX44oOqAx2f,0.0,0.0,7846.0,6374755.0
01-06-2020 23:00,adLQvlD726eNBSB,0.0,0.0,6127.0,6406831.0
03-06-2020 13:30,ZoEaEvLYb1n2sOq,10016.625,978.9375,4790.75,7240517.75
25-05-2020 18:15,1IF53ai7Xc0U56Y,230.75,22.275,9044.5,6266524.5
16-06-2020 08:45,1BY6WEcLGh8j5v7,5562.571429,545.1714286,701.8571429,6474651.857
21-05-2020 22:45,sjndEbLyjtCKgGv,0.0,0.0,7825.0,7065886.0
07-06-2020 23:30,pkci93gMrogZuBj,0.0,0.0,8214.0,7346132.0
31-05-2020 03:15,3PZuoBAID5Wc2HD,0.0,0.0,0.0,7109488.0
18-05-2020 21:45,7JYdWkrLSPkdwr4,0.0,0.0,5309.0,7628372.0
01-06-2020 04:15,YxYtjZvoooNbGkE,0.0,0.0,0.0,7305739.0
18-05-2020 02:30,rGa61gmuvPhdLxV,0.0,0.0,0.0,7131537.0
08-06-2020 20:45,wCURE6d3bPkepu2,0.0,0.0,8443.0,6967970.0
01-06-2020 13:00,zBIq5rxdHJRwDNY,6983.5,683.475,4224.5,6467463.5
05-06-2020 22:30,ZoEaEvLYb1n2sOq,0.0,0.0,7535.0,7259075.0
14-06-2020 21:30,wCURE6d3bPkepu2,0.0,0.0,7329.0,7009698.0
16-06-2020 18:15,WRmjgnKYAwPKWDb,355.8571429,34.38571429,6257.571429,7267572.571
10-06-2020 13:30,1IF53ai7Xc0U56Y,11871.71429,1158.014286,4696.857143,6384718.857
02-06-2020 06:15,wCURE6d3bPkepu2,404.125,39.1,6.375,6915350.375
05-06-2020 00:30,zBIq5rxdHJRwDNY,0.0,0.0,0.0,6492579.0
19-05-2020 03:00,z9Y9gH1T5YWrNuG,0.0,0.0,0.0,7033573.0
13-06-2020 11:15,iCRJl6heRkivqQ3,13036.25,1271.0125,3184.75,7394543.75
07-06-2020 09:45,McdE0feGgRqW7Ca,6264.571429,613.7714286,1356.714286,7332516.714
01-06-2020 16:00,iCRJl6heRkivqQ3,1680.142857,164.4,5516.285714,7310083.286
10-06-2020 12:15,YxYtjZvoooNbGkE,9929.428571,969.7428571,3275.285714,7376543.286
24-05-2020 06:45,ZoEaEvLYb1n2sOq,1141.375,111.0,42.25,7162226.25
12-06-2020 03:00,zVJPv84UY57bAof,0.0,0.0,0.0,7322687.0
17-05-2020 19:30,uHbuxQJl8lW7ozc,0.0,0.0,7454.0,7058793.0
31-05-2020 12:15,zVJPv84UY57bAof,8675.142857,847.8857143,3544.428571,7239521.429
02-06-2020 10:15,iCRJl6heRkivqQ3,7201.625,705.0875,2146.0,7312494.0
17-05-2020 05:45,pkci93gMrogZuBj,0.0,0.0,0.0,7181650.0
29-05-2020 08:15,zBIq5rxdHJRwDNY,4004.428571,393.4285714,396.5714286,6442390.571
02-06-2020 19:15,pkci93gMrogZuBj,0.0,0.0,7350.0,7307650.0
20-05-2020 12:15,WRmjgnKYAwPKWDb,12787.85714,1246.814286,4546.857143,7065478.857
19-05-2020 04:30,rGa61gmuvPhdLxV,0.0,0.0,0.0,7136902.0
06-06-2020 14:15,3PZuoBAID5Wc2HD,10143.85714,990.7285714,5558.714286,7158044.714
10-06-2020 09:45,z9Y9gH1T5YWrNuG,5890.285714,577.1714286,1423.285714,7200476.286
15-05-2020 07:30,z9Y9gH1T5YWrNuG,2025.857143,198.6,176.7142857,7008042.714
30-05-2020 12:15,sjndEbLyjtCKgGv,9229.285714,902.3,2860.428571,7131889.429
15-05-2020 09:30,ih0vzX44oOqAx2f,3395.857143,333.2714286,1001.857143,6186196.75
25-05-2020 12:45,ZnxXDlPa8U1GXgE,12602.85714,1228.785714,5206.142857,6600962.143
03-06-2020 11:45,ih0vzX44oOqAx2f,13162.42857,1283.685714,2947.571429,6324258.571
13-06-2020 03:15,z9Y9gH1T5YWrNuG,0.0,0.0,0.0,7216867.0
29-05-2020 10:00,bvBOhCH3iADSZry,7704.571429,754.1285714,1432.571429,6415017.571
30-05-2020 01:45,zBIq5rxdHJRwDNY,0.0,0.0,0.0,6449905.0
16-06-2020 18:15,rGa61gmuvPhdLxV,346.0,33.44285714,6237.285714,7350941.286
03-06-2020 16:00,rGa61gmuvPhdLxV,5166.0,506.65,7137.875,7256467.875
15-06-2020 03:30,1BY6WEcLGh8j5v7,0.0,0.0,0.0,6467675.0
12-06-2020 11:00,1BY6WEcLGh8j5v7,5800.875,568.45,1626.375,6451864.375
07-06-2020 10:00,ZnxXDlPa8U1GXgE,6693.714286,655.6285714,1511.142857,6694565.143
09-06-2020 17:45,ZoEaEvLYb1n2sOq,1427.714286,139.3428571,7905.714286,7289629.714
02-06-2020 05:30,wCURE6d3bPkepu2,0.0,0.0,0.0,6915344.0
19-05-2020 20:00,ih0vzX44oOqAx2f,0.0,0.0,6790.0,6217277.0
30-05-2020 04:00,ZnxXDlPa8U1GXgE,0.0,0.0,0.0,6636066.0
30-05-2020 19:30,YxYtjZvoooNbGkE,0.0,0.0,7266.0,7299769.0
04-06-2020 05:30,zBIq5rxdHJRwDNY,0.0,0.0,0.0,6484342.0
10-06-2020 15:00,iCRJl6heRkivqQ3,2152.428571,210.9428571,5636.857143,7378856.857
08-06-2020 06:15,iCRJl6heRkivqQ3,463.0,44.78571429,6.857142857,7356517.857
20-05-2020 09:30,iCRJl6heRkivqQ3,8720.5,853.2375,1434.125,7212152.125
04-06-2020 00:30,ih0vzX44oOqAx2f,0.0,0.0,0.0,6329010.0
26-05-2020 01:00,ZnxXDlPa8U1GXgE,0.0,0.0,0.0,6604666.0
23-05-2020 15:30,1BY6WEcLGh8j5v7,8194.0,801.9625,6934.5,6319371.5
16-06-2020 04:00,uHbuxQJl8lW7ozc,0.0,0.0,0.0,7274743.0
12-06-2020 05:30,7JYdWkrLSPkdwr4,0.0,0.0,0.0,7806664.0
07-06-2020 20:15,ih0vzX44oOqAx2f,0.0,0.0,8019.0,6358692.0
08-06-2020 02:15,zBIq5rxdHJRwDNY,0.0,0.0,0.0,6514911.0
08-06-2020 15:00,ih0vzX44oOqAx2f,9293.375,908.8375,6804.375,6365496.375
01-06-2020 12:30,adLQvlD726eNBSB,7317.285714,715.9,4257.285714,6404961.286
31-05-2020 21:45,1IF53ai7Xc0U56Y,0.0,0.0,5889.0,6311432.0
25-05-2020 07:15,1IF53ai7Xc0U56Y,2757.0,270.5428571,141.1428571,6257621.143
12-06-2020 19:30,McdE0feGgRqW7Ca,0.0,0.0,5955.0,7373328.0
07-06-2020 14:30,1BY6WEcLGh8j5v7,0.0,0.0,3823.0,6422305.0
10-06-2020 23:15,McdE0feGgRqW7Ca,0.0,0.0,6606.0,7361623.0
25-05-2020 17:00,ih0vzX44oOqAx2f,1127.571429,109.6142857,8002.142857,6264496.143
04-06-2020 04:00,ih0vzX44oOqAx2f,0.0,0.0,0.0,6329010.0
29-05-2020 21:15,3PZuoBAID5Wc2HD,0.0,0.0,8210.0,7102189.0
17-05-2020 23:15,bvBOhCH3iADSZry,0.0,0.0,6928.0,6335576.0
20-05-2020 05:15,rGa61gmuvPhdLxV,0.0,0.0,0.0,7143812.0
01-06-2020 12:45,McdE0feGgRqW7Ca,3958.75,388.875,4250.0,7291010.0
17-06-2020 03:30,3PZuoBAID5Wc2HD,0.0,0.0,0.0,7231373.0
10-06-2020 01:15,ZoEaEvLYb1n2sOq,0.0,0.0,0.0,7289679.0
22-05-2020 11:30,sjndEbLyjtCKgGv,12280.85714,1197.8,2605.0,7068491.0
11-06-2020 15:15,7JYdWkrLSPkdwr4,6008.571429,588.8142857,4598.857143,7805689.857
27-05-2020 09:30,McdE0feGgRqW7Ca,8906.142857,871.0571429,1455.857143,7251015.857
22-05-2020 07:15,ih0vzX44oOqAx2f,3465.285714,340.4285714,142.8571429,6233685.857
12-06-2020 21:00,iCRJl6heRkivqQ3,0.0,0.0,5888.0,7391359.0
15-05-2020 22:15,pkci93gMrogZuBj,0.0,0.0,6375.0,7175477.0
26-05-2020 18:45,ih0vzX44oOqAx2f,0.0,0.0,0.0,6272291.0
20-05-2020 20:00,uHbuxQJl8lW7ozc,0.0,0.0,8913.0,7080111.0
06-06-2020 13:45,z9Y9gH1T5YWrNuG,10682.14286,1042.814286,4900.714286,7175901.714
27-05-2020 17:30,7JYdWkrLSPkdwr4,934.125,90.725,6602.125,7698514.125
09-06-2020 22:30,adLQvlD726eNBSB,0.0,0.0,8273.0,6470277.0
14-06-2020 03:15,adLQvlD726eNBSB,0.0,0.0,0.0,6497496.0
03-06-2020 05:30,pkci93gMrogZuBj,0.0,0.0,0.0,7307650.0
06-06-2020 17:30,pkci93gMrogZuBj,456.1428571,44.12857143,6417.0,7337904.0
17-05-2020 13:45,zBIq5rxdHJRwDNY,8439.625,824.9875,5344.25,6357494.25
04-06-2020 22:30,ih0vzX44oOqAx2f,0.0,0.0,8009.0,6337019.0
24-05-2020 10:15,sjndEbLyjtCKgGv,7657.875,749.15,1796.375,7083245.375
02-06-2020 19:30,ZnxXDlPa8U1GXgE,0.0,0.0,0.0,6662968.0
27-05-2020 02:45,VHMLBKoKgIrUVDU,0.0,0.0,0.0,7297615.0
26-05-2020 15:45,rGa61gmuvPhdLxV,7817.625,765.2375,6914.75,7199016.75
20-05-2020 05:45,McdE0feGgRqW7Ca,0.0,0.0,0.0,7192098.0
17-05-2020 03:30,sjndEbLyjtCKgGv,0.0,0.0,0.0,7029613.0
31-05-2020 20:15,7JYdWkrLSPkdwr4,0.0,0.0,5843.0,7727821.0
20-05-2020 03:45,YxYtjZvoooNbGkE,0.0,0.0,0.0,7212476.0
29-05-2020 14:45,McdE0feGgRqW7Ca,8706.25,851.8375,6706.625,7271662.625
03-06-2020 10:15,1BY6WEcLGh8j5v7,5642.714286,553.0428571,1454.571429,6391922.571
05-06-2020 13:30,ih0vzX44oOqAx2f,9697.75,947.275,4357.375,6341376.375
05-06-2020 04:00,WRmjgnKYAwPKWDb,0.0,0.0,0.0,7182665.0
04-06-2020 09:15,pkci93gMrogZuBj,6582.142857,644.5142857,1046.285714,7316482.286
21-05-2020 21:30,iCRJl6heRkivqQ3,0.0,0.0,7837.0,7227442.0
29-05-2020 22:00,z9Y9gH1T5YWrNuG,0.0,0.0,0.0,7120455.0
13-06-2020 08:00,1IF53ai7Xc0U56Y,5572.0,546.0875,446.5,6398673.5
01-06-2020 22:45,pkci93gMrogZuBj,0.0,0.0,5509.0,7300300.0
20-05-2020 06:30,pkci93gMrogZuBj,685.0,66.34285714,20.57142857,7201369.571
14-06-2020 21:15,ih0vzX44oOqAx2f,0.0,0.0,7165.0,6407683.0
05-06-2020 19:15,McdE0feGgRqW7Ca,0.0,0.0,7920.0,7324681.0
17-06-2020 09:15,7JYdWkrLSPkdwr4,5449.5,534.125,819.0,7841784.0
14-06-2020 15:00,uHbuxQJl8lW7ozc,7898.0,772.9857143,6124.428571,7266655.429
03-06-2020 04:15,wCURE6d3bPkepu2,0.0,0.0,0.0,6922869.0
16-06-2020 13:15,3PZuoBAID5Wc2HD,7235.285714,708.4571429,4189.0,7229231.0
19-05-2020 21:00,YxYtjZvoooNbGkE,0.0,0.0,6878.0,7212476.0
19-05-2020 00:45,1BY6WEcLGh8j5v7,0.0,0.0,0.0,6283648.0
07-06-2020 18:30,McdE0feGgRqW7Ca,66.0,6.3625,7041.375,7338201.375
01-06-2020 14:30,adLQvlD726eNBSB,5515.142857,540.6285714,5484.714286,6406188.714
23-05-2020 04:00,z9Y9gH1T5YWrNuG,0.0,0.0,0.0,7064219.0
08-06-2020 07:45,1IF53ai7Xc0U56Y,4108.625,403.3625,267.375,6363605.375
03-06-2020 03:15,rGa61gmuvPhdLxV,0.0,0.0,0.0,7249330.0
15-06-2020 06:45,VHMLBKoKgIrUVDU,1506.75,147.15,55.125,7437110.125
19-05-2020 13:30,iCRJl6heRkivqQ3,7613.857143,745.3714286,4354.142857,7208121.143
15-06-2020 17:30,z9Y9gH1T5YWrNuG,1454.375,141.85,6648.375,7239116.375
15-06-2020 14:45,VHMLBKoKgIrUVDU,7362.375,720.775,5614.75,7442669.75
23-05-2020 07:15,McdE0feGgRqW7Ca,2146.571429,210.3285714,79.42857143,7216031.429
29-05-2020 09:15,zBIq5rxdHJRwDNY,8708.0,852.025,955.625,6442949.625
09-06-2020 00:45,YxYtjZvoooNbGkE,0.0,0.0,0.0,7365310.0
29-05-2020 15:15,adLQvlD726eNBSB,8120.375,794.7625,7173.375,6386182.375
02-06-2020 01:30,pkci93gMrogZuBj,0.0,0.0,0.0,7300300.0
23-05-2020 15:45,1IF53ai7Xc0U56Y,7439.625,728.375,7776.0,6248310.0
26-05-2020 16:00,ZoEaEvLYb1n2sOq,5325.857143,522.2,7104.142857,7186018.143
13-06-2020 11:45,McdE0feGgRqW7Ca,13485.85714,1314.9,3851.571429,7377179.571
10-06-2020 06:45,YxYtjZvoooNbGkE,1319.25,128.5,48.125,7373316.125
23-05-2020 12:15,rGa61gmuvPhdLxV,13567.42857,1322.8,3949.571429,7171090.571
27-05-2020 07:00,wCURE6d3bPkepu2,1887.285714,184.9857143,90.14285714,6872575.143
05-06-2020 15:00,sjndEbLyjtCKgGv,9191.714286,898.2857143,6123.857143,7177641.857
15-05-2020 13:15,ZnxXDlPa8U1GXgE,6917.5,677.5,3734.25,6525906.25
07-06-2020 11:00,ZoEaEvLYb1n2sOq,11128.28571,1086.585714,2394.571429,7267762.571
15-05-2020 03:00,sjndEbLyjtCKgGv,0.0,0.0,0.0,7016832.0
13-06-2020 02:15,ZoEaEvLYb1n2sOq,0.0,0.0,0.0,7307385.0
09-06-2020 21:15,ih0vzX44oOqAx2f,0.0,0.0,7846.0,6374755.0
25-05-2020 00:15,1IF53ai7Xc0U56Y,0.0,0.0,0.0,6257480.0
12-06-2020 06:00,McdE0feGgRqW7Ca,0.0,0.0,0.0,7367373.0
01-06-2020 09:15,sjndEbLyjtCKgGv,5653.625,554.2,1240.875,7143482.875
04-06-2020 05:30,iCRJl6heRkivqQ3,0.0,0.0,0.0,7325696.0
04-06-2020 02:00,rGa61gmuvPhdLxV,0.0,0.0,0.0,7257137.0
10-06-2020 15:45,bvBOhCH3iADSZry,3460.25,340.175,5276.75,6498623.75
19-05-2020 16:45,YxYtjZvoooNbGkE,3750.428571,368.5714286,6677.714286,7212275.714
13-06-2020 23:15,pkci93gMrogZuBj,0.0,0.0,8354.0,7389161.0
06-06-2020 19:00,adLQvlD726eNBSB,0.0,0.0,6603.0,6445031.0
19-05-2020 03:30,VHMLBKoKgIrUVDU,0.0,0.0,0.0,7232554.0
06-06-2020 01:15,1BY6WEcLGh8j5v7,0.0,0.0,0.0,6412542.0
19-05-2020 03:30,7JYdWkrLSPkdwr4,0.0,0.0,0.0,7628372.0
13-06-2020 07:30,zBIq5rxdHJRwDNY,3276.0,321.925,191.25,6549578.25
02-06-2020 23:00,VHMLBKoKgIrUVDU,0.0,0.0,0.0,7347744.0
30-05-2020 12:00,YxYtjZvoooNbGkE,13899.85714,1355.228571,2552.857143,7295055.857
15-05-2020 02:15,zBIq5rxdHJRwDNY,0.0,0.0,0.0,6339380.0
15-06-2020 14:45,bvBOhCH3iADSZry,6527.125,639.2625,5098.75,6526698.75
25-05-2020 15:00,adLQvlD726eNBSB,10155.25,992.8875,7920.25,6354051.25
23-05-2020 14:30,zBIq5rxdHJRwDNY,7651.285714,749.0714286,6818.428571,6402625.429
12-06-2020 23:30,VHMLBKoKgIrUVDU,0.0,0.0,5903.0,7420914.0
15-05-2020 17:30,sjndEbLyjtCKgGv,1196.5,116.6,6313.5,7023145.5
03-06-2020 11:45,3PZuoBAID5Wc2HD,13494.14286,1316.014286,3066.714286,7131680.714
31-05-2020 06:00,WRmjgnKYAwPKWDb,108.375,10.4625,0.875,7148029.875
30-05-2020 11:45,pkci93gMrogZuBj,8519.875,833.3125,2288.5,7283823.5
31-05-2020 09:45,3PZuoBAID5Wc2HD,6195.875,606.95,1178.0,7110666.0
16-06-2020 06:30,sjndEbLyjtCKgGv,698.5,67.7,11.875,7249550.875
22-05-2020 09:45,1IF53ai7Xc0U56Y,5596.75,548.5625,1352.875,6234599.875
28-05-2020 16:45,7JYdWkrLSPkdwr4,3670.571429,360.4857143,8022.428571,7706572.429
05-06-2020 02:30,7JYdWkrLSPkdwr4,0.0,0.0,0.0,7756621.0
06-06-2020 16:00,ZnxXDlPa8U1GXgE,2680.285714,262.8571429,6154.142857,6692853.143
17-05-2020 02:15,z9Y9gH1T5YWrNuG,0.0,0.0,0.0,7020740.0
23-05-2020 15:45,z9Y9gH1T5YWrNuG,7574.0,741.5142857,7624.571429,7071843.571
16-05-2020 10:45,McdE0feGgRqW7Ca,7467.571429,730.8428571,2139.714286,7167574.714
10-06-2020 21:15,zVJPv84UY57bAof,0.0,0.0,6560.0,7317016.0
12-06-2020 14:15,7JYdWkrLSPkdwr4,7161.25,701.2625,4380.25,7811044.25
24-05-2020 06:30,1BY6WEcLGh8j5v7,712.8571429,69.11428571,18.57142857,6320421.571
07-06-2020 07:30,1IF53ai7Xc0U56Y,2106.0,206.4714286,185.7142857,6355284.714
16-06-2020 23:15,rGa61gmuvPhdLxV,0.0,0.0,6243.0,7350947.0
26-05-2020 01:45,iCRJl6heRkivqQ3,0.0,0.0,0.0,7260130.0
24-05-2020 11:00,bvBOhCH3iADSZry,10588.25,1033.7625,2549.25,6379321.25
02-06-2020 17:30,McdE0feGgRqW7Ca,935.2857143,90.82857143,7563.285714,7300315.286
07-06-2020 22:30,sjndEbLyjtCKgGv,0.0,0.0,6898.0,7192554.0
14-06-2020 11:15,pkci93gMrogZuBj,9225.142857,902.3285714,2775.142857,7391936.143
07-06-2020 09:00,ih0vzX44oOqAx2f,9632.0,941.9428571,745.5714286,6351418.571
16-05-2020 15:30,sjndEbLyjtCKgGv,5062.5,496.3125,5856.125,7029038.125
22-05-2020 21:30,z9Y9gH1T5YWrNuG,0.0,0.0,0.0,7064219.0
09-06-2020 12:00,ZnxXDlPa8U1GXgE,10064.71429,982.9285714,3953.714286,6713651.714
05-06-2020 11:30,sjndEbLyjtCKgGv,10805.0,1054.757143,3116.857143,7174634.857
15-05-2020 12:00,YxYtjZvoooNbGkE,8245.625,806.375,2745.625,7182711.625
25-05-2020 12:45,bvBOhCH3iADSZry,11372.85714,1111.214286,4755.857143,6388967.857
12-06-2020 19:15,iCRJl6heRkivqQ3,0.0,0.0,5888.0,7391359.0
16-06-2020 18:45,z9Y9gH1T5YWrNuG,0.0,0.0,6201.0,7245385.0
19-05-2020 02:00,zVJPv84UY57bAof,0.0,0.0,0.0,7141405.0
09-06-2020 14:30,zVJPv84UY57bAof,9561.375,934.7375,6340.25,7308507.25
30-05-2020 07:45,zBIq5rxdHJRwDNY,2349.857143,230.4,229.8571429,6450134.857
15-06-2020 00:45,ih0vzX44oOqAx2f,0.0,0.0,0.0,6407683.0
05-06-2020 09:00,wCURE6d3bPkepu2,7068.25,691.8875,869.625,6939890.625
26-05-2020 23:15,McdE0feGgRqW7Ca,0.0,0.0,0.0,7249560.0
03-06-2020 22:45,VHMLBKoKgIrUVDU,0.0,0.0,7917.0,7355661.0
25-05-2020 21:30,z9Y9gH1T5YWrNuG,0.0,0.0,8802.0,7089440.0
08-06-2020 14:00,zVJPv84UY57bAof,11099.5,1083.2625,5942.0,7299732.0
06-06-2020 01:00,VHMLBKoKgIrUVDU,0.0,0.0,0.0,7371554.0
08-06-2020 12:00,YxYtjZvoooNbGkE,10604.28571,1036.528571,4031.142857,7360998.143
22-05-2020 07:30,sjndEbLyjtCKgGv,4358.625,428.1125,249.75,7066135.75
11-06-2020 01:45,sjndEbLyjtCKgGv,0.0,0.0,0.0,7215600.0
31-05-2020 20:30,7JYdWkrLSPkdwr4,0.0,0.0,5843.0,7727821.0
27-05-2020 10:00,pkci93gMrogZuBj,6147.666667,602.3333333,1766.666667,7260060.667
18-05-2020 11:45,zVJPv84UY57bAof,6197.857143,607.2142857,1454.857143,7137469.857
08-06-2020 03:00,1IF53ai7Xc0U56Y,0.0,0.0,0.0,6363338.0
29-05-2020 10:00,7JYdWkrLSPkdwr4,8138.5,796.125,1571.75,7708399.75
27-05-2020 21:15,uHbuxQJl8lW7ozc,0.0,0.0,0.0,7135258.0
26-05-2020 09:15,adLQvlD726eNBSB,9363.714286,915.9,1384.285714,6356678.286
19-05-2020 07:30,ZoEaEvLYb1n2sOq,2631.75,258.1625,178.5,7123705.5
17-05-2020 17:30,adLQvlD726eNBSB,1407.142857,136.9571429,7816.428571,6292259.429
17-06-2020 17:15,ih0vzX44oOqAx2f,1536.625,150.125,5659.25,6426030.25
12-06-2020 06:30,1IF53ai7Xc0U56Y,370.0,35.77142857,7.714285714,6392331.714
16-05-2020 18:00,rGa61gmuvPhdLxV,394.5,38.15,6226.25,7124092.25
01-06-2020 05:15,ih0vzX44oOqAx2f,0.0,0.0,0.0,6308232.0
01-06-2020 23:30,ZoEaEvLYb1n2sOq,0.0,0.0,5796.0,7228440.0
05-06-2020 21:45,wCURE6d3bPkepu2,0.0,0.0,7748.0,6946769.0
06-06-2020 00:45,VHMLBKoKgIrUVDU,0.0,0.0,0.0,7371554.0
30-05-2020 03:45,sjndEbLyjtCKgGv,0.0,0.0,0.0,7129029.0
19-05-2020 02:00,sjndEbLyjtCKgGv,0.0,0.0,0.0,7042405.0
11-06-2020 14:00,z9Y9gH1T5YWrNuG,6612.875,647.725,3636.5,7209101.5
25-05-2020 06:00,7JYdWkrLSPkdwr4,0.0,0.0,0.0,7675241.0
18-05-2020 10:30,WRmjgnKYAwPKWDb,3210.857143,315.3714286,741.7142857,7049845.714
25-05-2020 07:00,VHMLBKoKgIrUVDU,1830.428571,179.4285714,78.28571429,7280590.286
16-05-2020 22:15,z9Y9gH1T5YWrNuG,0.0,0.0,6488.0,7020740.0
23-05-2020 09:00,iCRJl6heRkivqQ3,8206.0,803.125,1023.375,7235616.375
11-06-2020 00:30,uHbuxQJl8lW7ozc,0.0,0.0,0.0,7240508.0
04-06-2020 00:45,zVJPv84UY57bAof,0.0,0.0,0.0,7263053.0
01-06-2020 07:15,zVJPv84UY57bAof,2991.571429,293.7714286,156.8571429,7242180.857
17-06-2020 11:15,uHbuxQJl8lW7ozc,8048.0,787.725,2132.25,7283167.25
12-06-2020 16:00,rGa61gmuvPhdLxV,2900.857143,284.7714286,5393.428571,7321825.429
13-06-2020 11:45,sjndEbLyjtCKgGv,13397.14286,1306.214286,3773.571429,7230874.571
17-06-2020 17:30,zBIq5rxdHJRwDNY,1322.2,128.66,5748.0,6583300.0
03-06-2020 17:15,zBIq5rxdHJRwDNY,2939.857143,288.6571429,7742.428571,6484196.429
13-06-2020 06:45,ih0vzX44oOqAx2f,1070.857143,104.1142857,37.57142857,6392300.571
14-06-2020 10:00,VHMLBKoKgIrUVDU,8683.142857,849.5428571,1681.857143,7431247.857
13-06-2020 06:30,1BY6WEcLGh8j5v7,568.75,55.0375,16.875,6455695.875
17-06-2020 12:30,adLQvlD726eNBSB,10537.375,1029.1875,3528.125,6521926.125
17-06-2020 02:15,ih0vzX44oOqAx2f,0.0,0.0,0.0,6420371.0
22-05-2020 02:30,bvBOhCH3iADSZry,0.0,0.0,0.0,6362148.0
30-05-2020 13:45,rGa61gmuvPhdLxV,11881.42857,1159.271429,4493.714286,7227567.714
28-05-2020 14:30,WRmjgnKYAwPKWDb,7373.875,721.5,6716.5,7131254.5
03-06-2020 22:30,bvBOhCH3iADSZry,0.0,0.0,7237.0,6452724.0
31-05-2020 16:45,McdE0feGgRqW7Ca,1834.25,179.7875,5993.25,7286558.25
24-05-2020 13:00,1IF53ai7Xc0U56Y,12400.75,1209.075,5111.75,6254318.75
15-06-2020 20:00,iCRJl6heRkivqQ3,0.0,0.0,6777.0,7414001.0
30-05-2020 23:30,1IF53ai7Xc0U56Y,0.0,0.0,7332.0,6305543.0
03-06-2020 02:15,sjndEbLyjtCKgGv,0.0,0.0,0.0,7155447.0
27-05-2020 20:15,rGa61gmuvPhdLxV,0.0,0.0,0.0,7206549.0
27-05-2020 08:00,z9Y9gH1T5YWrNuG,4393.571429,431.2,383.8571429,7097566.857
04-06-2020 22:45,ih0vzX44oOqAx2f,0.0,0.0,8009.0,6337019.0
23-05-2020 08:45,ih0vzX44oOqAx2f,7617.428571,745.7714286,829.4285714,6241372.429
16-05-2020 16:15,ZnxXDlPa8U1GXgE,2891.125,283.675,6367.875,6534843.875
16-05-2020 12:15,1BY6WEcLGh8j5v7,6788.571429,664.8714286,3237.571429,6268550.571
22-05-2020 01:45,zBIq5rxdHJRwDNY,0.0,0.0,0.0,6388599.0
20-05-2020 01:00,sjndEbLyjtCKgGv,0.0,0.0,0.0,7049284.0
28-05-2020 18:15,1IF53ai7Xc0U56Y,279.1428571,26.97142857,8491.714286,6289953.714
19-05-2020 19:30,zVJPv84UY57bAof,0.0,0.0,6932.0,7148337.0
31-05-2020 20:15,YxYtjZvoooNbGkE,0.0,0.0,5970.0,7305739.0
02-06-2020 13:00,rGa61gmuvPhdLxV,12074.375,1177.7875,4337.625,7246306.625
23-05-2020 15:15,uHbuxQJl8lW7ozc,7567.5,740.7375,7182.625,7102435.625
05-06-2020 04:15,zVJPv84UY57bAof,0.0,0.0,0.0,7271273.0
17-06-2020 06:45,uHbuxQJl8lW7ozc,473.5,45.95,0.0,7281035.0
13-06-2020 10:15,uHbuxQJl8lW7ozc,10673.42857,1041.728571,2022.428571,7254116.429
18-05-2020 00:00,zBIq5rxdHJRwDNY,0.0,0.0,0.0,6359657.0
25-05-2020 07:15,sjndEbLyjtCKgGv,2298.375,225.3625,122.5,7089473.5
23-05-2020 18:15,ih0vzX44oOqAx2f,590.5,57.2,8388.375,6248931.375
17-05-2020 21:45,uHbuxQJl8lW7ozc,0.0,0.0,7454.0,7058793.0
05-06-2020 17:30,ZnxXDlPa8U1GXgE,3771.857143,370.6857143,7491.714286,6686553.714
05-06-2020 03:45,zBIq5rxdHJRwDNY,0.0,0.0,0.0,6492579.0
18-05-2020 09:30,rGa61gmuvPhdLxV,1481.5,144.475,548.625,7132085.625
25-05-2020 20:00,1IF53ai7Xc0U56Y,0.0,0.0,9048.0,6266528.0
03-06-2020 13:15,McdE0feGgRqW7Ca,10292.28571,1006.014286,4689.571429,7305048.571
22-05-2020 22:45,rGa61gmuvPhdLxV,0.0,0.0,0.0,7167141.0
17-05-2020 11:15,iCRJl6heRkivqQ3,13068.85714,1274.228571,3061.285714,7193909.286
03-06-2020 19:15,rGa61gmuvPhdLxV,0.0,0.0,7807.0,7257137.0
23-05-2020 16:15,rGa61gmuvPhdLxV,6746.714286,660.8142857,7535.0,7174676.0
11-06-2020 21:45,7JYdWkrLSPkdwr4,0.0,0.0,5573.0,7806664.0
15-06-2020 15:15,WRmjgnKYAwPKWDb,6260.0,613.1571429,5866.428571,7260450.429
08-06-2020 10:30,sjndEbLyjtCKgGv,11526.875,1124.6125,2447.375,7195001.375
16-06-2020 13:45,YxYtjZvoooNbGkE,6403.5,626.8375,4433.375,7417768.375
15-05-2020 04:15,zBIq5rxdHJRwDNY,0.0,0.0,0.0,6339380.0
14-06-2020 15:45,3PZuoBAID5Wc2HD,5926.5,580.75,6913.375,7217632.375
01-06-2020 08:45,rGa61gmuvPhdLxV,7056.285714,690.9714286,911.8571429,7237243.857
15-05-2020 21:45,1BY6WEcLGh8j5v7,0.0,0.0,5754.0,6265313.0
28-05-2020 02:45,bvBOhCH3iADSZry,0.0,0.0,0.0,6405833.0
18-05-2020 05:15,VHMLBKoKgIrUVDU,0.0,0.0,0.0,7227097.0
14-06-2020 02:00,bvBOhCH3iADSZry,0.0,0.0,0.0,6517642.0
13-06-2020 02:15,1IF53ai7Xc0U56Y,0.0,0.0,0.0,6398227.0
23-05-2020 01:15,1IF53ai7Xc0U56Y,0.0,0.0,0.0,6240534.0
24-05-2020 01:45,3PZuoBAID5Wc2HD,0.0,0.0,0.0,7053268.0
19-05-2020 07:00,ZoEaEvLYb1n2sOq,2447.375,240.075,51.0,7123578.0
25-05-2020 19:30,zVJPv84UY57bAof,0.0,0.0,8813.0,7197609.0
26-05-2020 02:45,3PZuoBAID5Wc2HD,0.0,0.0,0.0,7070636.0
10-06-2020 18:30,ih0vzX44oOqAx2f,0.0,0.0,6277.0,6381032.0
16-06-2020 14:15,7JYdWkrLSPkdwr4,4222.285714,414.5714286,4709.428571,7839508.429
06-06-2020 04:15,ZnxXDlPa8U1GXgE,0.0,0.0,0.0,6686699.0
17-06-2020 14:30,adLQvlD726eNBSB,9068.125,886.5875,5186.25,6523584.25
05-06-2020 19:45,WRmjgnKYAwPKWDb,0.0,0.0,0.0,7190270.0
17-05-2020 15:15,McdE0feGgRqW7Ca,7568.5,740.9375,6595.875,7178616.875
10-06-2020 18:30,rGa61gmuvPhdLxV,0.0,0.0,6565.0,7310769.0
12-06-2020 08:00,bvBOhCH3iADSZry,1619.857143,158.2714286,140.1428571,6504547.143
02-06-2020 08:30,zBIq5rxdHJRwDNY,7908.857143,774.0,625.8571429,6469658.857
02-06-2020 19:30,1IF53ai7Xc0U56Y,0.0,0.0,0.0,6324784.0
14-06-2020 07:00,WRmjgnKYAwPKWDb,1892.428571,185.3571429,71.0,7247250.0
06-06-2020 20:00,1IF53ai7Xc0U56Y,0.0,0.0,6542.0,6355099.0
25-05-2020 22:15,z9Y9gH1T5YWrNuG,0.0,0.0,8802.0,7089440.0
24-05-2020 23:45,1BY6WEcLGh8j5v7,0.0,0.0,7537.0,6327940.0
22-05-2020 06:45,1IF53ai7Xc0U56Y,1252.142857,121.8285714,56.0,6233303.0
19-05-2020 04:00,sjndEbLyjtCKgGv,0.0,0.0,0.0,7042405.0
15-06-2020 20:15,YxYtjZvoooNbGkE,0.0,0.0,6633.0,7413335.0
13-06-2020 14:30,sjndEbLyjtCKgGv,9139.75,893.425,6664.5,7233765.5
06-06-2020 18:30,bvBOhCH3iADSZry,0.0,0.0,5873.0,6473124.0
11-06-2020 10:15,sjndEbLyjtCKgGv,5607.0,549.525,1067.625,7216667.625
18-05-2020 08:30,McdE0feGgRqW7Ca,1848.25,181.175,383.125,7180010.125
16-05-2020 06:00,zBIq5rxdHJRwDNY,53.71428571,5.185714286,0.0,6345776.0
25-05-2020 22:00,zBIq5rxdHJRwDNY,0.0,0.0,8443.0,6420201.0
04-06-2020 23:45,zBIq5rxdHJRwDNY,0.0,0.0,0.0,6492579.0
04-06-2020 03:15,YxYtjZvoooNbGkE,0.0,0.0,0.0,7326756.0
03-06-2020 19:15,McdE0feGgRqW7Ca,0.0,0.0,8010.0,7308369.0
27-05-2020 21:15,bvBOhCH3iADSZry,0.0,0.0,6133.0,6405833.0
17-06-2020 01:15,iCRJl6heRkivqQ3,0.0,0.0,0.0,7420306.0
06-06-2020 05:15,7JYdWkrLSPkdwr4,0.0,0.0,0.0,7764140.0
06-06-2020 19:45,YxYtjZvoooNbGkE,0.0,0.0,0.0,7348812.0
05-06-2020 18:45,uHbuxQJl8lW7ozc,0.0,0.0,7838.0,7202373.0
30-05-2020 18:45,bvBOhCH3iADSZry,0.0,0.0,6658.0,6427681.0
19-05-2020 01:30,YxYtjZvoooNbGkE,0.0,0.0,0.0,7205598.0
08-06-2020 19:15,ih0vzX44oOqAx2f,0.0,0.0,8217.0,6366909.0
31-05-2020 03:30,pkci93gMrogZuBj,0.0,0.0,0.0,7288876.0
09-06-2020 12:15,ih0vzX44oOqAx2f,8825.125,861.9625,4112.375,6371021.375
28-05-2020 10:45,wCURE6d3bPkepu2,9409.625,919.3875,2731.25,6881926.25
19-05-2020 01:15,pkci93gMrogZuBj,0.0,0.0,0.0,7194411.0
22-05-2020 07:00,iCRJl6heRkivqQ3,1544.0,150.7625,85.75,7227527.75
30-05-2020 04:15,7JYdWkrLSPkdwr4,0.0,0.0,0.0,7714835.0
13-06-2020 08:15,ih0vzX44oOqAx2f,6127.125,600.3375,536.625,6392799.625
16-05-2020 15:15,pkci93gMrogZuBj,6089.125,596.575,5465.5,7180942.5
24-05-2020 17:15,rGa61gmuvPhdLxV,2744.75,269.3875,7870.875,7183163.875
27-05-2020 01:45,ZnxXDlPa8U1GXgE,0.0,0.0,0.0,6612649.0
17-06-2020 23:15,1IF53ai7Xc0U56Y,0.0,0.0,6034.0,6433566.0
17-05-2020 11:15,McdE0feGgRqW7Ca,13192.42857,1286.271429,3153.714286,7175174.714
01-06-2020 09:30,zBIq5rxdHJRwDNY,6289.714286,616.2,1407.142857,6464646.143
10-06-2020 20:30,VHMLBKoKgIrUVDU,0.0,0.0,6479.0,7409295.0
13-06-2020 03:15,YxYtjZvoooNbGkE,0.0,0.0,0.0,7391059.0
16-06-2020 08:45,z9Y9gH1T5YWrNuG,5847.25,573.0125,733.0,7239917.0
25-05-2020 19:00,1IF53ai7Xc0U56Y,0.0,0.0,9048.0,6266528.0
10-06-2020 05:45,ZoEaEvLYb1n2sOq,0.0,0.0,0.0,7289679.0
23-05-2020 00:45,YxYtjZvoooNbGkE,0.0,0.0,0.0,7236121.0
16-06-2020 15:30,1IF53ai7Xc0U56Y,6358.0,622.8714286,5608.285714,6426822.286
27-05-2020 22:45,YxYtjZvoooNbGkE,0.0,0.0,0.0,7276029.0
16-05-2020 15:00,ZnxXDlPa8U1GXgE,7420.125,726.5375,5793.25,6534269.25
17-05-2020 16:15,iCRJl6heRkivqQ3,4905.714286,481.0285714,7114.285714,7197962.286
08-06-2020 07:00,WRmjgnKYAwPKWDb,1587.571429,155.2,79.0,7204761.0
21-05-2020 20:00,McdE0feGgRqW7Ca,0.0,0.0,7993.0,7209055.0
15-05-2020 13:15,zVJPv84UY57bAof,6664.571429,652.8,3405.0,7119556.0
22-05-2020 15:00,1IF53ai7Xc0U56Y,9845.75,962.7625,6425.375,6239672.375
05-06-2020 14:30,zVJPv84UY57bAof,11881.0,1158.9875,5643.375,7276916.375
08-06-2020 14:30,iCRJl6heRkivqQ3,11243.125,1098.05,6526.25,7363037.25
25-05-2020 01:00,pkci93gMrogZuBj,0.0,0.0,0.0,7241707.0
18-05-2020 14:45,1BY6WEcLGh8j5v7,5844.285714,572.6571429,3706.142857,6282356.143
07-06-2020 07:15,bvBOhCH3iADSZry,1703.75,166.9875,121.5,6473245.5
04-06-2020 13:00,zVJPv84UY57bAof,10454.625,1021.25,4597.875,7267650.875
20-05-2020 01:00,rGa61gmuvPhdLxV,0.0,0.0,0.0,7143812.0
26-05-2020 19:15,VHMLBKoKgIrUVDU,0.0,0.0,0.0,7297615.0
16-06-2020 21:00,7JYdWkrLSPkdwr4,0.0,0.0,6166.0,7840965.0
24-05-2020 02:00,7JYdWkrLSPkdwr4,0.0,0.0,0.0,7667220.0
22-05-2020 09:00,ZoEaEvLYb1n2sOq,5127.428571,502.7714286,852.2857143,7147537.286
19-05-2020 01:45,zBIq5rxdHJRwDNY,0.0,0.0,0.0,6365047.0
19-05-2020 10:15,ZoEaEvLYb1n2sOq,8305.25,812.425,1500.75,7125027.75
14-06-2020 08:15,ZoEaEvLYb1n2sOq,3450.75,337.6714286,494.7142857,7316257.714
03-06-2020 22:45,YxYtjZvoooNbGkE,0.0,0.0,7827.0,7326756.0
23-05-2020 08:45,adLQvlD726eNBSB,8170.0,799.6285714,887.5714286,6329838.571
28-05-2020 20:00,pkci93gMrogZuBj,0.0,0.0,8273.0,7273258.0
06-06-2020 22:00,pkci93gMrogZuBj,0.0,0.0,0.0,7337918.0
10-06-2020 05:30,z9Y9gH1T5YWrNuG,0.0,0.0,0.0,7199053.0
31-05-2020 00:15,McdE0feGgRqW7Ca,0.0,0.0,0.0,7280565.0
27-05-2020 14:15,VHMLBKoKgIrUVDU,4708.875,462.2125,5111.0,7302726.0
02-06-2020 19:45,zVJPv84UY57bAof,0.0,0.0,7451.0,7255217.0
19-05-2020 14:00,7JYdWkrLSPkdwr4,8571.714286,838.7,4761.857143,7633133.857
13-06-2020 17:30,1BY6WEcLGh8j5v7,1174.571429,114.3571429,7928.0,6463607.0
17-05-2020 00:15,z9Y9gH1T5YWrNuG,0.0,0.0,0.0,7020740.0
31-05-2020 04:30,1BY6WEcLGh8j5v7,0.0,0.0,0.0,6372128.0
19-05-2020 07:00,iCRJl6heRkivqQ3,2453.625,240.6,51.125,7203818.125
23-05-2020 02:00,3PZuoBAID5Wc2HD,0.0,0.0,0.0,7044616.0
12-06-2020 10:45,sjndEbLyjtCKgGv,6662.857143,652.6,1598.285714,7222852.286
16-06-2020 05:45,1BY6WEcLGh8j5v7,0.0,0.0,0.0,6473950.0
17-06-2020 16:15,z9Y9gH1T5YWrNuG,3422.75,336.15,5549.25,7250934.25
29-05-2020 07:15,zBIq5rxdHJRwDNY,1874.428571,183.7142857,133.5714286,6442127.571
08-06-2020 20:00,ZoEaEvLYb1n2sOq,0.0,0.0,8271.0,7281724.0
12-06-2020 09:00,zVJPv84UY57bAof,5006.0,490.7714286,486.8571429,7323173.857
19-05-2020 15:30,bvBOhCH3iADSZry,5947.25,582.8125,5562.25,6346100.25
12-06-2020 03:00,z9Y9gH1T5YWrNuG,0.0,0.0,0.0,7211064.0
31-05-2020 11:15,YxYtjZvoooNbGkE,9506.571429,928.7428571,2506.714286,7302275.714
16-05-2020 08:00,1BY6WEcLGh8j5v7,3960.0,389.1142857,315.2857143,6265628.286
15-06-2020 02:15,iCRJl6heRkivqQ3,0.0,0.0,0.0,7407224.0
15-05-2020 18:15,iCRJl6heRkivqQ3,87.125,8.425,6417.0,7184409.0
05-06-2020 04:30,uHbuxQJl8lW7ozc,0.0,0.0,0.0,7194535.0
10-06-2020 23:00,ih0vzX44oOqAx2f,0.0,0.0,6277.0,6381032.0
17-06-2020 11:15,YxYtjZvoooNbGkE,7995.0,782.5428571,2103.285714,7421659.286
09-06-2020 23:30,adLQvlD726eNBSB,0.0,0.0,8273.0,6470277.0
23-05-2020 14:45,zVJPv84UY57bAof,7094.25,694.75,6919.5,7179213.5
16-06-2020 13:45,pkci93gMrogZuBj,6300.875,616.8375,4423.125,7407640.125
25-05-2020 15:15,wCURE6d3bPkepu2,8418.125,823.6625,7868.375,6863659.375
09-06-2020 05:30,iCRJl6heRkivqQ3,0.0,0.0,0.0,7364955.0
15-06-2020 13:30,sjndEbLyjtCKgGv,3663.285714,359.5,4836.142857,7247647.143
01-06-2020 23:45,bvBOhCH3iADSZry,0.0,0.0,2689.0,6438645.0
27-05-2020 15:30,z9Y9gH1T5YWrNuG,7703.75,754.025,5788.375,7102971.375
12-06-2020 16:15,3PZuoBAID5Wc2HD,2748.571429,269.5714286,5521.428571,7201707.429
17-05-2020 06:15,ZnxXDlPa8U1GXgE,144.2857143,13.92857143,0.857142857,6535152.857
16-05-2020 20:45,bvBOhCH3iADSZry,0.0,0.0,6138.0,6328648.0
13-06-2020 18:30,uHbuxQJl8lW7ozc,66.875,6.45,8437.0,7260531.0
31-05-2020 07:45,ih0vzX44oOqAx2f,2287.285714,224.2714286,194.5714286,6302461.571
15-05-2020 14:45,McdE0feGgRqW7Ca,7507.285714,734.1285714,5143.142857,7164107.143
13-06-2020 21:00,zVJPv84UY57bAof,0.0,0.0,8410.0,7336960.0
11-06-2020 19:45,wCURE6d3bPkepu2,0.0,0.0,5651.0,6988054.0
02-06-2020 19:00,7JYdWkrLSPkdwr4,0.0,0.0,0.0,7740873.0
05-06-2020 16:00,bvBOhCH3iADSZry,6814.125,667.4,6247.375,6466433.375
31-05-2020 02:00,1IF53ai7Xc0U56Y,0.0,0.0,0.0,6305543.0
04-06-2020 11:15,z9Y9gH1T5YWrNuG,7706.125,753.9375,2906.5,7158019.5
15-06-2020 11:30,wCURE6d3bPkepu2,9106.5,889.6625,3442.625,7013140.625
04-06-2020 17:45,pkci93gMrogZuBj,1994.285714,195.3714286,8200.857143,7323636.857
29-05-2020 08:00,7JYdWkrLSPkdwr4,3333.5,327.6,324.5,7707152.5
10-06-2020 01:45,1BY6WEcLGh8j5v7,0.0,0.0,0.0,6439070.0
02-06-2020 17:45,bvBOhCH3iADSZry,562.1428571,54.4,6819.428571,6445464.429
11-06-2020 14:45,uHbuxQJl8lW7ozc,6551.375,641.65,4317.25,7244825.25
16-05-2020 11:30,VHMLBKoKgIrUVDU,6997.142857,685.1857143,2826.428571,7215492.429
04-06-2020 12:15,WRmjgnKYAwPKWDb,12400.71429,1209.514286,3936.0,7178563.0
29-05-2020 10:00,VHMLBKoKgIrUVDU,8442.5,825.7375,1597.625,7314484.625
07-06-2020 06:00,bvBOhCH3iADSZry,55.57142857,5.357142857,0.285714286,6473124.286
07-06-2020 09:45,ZnxXDlPa8U1GXgE,6287.625,615.9875,1346.125,6694400.125
01-06-2020 13:45,zVJPv84UY57bAof,6940.5,679.6166667,4816.166667,7246840.167
09-06-2020 20:15,ZoEaEvLYb1n2sOq,0.0,0.0,7955.0,7289679.0
16-05-2020 13:15,YxYtjZvoooNbGkE,10974.0,1072.325,4274.125,7190531.125
26-05-2020 00:15,sjndEbLyjtCKgGv,0.0,0.0,0.0,7098111.0
17-06-2020 11:45,pkci93gMrogZuBj,11664.42857,1138.514286,2520.714286,7411998.714
31-05-2020 02:45,sjndEbLyjtCKgGv,0.0,0.0,0.0,7136255.0
24-05-2020 16:15,VHMLBKoKgIrUVDU,4601.625,450.9375,7694.75,7280026.75
14-06-2020 22:45,uHbuxQJl8lW7ozc,0.0,0.0,7306.0,7267837.0
31-05-2020 18:45,McdE0feGgRqW7Ca,0.0,0.0,6195.0,7286760.0
30-05-2020 05:30,ZoEaEvLYb1n2sOq,0.0,0.0,0.0,7209600.0
30-05-2020 00:00,bvBOhCH3iADSZry,0.0,0.0,0.0,6421023.0
12-06-2020 04:30,wCURE6d3bPkepu2,0.0,0.0,0.0,6988054.0
09-06-2020 01:00,1BY6WEcLGh8j5v7,0.0,0.0,0.0,6431614.0
05-06-2020 18:00,VHMLBKoKgIrUVDU,1095.857143,106.5142857,7706.857143,7371527.857
12-06-2020 07:15,YxYtjZvoooNbGkE,1048.25,101.875,64.75,7385343.75
15-06-2020 11:15,zVJPv84UY57bAof,7787.375,761.7125,3209.75,7347489.75
27-05-2020 12:15,adLQvlD726eNBSB,6861.857143,671.5714286,3966.142857,6367482.143
29-05-2020 18:15,1IF53ai7Xc0U56Y,125.8571429,12.11428571,8251.857143,6298209.857
01-06-2020 14:30,wCURE6d3bPkepu2,4704.0,461.3,5344.428571,6914749.429
11-06-2020 15:00,adLQvlD726eNBSB,7808.428571,764.1857143,4602.0,6481546.0
08-06-2020 06:45,1BY6WEcLGh8j5v7,1026.625,99.775,42.625,6423792.625
28-05-2020 04:45,McdE0feGgRqW7Ca,0.0,0.0,0.0,7256389.0
18-05-2020 01:30,1IF53ai7Xc0U56Y,0.0,0.0,0.0,6204353.0
24-05-2020 22:30,wCURE6d3bPkepu2,0.0,0.0,7961.0,6855791.0
10-06-2020 08:45,adLQvlD726eNBSB,6958.428571,681.5,761.0,6471038.0
02-06-2020 06:30,zVJPv84UY57bAof,489.0,47.2875,17.875,7247783.875
12-06-2020 08:45,YxYtjZvoooNbGkE,4063.875,399.1625,366.75,7385645.75
11-06-2020 19:45,adLQvlD726eNBSB,0.0,0.0,5790.0,6482734.0
11-06-2020 10:30,McdE0feGgRqW7Ca,5868.0,574.9857143,1228.428571,7362851.429
16-06-2020 21:00,z9Y9gH1T5YWrNuG,0.0,0.0,6201.0,7245385.0
07-06-2020 01:45,adLQvlD726eNBSB,0.0,0.0,0.0,6445031.0
14-06-2020 07:15,YxYtjZvoooNbGkE,3145.625,309.0375,137.0,7399576.0
08-06-2020 08:45,iCRJl6heRkivqQ3,7209.875,706.0,695.375,7357206.375
23-05-2020 20:00,pkci93gMrogZuBj,0.0,0.0,8475.0,7233675.0
11-06-2020 17:45,1IF53ai7Xc0U56Y,1009.857143,98.12857143,5668.142857,6392288.143
11-06-2020 14:00,1IF53ai7Xc0U56Y,6889.0,674.6857143,3723.571429,6390343.571
03-06-2020 18:15,1IF53ai7Xc0U56Y,360.25,34.8125,7869.625,6332653.625
30-05-2020 21:15,7JYdWkrLSPkdwr4,0.0,0.0,7143.0,7721978.0
16-06-2020 10:15,1IF53ai7Xc0U56Y,10477.0,1023.857143,1987.142857,6423202.571
03-06-2020 06:30,iCRJl6heRkivqQ3,602.25,58.275,15.375,7317828.375
09-06-2020 07:00,3PZuoBAID5Wc2HD,2496.428571,244.8142857,106.5714286,7175839.571
25-05-2020 03:30,WRmjgnKYAwPKWDb,0.0,0.0,0.0,7101117.0
06-06-2020 06:15,pkci93gMrogZuBj,404.0,39.04285714,7.714285714,7331494.714
12-06-2020 15:00,ZoEaEvLYb1n2sOq,5586.0,547.475,4830.0,7306462.0
31-05-2020 07:30,sjndEbLyjtCKgGv,1966.571429,192.7857143,141.0,7136396.0
15-06-2020 23:30,adLQvlD726eNBSB,0.0,0.0,6916.0,6512002.0
03-06-2020 11:45,bvBOhCH3iADSZry,12762.42857,1244.714286,2759.428571,6448246.429
13-06-2020 05:15,VHMLBKoKgIrUVDU,0.0,0.0,0.0,7420914.0
14-06-2020 03:15,YxYtjZvoooNbGkE,0.0,0.0,0.0,7399439.0
20-05-2020 01:45,WRmjgnKYAwPKWDb,0.0,0.0,0.0,7060932.0
31-05-2020 21:45,1BY6WEcLGh8j5v7,0.0,0.0,5803.0,6377931.0
15-06-2020 10:30,ZnxXDlPa8U1GXgE,10166.25,992.2375,2515.75,6754262.75
02-06-2020 12:45,ih0vzX44oOqAx2f,10864.14286,1061.185714,4074.0,6318057.0
06-06-2020 20:30,bvBOhCH3iADSZry,0.0,0.0,5873.0,6473124.0
28-05-2020 00:00,uHbuxQJl8lW7ozc,0.0,0.0,0.0,7135258.0
19-05-2020 15:00,ZoEaEvLYb1n2sOq,7153.571429,700.4,5630.285714,7129157.286
15-06-2020 15:45,uHbuxQJl8lW7ozc,5995.285714,587.3142857,6336.0,7274173.0
27-05-2020 00:45,uHbuxQJl8lW7ozc,0.0,0.0,0.0,7128538.0
30-05-2020 00:30,1IF53ai7Xc0U56Y,0.0,0.0,0.0,6298211.0
08-06-2020 07:15,wCURE6d3bPkepu2,1933.375,189.5,120.25,6959647.25
15-06-2020 05:30,1IF53ai7Xc0U56Y,0.0,0.0,0.0,6414368.0
13-06-2020 04:45,wCURE6d3bPkepu2,0.0,0.0,0.0,6993908.0
03-06-2020 02:45,iCRJl6heRkivqQ3,0.0,0.0,0.0,7317813.0
29-05-2020 15:00,ih0vzX44oOqAx2f,7843.0,767.7142857,6620.428571,6293790.429
05-06-2020 02:45,YxYtjZvoooNbGkE,0.0,0.0,0.0,7334886.0
25-05-2020 23:45,bvBOhCH3iADSZry,0.0,0.0,4062.0,6392336.0
11-06-2020 15:00,z9Y9gH1T5YWrNuG,7495.875,733.7625,4441.0,7209906.0
14-06-2020 07:30,ZoEaEvLYb1n2sOq,3090.428571,303.5142857,213.5714286,7315976.571
13-06-2020 22:00,bvBOhCH3iADSZry,0.0,0.0,7863.0,6517642.0
01-06-2020 03:45,wCURE6d3bPkepu2,0.0,0.0,0.0,6909405.0
17-06-2020 12:45,WRmjgnKYAwPKWDb,9772.142857,955.5714286,3671.285714,7271250.286
04-06-2020 16:00,rGa61gmuvPhdLxV,7972.571429,780.3571429,7339.571429,7264476.571
17-06-2020 08:15,iCRJl6heRkivqQ3,3820.428571,375.4142857,388.5714286,7420694.571
11-06-2020 08:30,ZoEaEvLYb1n2sOq,2976.875,292.25,323.625,7296394.625
26-05-2020 01:30,uHbuxQJl8lW7ozc,0.0,0.0,0.0,7120696.0
06-06-2020 20:00,z9Y9gH1T5YWrNuG,0.0,0.0,0.0,7177289.0
02-06-2020 15:15,1IF53ai7Xc0U56Y,5365.857143,525.9714286,6370.571429,6323814.571
06-06-2020 07:00,zBIq5rxdHJRwDNY,2474.5,242.675,90.875,6500392.875
29-05-2020 23:30,iCRJl6heRkivqQ3,0.0,0.0,0.0,7291253.0
09-06-2020 04:30,z9Y9gH1T5YWrNuG,0.0,0.0,0.0,7191424.0
19-05-2020 20:45,pkci93gMrogZuBj,0.0,0.0,6938.0,7201349.0
15-05-2020 04:00,z9Y9gH1T5YWrNuG,0.0,0.0,0.0,7007866.0
27-05-2020 23:30,7JYdWkrLSPkdwr4,0.0,0.0,6638.0,7698550.0
07-06-2020 11:15,bvBOhCH3iADSZry,12502.57143,1219.342857,2559.571429,6475683.571
02-06-2020 02:30,zVJPv84UY57bAof,0.0,0.0,0.0,7247766.0
01-06-2020 01:15,ZnxXDlPa8U1GXgE,0.0,0.0,0.0,6649525.0
07-06-2020 21:15,bvBOhCH3iADSZry,0.0,0.0,5169.0,6478293.0
17-05-2020 21:15,ZnxXDlPa8U1GXgE,0.0,0.0,7586.0,6542738.0
21-05-2020 16:00,ZnxXDlPa8U1GXgE,4071.714286,399.9285714,7437.714286,6571482.714
27-05-2020 15:45,adLQvlD726eNBSB,6693.0,655.5,6163.0,6369679.0
30-05-2020 11:30,1BY6WEcLGh8j5v7,8093.857143,791.7571429,1968.571429,6367342.571
15-05-2020 18:45,adLQvlD726eNBSB,0.0,0.0,6383.0,6277738.0
08-06-2020 00:00,zBIq5rxdHJRwDNY,0.0,0.0,1169.0,6514911.0
09-06-2020 04:15,wCURE6d3bPkepu2,0.0,0.0,0.0,6967970.0
01-06-2020 15:00,wCURE6d3bPkepu2,2833.714286,278.0428571,5499.428571,6914904.429
06-06-2020 01:45,iCRJl6heRkivqQ3,0.0,0.0,0.0,7341803.0
17-05-2020 06:30,McdE0feGgRqW7Ca,464.1428571,44.9,7.571428571,7172028.571
13-06-2020 01:00,1IF53ai7Xc0U56Y,0.0,0.0,0.0,6398227.0
27-05-2020 13:15,VHMLBKoKgIrUVDU,5277.125,517.325,4660.25,7302275.25
30-05-2020 07:45,1BY6WEcLGh8j5v7,2209.0,216.5714286,211.7142857,6365585.714
15-06-2020 00:30,adLQvlD726eNBSB,0.0,0.0,0.0,6505086.0
28-05-2020 02:00,rGa61gmuvPhdLxV,0.0,0.0,0.0,7206549.0
17-05-2020 22:15,ZnxXDlPa8U1GXgE,0.0,0.0,7586.0,6542738.0
06-06-2020 05:15,rGa61gmuvPhdLxV,0.0,0.0,0.0,7273090.0
15-05-2020 06:45,pkci93gMrogZuBj,1264.142857,123.1142857,37.14285714,7169139.143
24-05-2020 02:00,bvBOhCH3iADSZry,0.0,0.0,0.0,6376772.0
24-05-2020 06:30,zBIq5rxdHJRwDNY,723.375,70.1375,20.0,6404501.0
14-06-2020 01:45,1IF53ai7Xc0U56Y,0.0,0.0,0.0,6406881.0
31-05-2020 15:00,ih0vzX44oOqAx2f,2046.625,200.65,5349.75,6307616.75
13-06-2020 04:15,adLQvlD726eNBSB,0.0,0.0,0.0,6488722.0
13-06-2020 06:15,z9Y9gH1T5YWrNuG,354.25,34.2375,5.625,7216872.625
05-06-2020 01:45,zVJPv84UY57bAof,0.0,0.0,0.0,7271273.0
10-06-2020 06:45,7JYdWkrLSPkdwr4,1383.428571,134.8,50.57142857,7794779.571
28-05-2020 16:15,3PZuoBAID5Wc2HD,4771.125,467.5625,8075.0,7093526.0
12-06-2020 14:00,rGa61gmuvPhdLxV,8925.75,873.2,4249.0,7320681.0
17-05-2020 13:15,uHbuxQJl8lW7ozc,5304.625,519.675,4858.125,7056197.125
17-06-2020 15:45,wCURE6d3bPkepu2,1409.714286,137.5285714,5479.0,7028197.0
26-05-2020 22:15,iCRJl6heRkivqQ3,0.0,0.0,0.0,7267996.0
24-05-2020 18:15,zBIq5rxdHJRwDNY,376.2857143,36.35714286,7269.142857,6411750.143
23-05-2020 15:15,pkci93gMrogZuBj,7790.375,762.5,7150.25,7232350.25
02-06-2020 02:30,1IF53ai7Xc0U56Y,0.0,0.0,0.0,6317444.0
22-05-2020 16:30,1BY6WEcLGh8j5v7,2107.0,206.5625,6672.875,6312261.875
19-05-2020 10:15,zVJPv84UY57bAof,8308.125,812.5625,1568.75,7142973.75
31-05-2020 01:15,VHMLBKoKgIrUVDU,0.0,0.0,0.0,7328329.0
11-06-2020 02:15,iCRJl6heRkivqQ3,0.0,0.0,0.0,7379779.0
12-06-2020 00:30,7JYdWkrLSPkdwr4,0.0,0.0,0.0,7806664.0
15-06-2020 03:00,ih0vzX44oOqAx2f,0.0,0.0,0.0,6407683.0
16-06-2020 19:00,1BY6WEcLGh8j5v7,0.0,0.0,5848.0,6479798.0
14-06-2020 13:45,ZnxXDlPa8U1GXgE,11747.25,1146.8125,4931.25,6749274.25
19-05-2020 10:00,z9Y9gH1T5YWrNuG,7266.714286,710.8571429,1358.142857,7034931.143
17-06-2020 12:15,7JYdWkrLSPkdwr4,13528.71429,1319.042857,3093.714286,7844058.714
04-06-2020 17:15,1IF53ai7Xc0U56Y,3663.714286,360.1,8011.0,6340670.0
16-06-2020 04:00,zBIq5rxdHJRwDNY,0.0,0.0,0.0,6571833.0
12-06-2020 01:45,YxYtjZvoooNbGkE,0.0,0.0,0.0,7385279.0
06-06-2020 11:15,3PZuoBAID5Wc2HD,12650.5,1234.425,3024.0,7155510.0
08-06-2020 20:45,VHMLBKoKgIrUVDU,0.0,0.0,8488.0,7394696.0
16-06-2020 16:45,z9Y9gH1T5YWrNuG,2231.375,218.775,5995.125,7245179.125
23-05-2020 09:45,adLQvlD726eNBSB,9324.0,911.5571429,1758.428571,6330709.429
04-06-2020 10:15,7JYdWkrLSPkdwr4,8073.125,788.9,1812.625,7750434.625
15-06-2020 13:15,adLQvlD726eNBSB,5943.0,582.4428571,4853.0,6509939.0
25-05-2020 10:30,bvBOhCH3iADSZry,10402.875,1016.9375,2285.625,6386497.625
18-05-2020 17:45,VHMLBKoKgIrUVDU,748.2857143,72.54285714,5433.285714,7232530.286
29-05-2020 09:45,zBIq5rxdHJRwDNY,8119.75,794.3,1318.75,6443312.75
15-06-2020 09:15,3PZuoBAID5Wc2HD,8997.857143,879.9571429,1358.0,7219581.0
15-06-2020 11:45,WRmjgnKYAwPKWDb,9403.875,919.0,3606.375,7258190.375
11-06-2020 16:00,ih0vzX44oOqAx2f,4751.375,466.275,5008.25,6386040.25
09-06-2020 10:15,McdE0feGgRqW7Ca,10466.25,1021.475,2146.625,7348928.625
12-06-2020 23:00,zBIq5rxdHJRwDNY,0.0,0.0,5837.0,6549387.0
15-05-2020 02:30,adLQvlD726eNBSB,0.0,0.0,0.0,6271355.0
24-05-2020 23:00,ZoEaEvLYb1n2sOq,0.0,0.0,7985.0,7170169.0
08-06-2020 17:30,7JYdWkrLSPkdwr4,1814.75,177.65,8195.75,7786705.75
15-05-2020 14:45,zBIq5rxdHJRwDNY,7227.142857,707.1285714,5090.142857,6344470.143
03-06-2020 06:00,YxYtjZvoooNbGkE,57.5,5.55,0.0,7318929.0
15-05-2020 08:30,ZnxXDlPa8U1GXgE,5053.285714,495.4285714,490.7142857,6522662.714
13-06-2020 17:00,1IF53ai7Xc0U56Y,1743.625,170.775,8511.0,6406738.0
02-06-2020 23:00,7JYdWkrLSPkdwr4,0.0,0.0,0.0,7740873.0
02-06-2020 01:30,7JYdWkrLSPkdwr4,0.0,0.0,0.0,7733624.0
04-06-2020 10:30,McdE0feGgRqW7Ca,9449.428571,922.6,2132.714286,7310501.714
26-05-2020 07:15,YxYtjZvoooNbGkE,2501.125,245.2625,131.0,7261595.0
19-05-2020 22:30,YxYtjZvoooNbGkE,0.0,0.0,6878.0,7212476.0
20-05-2020 21:00,1IF53ai7Xc0U56Y,0.0,0.0,8997.0,6225427.0
30-05-2020 11:15,1BY6WEcLGh8j5v7,9698.428571,947.6571429,1753.857143,6367127.857
05-06-2020 13:30,ZoEaEvLYb1n2sOq,10157.125,992.0625,4393.125,7255933.125
24-05-2020 07:45,zVJPv84UY57bAof,3878.5,381.0,279.625,7181117.625
12-06-2020 23:30,McdE0feGgRqW7Ca,0.0,0.0,5955.0,7373328.0
15-06-2020 23:00,zVJPv84UY57bAof,0.0,0.0,6820.0,7351100.0
19-05-2020 10:00,1IF53ai7Xc0U56Y,6893.25,674.975,1395.125,6211201.125
13-06-2020 06:00,ZnxXDlPa8U1GXgE,112.375,10.85,0.5,6735785.5
13-06-2020 00:30,bvBOhCH3iADSZry,0.0,0.0,0.0,6509779.0
16-06-2020 15:45,wCURE6d3bPkepu2,5078.285714,497.9714286,5711.428571,7022155.429
17-06-2020 13:30,pkci93gMrogZuBj,9730.875,951.2625,4293.375,7413771.375
28-05-2020 06:45,VHMLBKoKgIrUVDU,1411.75,137.7125,51.375,7304429.375
15-06-2020 21:15,ZnxXDlPa8U1GXgE,0.0,0.0,6757.0,6758504.0
08-06-2020 18:45,adLQvlD726eNBSB,0.0,0.0,8620.0,6462004.0
28-05-2020 08:00,ZnxXDlPa8U1GXgE,5081.0,498.1142857,431.2857143,6619807.286
14-06-2020 03:00,1BY6WEcLGh8j5v7,0.0,0.0,0.0,6463663.0
14-06-2020 17:45,WRmjgnKYAwPKWDb,554.25,53.65,7381.0,7254560.0
18-05-2020 20:30,uHbuxQJl8lW7ozc,0.0,0.0,5408.0,7064201.0
29-05-2020 16:45,ZnxXDlPa8U1GXgE,3635.25,357.275,7905.5,6635821.5
23-05-2020 12:30,7JYdWkrLSPkdwr4,12274.57143,1197.642857,4630.142857,7663400.143
12-06-2020 19:30,adLQvlD726eNBSB,0.0,0.0,5988.0,6488722.0
31-05-2020 23:00,adLQvlD726eNBSB,0.0,0.0,5933.0,6400704.0
13-06-2020 13:15,ih0vzX44oOqAx2f,8470.0,828.2142857,5344.142857,6397607.143
05-06-2020 15:00,ZoEaEvLYb1n2sOq,9126.0,891.6857143,5942.428571,7257482.429
23-05-2020 17:30,sjndEbLyjtCKgGv,2044.625,200.45,8377.875,7081339.875
19-05-2020 05:15,rGa61gmuvPhdLxV,0.0,0.0,0.0,7136902.0
31-05-2020 00:00,7JYdWkrLSPkdwr4,0.0,0.0,1020.428571,7721978.0
02-06-2020 13:45,z9Y9gH1T5YWrNuG,11755.0,1147.45,5203.0,7145031.0
12-06-2020 06:15,7JYdWkrLSPkdwr4,163.625,15.8,1.125,7806665.125
15-06-2020 18:30,YxYtjZvoooNbGkE,24.57142857,2.357142857,6633.0,7413335.0
12-06-2020 11:45,ih0vzX44oOqAx2f,9120.571429,892.2,2340.428571,6388893.429
01-06-2020 19:45,VHMLBKoKgIrUVDU,0.0,0.0,5909.0,7340314.0
11-06-2020 03:00,z9Y9gH1T5YWrNuG,0.0,0.0,0.0,7205465.0
29-05-2020 17:45,3PZuoBAID5Wc2HD,923.4285714,89.67142857,8185.285714,7102164.286
05-06-2020 04:30,McdE0feGgRqW7Ca,0.0,0.0,0.0,7316761.0
31-05-2020 05:15,zBIq5rxdHJRwDNY,0.0,0.0,0.0,6457301.0
04-06-2020 00:15,z9Y9gH1T5YWrNuG,0.0,0.0,0.0,7155113.0
31-05-2020 06:15,ih0vzX44oOqAx2f,450.7142857,43.58571429,7.285714286,6302274.286
15-05-2020 14:30,z9Y9gH1T5YWrNuG,5346.375,523.9,4900.0,7012766.0
05-06-2020 18:15,rGa61gmuvPhdLxV,558.0,54.025,7733.125,7273082.125
17-06-2020 16:45,ZoEaEvLYb1n2sOq,1113.75,108.2875,5707.375,7341589.375
25-05-2020 01:30,rGa61gmuvPhdLxV,0.0,0.0,0.0,7183295.0
17-05-2020 04:00,iCRJl6heRkivqQ3,0.0,0.0,0.0,7190848.0
19-05-2020 18:15,z9Y9gH1T5YWrNuG,0.0,0.0,6892.0,7040465.0
21-05-2020 09:45,wCURE6d3bPkepu2,10397.57143,1016.385714,1638.571429,6825882.571
06-06-2020 00:30,VHMLBKoKgIrUVDU,0.0,0.0,0.0,7371554.0
11-06-2020 21:30,VHMLBKoKgIrUVDU,0.0,0.0,5716.0,7415011.0
17-06-2020 14:30,7JYdWkrLSPkdwr4,8464.5,827.8,4971.625,7845936.625
05-06-2020 15:30,VHMLBKoKgIrUVDU,3710.0,363.625,6495.5,7370316.5
11-06-2020 22:15,zBIq5rxdHJRwDNY,0.0,0.0,5647.0,6543550.0
14-06-2020 13:00,1BY6WEcLGh8j5v7,0.0,0.0,2402.0,6466065.0
24-05-2020 14:15,McdE0feGgRqW7Ca,11816.0,1152.585714,6304.285714,7230940.286
20-05-2020 21:00,uHbuxQJl8lW7ozc,0.0,0.0,8913.0,7080111.0
02-06-2020 10:30,pkci93gMrogZuBj,7344.714286,719.0142857,2220.142857,7302520.143
08-06-2020 11:15,pkci93gMrogZuBj,11902.71429,1160.9,3257.0,7349389.0
28-05-2020 14:00,VHMLBKoKgIrUVDU,9652.428571,942.3142857,6531.142857,7310909.143
16-06-2020 06:00,1IF53ai7Xc0U56Y,15.42857143,1.5,0.0,6421214.0
13-06-2020 21:30,uHbuxQJl8lW7ozc,0.0,0.0,8437.0,7260531.0
13-06-2020 20:45,zVJPv84UY57bAof,0.0,0.0,8410.0,7336960.0
17-06-2020 10:30,sjndEbLyjtCKgGv,7315.285714,716.2857143,1604.571429,7257398.571
04-06-2020 12:30,zBIq5rxdHJRwDNY,10273.14286,1003.257143,4125.428571,6488467.429
08-06-2020 15:15,1IF53ai7Xc0U56Y,9128.5,892.875,7349.125,6370687.125
30-05-2020 14:15,uHbuxQJl8lW7ozc,11578.0,1129.925,5039.5,7156971.5
23-05-2020 01:00,bvBOhCH3iADSZry,0.0,0.0,0.0,6368908.0
27-05-2020 20:30,ih0vzX44oOqAx2f,0.0,0.0,6564.0,6278855.0
06-06-2020 11:15,7JYdWkrLSPkdwr4,11535.125,1125.3875,2908.875,7767048.875
16-06-2020 15:15,3PZuoBAID5Wc2HD,4740.375,465.0875,5482.375,7230524.375
24-05-2020 14:15,1BY6WEcLGh8j5v7,8892.5,869.7,5932.375,6326335.375
21-05-2020 07:45,ih0vzX44oOqAx2f,3278.0,322.08,311.2,6226252.2
29-05-2020 08:00,McdE0feGgRqW7Ca,3384.375,332.5875,328.75,7265284.75
04-06-2020 17:15,zBIq5rxdHJRwDNY,3991.714286,392.2285714,8027.142857,6492369.143
17-05-2020 19:45,iCRJl6heRkivqQ3,0.0,0.0,7519.0,7198367.0
17-06-2020 13:00,ih0vzX44oOqAx2f,6803.75,666.375,3773.5,6424144.5
12-06-2020 17:15,1IF53ai7Xc0U56Y,1824.125,178.7875,5757.0,6398081.0
24-05-2020 08:00,ZoEaEvLYb1n2sOq,4830.428571,473.7428571,383.8571429,7162567.857
17-05-2020 22:15,z9Y9gH1T5YWrNuG,0.0,0.0,7486.0,7028226.0
08-06-2020 20:30,rGa61gmuvPhdLxV,0.0,0.0,8291.0,7295964.0
15-05-2020 12:15,1IF53ai7Xc0U56Y,9083.25,887.825,2960.375,6186605.375
22-05-2020 17:30,1BY6WEcLGh8j5v7,752.125,72.9375,6818.375,6312407.375
22-05-2020 18:15,McdE0feGgRqW7Ca,120.875,11.675,6896.125,7215951.125
17-05-2020 07:45,YxYtjZvoooNbGkE,4197.571429,412.1142857,240.0,7192972.0
13-06-2020 17:45,zBIq5rxdHJRwDNY,974.8571429,94.7,8400.142857,6557787.143
18-05-2020 23:00,VHMLBKoKgIrUVDU,0.0,0.0,5457.0,7232554.0
23-05-2020 07:45,VHMLBKoKgIrUVDU,3895.571429,382.8142857,237.0,7263958.0
28-05-2020 02:45,3PZuoBAID5Wc2HD,0.0,0.0,0.0,7085451.0
16-06-2020 08:30,z9Y9gH1T5YWrNuG,5547.0,543.7285714,584.0,7239768.0
02-06-2020 13:15,uHbuxQJl8lW7ozc,11519.71429,1124.471429,4723.571429,7175665.571
06-06-2020 15:30,ZoEaEvLYb1n2sOq,4253.875,417.725,5938.125,7265013.125
16-06-2020 08:15,zVJPv84UY57bAof,4628.285714,454.2857143,469.0,7351569.0
23-05-2020 22:15,z9Y9gH1T5YWrNuG,0.0,0.0,8543.0,7072762.0
14-06-2020 00:15,VHMLBKoKgIrUVDU,0.0,0.0,0.0,7429566.0
15-05-2020 15:00,pkci93gMrogZuBj,4994.625,490.0625,5243.625,7174345.625
18-05-2020 13:15,bvBOhCH3iADSZry,9050.285714,885.0285714,2438.428571,6338014.429
13-06-2020 23:30,ih0vzX44oOqAx2f,0.0,0.0,8255.0,6400518.0
29-05-2020 09:15,VHMLBKoKgIrUVDU,9115.714286,891.7,1028.571429,7313915.571
01-06-2020 21:00,7JYdWkrLSPkdwr4,0.0,0.0,5803.0,7733624.0
07-06-2020 06:00,ih0vzX44oOqAx2f,79.5,7.675,0.25,6350673.25
01-06-2020 02:15,ZnxXDlPa8U1GXgE,0.0,0.0,0.0,6649525.0
30-05-2020 01:30,z9Y9gH1T5YWrNuG,0.0,0.0,0.0,7120455.0
23-05-2020 14:45,ih0vzX44oOqAx2f,7167.142857,701.8428571,6729.857143,6247272.857
07-06-2020 23:15,zBIq5rxdHJRwDNY,0.0,0.0,8183.0,6514911.0
22-05-2020 13:45,ZnxXDlPa8U1GXgE,9812.125,958.1125,5203.75,6577067.75
16-06-2020 14:15,ZoEaEvLYb1n2sOq,4411.0,432.925,4703.5,7334394.5
17-06-2020 19:45,3PZuoBAID5Wc2HD,0.0,0.0,6052.0,7237425.0
21-05-2020 14:00,1IF53ai7Xc0U56Y,10322.42857,1007.714286,6015.428571,6231442.429
17-06-2020 13:15,sjndEbLyjtCKgGv,7887.857143,772.1142857,4037.428571,7259831.429
01-06-2020 12:00,wCURE6d3bPkepu2,4788.75,469.7125,3734.625,6913139.625
27-05-2020 15:30,iCRJl6heRkivqQ3,9464.142857,925.5857143,5769.571429,7273765.571
19-05-2020 21:30,VHMLBKoKgIrUVDU,0.0,0.0,6988.0,7239542.0
04-06-2020 09:15,bvBOhCH3iADSZry,5696.375,558.2375,1029.0,6453753.0
28-05-2020 11:00,zBIq5rxdHJRwDNY,10697.71429,1043.585714,2802.857143,6436885.857
02-06-2020 14:15,McdE0feGgRqW7Ca,7374.75,722.075,5755.875,7298507.875
16-05-2020 23:00,7JYdWkrLSPkdwr4,0.0,0.0,6461.0,7615537.0
06-06-2020 06:30,1BY6WEcLGh8j5v7,724.4285714,70.22857143,20.42857143,6412562.429
17-05-2020 16:45,zBIq5rxdHJRwDNY,3785.142857,371.8714286,7302.428571,6359452.429
05-06-2020 08:00,3PZuoBAID5Wc2HD,3118.625,306.2,298.875,7145001.875
07-06-2020 12:45,ih0vzX44oOqAx2f,12808.57143,1248.828571,4515.142857,6355188.143
17-06-2020 23:00,1BY6WEcLGh8j5v7,0.0,0.0,5521.0,6485319.0
30-05-2020 10:15,iCRJl6heRkivqQ3,4380.625,430.1125,1269.75,7292522.75
06-06-2020 02:00,zBIq5rxdHJRwDNY,0.0,0.0,0.0,6500302.0
31-05-2020 07:15,ZnxXDlPa8U1GXgE,1335.0,130.0571429,104.0,6643487.0
31-05-2020 20:00,1BY6WEcLGh8j5v7,0.0,0.0,5803.0,6377931.0
05-06-2020 16:45,sjndEbLyjtCKgGv,4969.0,487.2428571,7293.142857,7178811.143
26-05-2020 11:15,1IF53ai7Xc0U56Y,8276.25,809.05,3491.125,6270019.125
01-06-2020 02:00,zVJPv84UY57bAof,0.0,0.0,0.0,7242024.0
16-05-2020 16:45,ih0vzX44oOqAx2f,2209.75,216.6625,6275.875,6197635.875
17-06-2020 15:45,iCRJl6heRkivqQ3,1425.285714,139.0571429,5548.142857,7425854.143
25-05-2020 09:45,zBIq5rxdHJRwDNY,9647.5,943.4875,1571.5,6413329.5
09-06-2020 21:30,zBIq5rxdHJRwDNY,0.0,0.0,8136.0,6531405.0
11-06-2020 06:45,wCURE6d3bPkepu2,537.1428571,51.98571429,18.42857143,6982421.429
09-06-2020 13:15,z9Y9gH1T5YWrNuG,10471.57143,1022.228571,4795.857143,7196219.857
26-05-2020 07:00,adLQvlD726eNBSB,2069.125,202.85,91.375,6355385.375
03-06-2020 19:00,rGa61gmuvPhdLxV,0.0,0.0,7807.0,7257137.0
25-05-2020 07:15,YxYtjZvoooNbGkE,2356.375,231.025,123.5,7252774.5
15-06-2020 20:45,ih0vzX44oOqAx2f,0.0,0.0,6564.0,6414247.0
04-06-2020 21:00,ZnxXDlPa8U1GXgE,0.0,0.0,8178.0,6679062.0
16-06-2020 01:45,wCURE6d3bPkepu2,0.0,0.0,0.0,7016444.0
19-05-2020 06:15,VHMLBKoKgIrUVDU,76.25,7.3625,0.75,7232554.75
16-05-2020 05:00,z9Y9gH1T5YWrNuG,0.0,0.0,0.0,7014252.0
09-06-2020 17:30,1BY6WEcLGh8j5v7,1917.625,187.975,7370.0,6438984.0
31-05-2020 17:30,pkci93gMrogZuBj,1390.285714,135.7428571,5850.142857,7294726.143
08-06-2020 17:15,VHMLBKoKgIrUVDU,2412.714286,236.5857143,8349.714286,7394557.714
19-05-2020 18:15,iCRJl6heRkivqQ3,0.0,0.0,6951.0,7210718.0
15-06-2020 05:15,ZoEaEvLYb1n2sOq,0.0,0.0,0.0,7323052.0
23-05-2020 11:30,VHMLBKoKgIrUVDU,12820.0,1250.314286,3421.0,7267142.0
15-05-2020 18:00,3PZuoBAID5Wc2HD,296.2857143,28.61428571,6268.285714,6994027.286
17-05-2020 18:00,1IF53ai7Xc0U56Y,321.1428571,31.01428571,7752.714286,6204346.714
27-05-2020 16:45,adLQvlD726eNBSB,2929.875,287.55,6662.625,6370178.625
18-05-2020 03:00,1BY6WEcLGh8j5v7,0.0,0.0,0.0,6278650.0
12-06-2020 01:15,adLQvlD726eNBSB,0.0,0.0,0.0,6482734.0
30-05-2020 19:00,wCURE6d3bPkepu2,0.0,0.0,7278.0,6903158.0
16-05-2020 03:45,YxYtjZvoooNbGkE,0.0,0.0,0.0,7186257.0
01-06-2020 02:00,1BY6WEcLGh8j5v7,0.0,0.0,0.0,6377931.0
16-06-2020 13:00,rGa61gmuvPhdLxV,5019.714286,492.3142857,3901.285714,7348605.286
04-06-2020 08:00,rGa61gmuvPhdLxV,4745.428571,465.7,365.7142857,7257502.714
09-06-2020 04:30,YxYtjZvoooNbGkE,0.0,0.0,0.0,7365310.0
15-05-2020 04:15,1BY6WEcLGh8j5v7,0.0,0.0,0.0,6259559.0
13-06-2020 05:00,ZnxXDlPa8U1GXgE,0.0,0.0,0.0,6735785.0
29-05-2020 22:00,VHMLBKoKgIrUVDU,0.0,0.0,8172.0,7321059.0
13-06-2020 10:45,ih0vzX44oOqAx2f,11488.5,1120.85,2601.75,6394864.75
17-05-2020 04:45,YxYtjZvoooNbGkE,0.0,0.0,0.0,7192732.0
22-05-2020 04:00,bvBOhCH3iADSZry,0.0,0.0,0.0,6362148.0
31-05-2020 18:15,z9Y9gH1T5YWrNuG,251.2857143,24.25714286,6296.714286,7133893.714
10-06-2020 12:15,1BY6WEcLGh8j5v7,9574.714286,935.5142857,3058.0,6442128.0
25-05-2020 12:30,ZnxXDlPa8U1GXgE,12741.625,1242.2875,4897.625,6600653.625
18-05-2020 20:15,z9Y9gH1T5YWrNuG,0.0,0.0,5347.0,7033573.0
11-06-2020 14:15,ZoEaEvLYb1n2sOq,8995.375,879.6,3801.625,7299872.625
19-05-2020 12:30,uHbuxQJl8lW7ozc,9886.0,966.7,3616.0,7067817.0
23-05-2020 03:30,McdE0feGgRqW7Ca,0.0,0.0,0.0,7215952.0
06-06-2020 23:15,wCURE6d3bPkepu2,0.0,0.0,0.0,6953094.0
16-05-2020 12:15,bvBOhCH3iADSZry,6259.428571,613.2285714,3142.571429,6325652.571
30-05-2020 05:00,z9Y9gH1T5YWrNuG,0.0,0.0,0.0,7120455.0
09-06-2020 12:30,McdE0feGgRqW7Ca,9538.375,931.4875,4503.375,7351285.375
14-06-2020 02:15,adLQvlD726eNBSB,0.0,0.0,0.0,6497496.0
05-06-2020 21:00,zVJPv84UY57bAof,0.0,0.0,7817.0,7279090.0
14-06-2020 07:15,sjndEbLyjtCKgGv,3338.142857,328.0571429,139.2857143,7235643.286
08-06-2020 11:45,YxYtjZvoooNbGkE,10571.875,1032.2625,3782.25,7360749.25
27-05-2020 03:15,iCRJl6heRkivqQ3,0.0,0.0,0.0,7267996.0
25-05-2020 08:00,1IF53ai7Xc0U56Y,3624.714286,355.6142857,379.7142857,6257859.714
08-06-2020 05:15,ZoEaEvLYb1n2sOq,0.0,0.0,0.0,7273453.0
31-05-2020 02:15,7JYdWkrLSPkdwr4,0.0,0.0,0.0,7721978.0
13-06-2020 14:45,z9Y9gH1T5YWrNuG,11116.5,1086.0125,6861.0,7223728.0
23-05-2020 10:45,iCRJl6heRkivqQ3,11496.14286,1121.671429,2567.142857,7237160.143
22-05-2020 14:15,VHMLBKoKgIrUVDU,9752.142857,952.0285714,5719.0,7262080.0
19-05-2020 20:30,ZoEaEvLYb1n2sOq,0.0,0.0,6805.0,7130332.0
23-05-2020 19:30,bvBOhCH3iADSZry,0.0,0.0,7864.0,6376772.0
30-05-2020 20:15,ZoEaEvLYb1n2sOq,0.0,0.0,7248.0,7216848.0
19-05-2020 05:15,ZnxXDlPa8U1GXgE,0.0,0.0,0.0,6548162.0
28-05-2020 05:00,1IF53ai7Xc0U56Y,0.0,0.0,0.0,6281462.0
03-06-2020 20:00,WRmjgnKYAwPKWDb,0.0,0.0,7710.0,7174627.0
02-06-2020 13:30,pkci93gMrogZuBj,10013.25,978.725,4906.875,7305206.875
29-05-2020 16:30,iCRJl6heRkivqQ3,4229.875,415.325,7873.375,7290910.375
25-05-2020 10:00,pkci93gMrogZuBj,10532.71429,1029.585714,1878.857143,7243585.857
05-06-2020 07:30,1BY6WEcLGh8j5v7,1962.125,192.3375,153.5,6405533.5
16-06-2020 13:15,McdE0feGgRqW7Ca,7410.0,725.4857143,4165.857143,7400395.857
09-06-2020 00:45,McdE0feGgRqW7Ca,0.0,0.0,0.0,7346782.0
26-05-2020 06:45,WRmjgnKYAwPKWDb,1322.0,128.7714286,47.85714286,7110043.857
14-06-2020 07:30,3PZuoBAID5Wc2HD,3267.0,321.0,216.2857143,7210935.286
20-05-2020 08:15,rGa61gmuvPhdLxV,5807.25,569.1125,525.375,7144337.375
07-06-2020 10:30,7JYdWkrLSPkdwr4,9763.5,954.4625,1854.25,7772311.25
09-06-2020 20:15,adLQvlD726eNBSB,0.0,0.0,8273.0,6470277.0
28-05-2020 19:00,pkci93gMrogZuBj,0.0,0.0,8273.0,7273258.0
31-05-2020 14:30,VHMLBKoKgIrUVDU,2111.5,207.0125,5321.0,7333650.0
11-06-2020 19:00,ih0vzX44oOqAx2f,0.0,0.0,5521.0,6386553.0
19-05-2020 10:45,ZoEaEvLYb1n2sOq,8594.125,840.1875,1878.5,7125405.5
16-05-2020 13:30,wCURE6d3bPkepu2,9175.285714,897.4142857,4550.0,6793477.0
19-05-2020 21:00,McdE0feGgRqW7Ca,0.0,0.0,7007.0,7192098.0
12-06-2020 07:00,zBIq5rxdHJRwDNY,934.4285714,90.74285714,41.42857143,6543591.429
10-06-2020 16:00,1IF53ai7Xc0U56Y,4232.428571,415.7,6059.428571,6386081.429
13-06-2020 09:00,z9Y9gH1T5YWrNuG,6123.857143,600.0,1038.428571,7217905.429
06-06-2020 17:00,YxYtjZvoooNbGkE,937.1428571,91.01428571,6275.285714,7348764.286
02-06-2020 23:15,1IF53ai7Xc0U56Y,0.0,0.0,0.0,6324784.0
05-06-2020 16:45,ih0vzX44oOqAx2f,4335.5,425.35,7012.5,6344031.5
17-05-2020 21:15,McdE0feGgRqW7Ca,0.0,0.0,7606.0,7179627.0
24-05-2020 15:30,zBIq5rxdHJRwDNY,3168.125,310.9875,6504.125,6410985.125
02-06-2020 11:15,YxYtjZvoooNbGkE,6944.571429,680.0714286,2923.571429,7314439.571
04-06-2020 23:30,3PZuoBAID5Wc2HD,0.0,0.0,8215.0,7144703.0
04-06-2020 03:30,uHbuxQJl8lW7ozc,0.0,0.0,0.0,7186255.0
30-05-2020 22:15,7JYdWkrLSPkdwr4,0.0,0.0,7143.0,7721978.0
04-06-2020 21:45,YxYtjZvoooNbGkE,0.0,0.0,0.0,7334886.0
24-05-2020 14:00,1BY6WEcLGh8j5v7,6450.428571,631.3571429,5732.428571,6326135.429
24-05-2020 12:00,YxYtjZvoooNbGkE,11954.875,1166.2875,3736.125,7248416.125
02-06-2020 20:00,3PZuoBAID5Wc2HD,0.0,0.0,0.0,7128614.0
08-06-2020 09:45,z9Y9gH1T5YWrNuG,11388.85714,1111.828571,1589.428571,7185220.429
08-06-2020 16:45,VHMLBKoKgIrUVDU,5342.5,523.725,8179.625,7394387.625
13-06-2020 19:30,VHMLBKoKgIrUVDU,0.0,0.0,8652.0,7429566.0
03-06-2020 18:00,1IF53ai7Xc0U56Y,636.2857143,61.62857143,7857.428571,6332641.429
28-05-2020 21:30,uHbuxQJl8lW7ozc,0.0,0.0,8374.0,7143632.0
15-05-2020 18:00,bvBOhCH3iADSZry,272.4285714,26.31428571,5702.285714,6322505.286
29-05-2020 20:45,VHMLBKoKgIrUVDU,0.0,0.0,8172.0,7321059.0
07-06-2020 18:30,adLQvlD726eNBSB,72.75,7.0125,8352.75,6453383.75
29-05-2020 18:00,YxYtjZvoooNbGkE,433.0,41.8875,8094.75,7292498.75
14-06-2020 15:45,ZnxXDlPa8U1GXgE,5918.857143,579.9857143,6805.428571,6751148.429
07-06-2020 04:15,adLQvlD726eNBSB,0.0,0.0,0.0,6445031.0
21-05-2020 09:00,zBIq5rxdHJRwDNY,8448.714286,826.7857143,980.7142857,6381842.714
21-05-2020 11:30,7JYdWkrLSPkdwr4,12222.0,1192.257143,3341.285714,7647321.286
22-05-2020 10:30,adLQvlD726eNBSB,5215.857143,511.4714286,1942.428571,6323515.429
08-06-2020 15:15,pkci93gMrogZuBj,9053.625,885.325,7226.125,7353358.125
27-05-2020 19:15,bvBOhCH3iADSZry,0.0,0.0,6133.0,6405833.0
23-05-2020 19:30,VHMLBKoKgIrUVDU,0.0,0.0,8611.0,7272332.0
06-06-2020 16:30,ih0vzX44oOqAx2f,1336.285714,130.0571429,6085.428571,6350561.429
11-06-2020 01:30,YxYtjZvoooNbGkE,0.0,0.0,0.0,7379687.0
19-05-2020 07:30,ZnxXDlPa8U1GXgE,2600.125,255.0125,182.625,6548344.625
25-05-2020 08:00,1BY6WEcLGh8j5v7,4575.285714,448.9142857,354.8571429,6328294.857
24-05-2020 11:00,pkci93gMrogZuBj,10609.25,1035.8375,2532.0,7236207.0
12-06-2020 00:45,zBIq5rxdHJRwDNY,0.0,0.0,0.0,6543550.0
13-06-2020 02:45,1BY6WEcLGh8j5v7,0.0,0.0,0.0,6455679.0
23-05-2020 08:15,uHbuxQJl8lW7ozc,6040.285714,591.8428571,447.7142857,7095700.714
23-05-2020 17:00,iCRJl6heRkivqQ3,3458.5,340.0125,8376.875,7242969.875
18-05-2020 03:15,3PZuoBAID5Wc2HD,0.0,0.0,0.0,7008483.0
02-06-2020 21:45,rGa61gmuvPhdLxV,0.0,0.0,7361.0,7249330.0
18-05-2020 02:30,pkci93gMrogZuBj,0.0,0.0,0.0,7189047.0
06-06-2020 23:00,bvBOhCH3iADSZry,0.0,0.0,5873.0,6473124.0
30-05-2020 10:30,1IF53ai7Xc0U56Y,5282.625,517.825,1430.25,6299641.25
12-06-2020 19:00,VHMLBKoKgIrUVDU,0.0,0.0,5903.0,7420914.0
24-05-2020 03:30,ZnxXDlPa8U1GXgE,0.0,0.0,0.0,6587728.0
05-06-2020 22:30,ZnxXDlPa8U1GXgE,0.0,0.0,0.0,6686699.0
27-05-2020 09:00,zVJPv84UY57bAof,8161.625,798.725,1003.25,7206386.25
06-06-2020 06:30,ih0vzX44oOqAx2f,724.4285714,70.24285714,19.71428571,6344495.714
27-05-2020 10:30,zBIq5rxdHJRwDNY,7975.25,780.45,2034.625,6429736.625
23-05-2020 19:15,ih0vzX44oOqAx2f,0.0,0.0,8395.0,6248938.0
06-06-2020 11:30,adLQvlD726eNBSB,9307.0,908.3428571,3317.0,6441745.0
22-05-2020 00:15,McdE0feGgRqW7Ca,0.0,0.0,0.0,7209055.0
18-05-2020 04:45,VHMLBKoKgIrUVDU,0.0,0.0,0.0,7227097.0
28-05-2020 20:15,rGa61gmuvPhdLxV,0.0,0.0,8266.0,7214815.0
12-06-2020 01:30,YxYtjZvoooNbGkE,0.0,0.0,0.0,7385279.0
15-05-2020 04:45,pkci93gMrogZuBj,0.0,0.0,0.0,7169102.0
24-05-2020 07:15,3PZuoBAID5Wc2HD,2663.428571,261.2285714,143.4285714,7053411.429
07-06-2020 04:30,uHbuxQJl8lW7ozc,0.0,0.0,0.0,7208855.0
24-05-2020 15:30,McdE0feGgRqW7Ca,3612.25,354.5375,7300.5,7231936.5
06-06-2020 06:30,wCURE6d3bPkepu2,686.2857143,66.5,20.28571429,6946789.286
23-05-2020 22:30,sjndEbLyjtCKgGv,0.0,0.0,8487.0,7081449.0
01-06-2020 20:15,rGa61gmuvPhdLxV,0.0,0.0,5637.0,7241969.0
30-05-2020 01:15,McdE0feGgRqW7Ca,0.0,0.0,0.0,7273213.0
20-05-2020 20:00,3PZuoBAID5Wc2HD,0.0,0.0,8982.0,7029494.0
11-06-2020 10:30,WRmjgnKYAwPKWDb,5712.375,559.85,1208.75,7228575.75
10-06-2020 05:45,sjndEbLyjtCKgGv,0.0,0.0,0.0,7209095.0
16-06-2020 07:30,zBIq5rxdHJRwDNY,2804.5,275.0875,171.0,6572004.0
10-06-2020 20:15,1IF53ai7Xc0U56Y,0.0,0.0,6598.0,6386620.0
19-05-2020 12:30,7JYdWkrLSPkdwr4,10806.0,1056.2,3500.0,7631872.0
11-06-2020 18:00,YxYtjZvoooNbGkE,628.625,60.8625,5576.625,7385263.625
16-06-2020 10:30,1BY6WEcLGh8j5v7,7846.857143,768.0857143,2001.0,6475951.0
25-05-2020 09:30,pkci93gMrogZuBj,9408.571429,920.2285714,1387.857143,7243094.857
27-05-2020 01:45,sjndEbLyjtCKgGv,0.0,0.0,0.0,7105889.0
24-05-2020 16:00,uHbuxQJl8lW7ozc,3720.571429,364.9571429,7532.857143,7111278.857
22-05-2020 23:00,z9Y9gH1T5YWrNuG,0.0,0.0,0.0,7064219.0
17-05-2020 09:30,1BY6WEcLGh8j5v7,7851.285714,768.5,1252.714286,6272857.714
29-05-2020 14:30,pkci93gMrogZuBj,8120.875,794.7375,6474.25,7279732.25
16-05-2020 22:45,zBIq5rxdHJRwDNY,0.0,0.0,6374.0,6352150.0
19-05-2020 11:30,uHbuxQJl8lW7ozc,4574.0,448.9333333,2566.0,7066767.0
16-05-2020 15:15,ih0vzX44oOqAx2f,5803.857143,568.7142857,5753.142857,6197113.143
19-05-2020 01:15,rGa61gmuvPhdLxV,0.0,0.0,0.0,7136902.0
30-05-2020 09:00,ih0vzX44oOqAx2f,3709.857143,364.5857143,639.7142857,6295760.714
09-06-2020 10:30,wCURE6d3bPkepu2,12680.14286,1236.285714,2329.428571,6970299.429
17-05-2020 00:15,McdE0feGgRqW7Ca,0.0,0.0,0.0,7172021.0
12-06-2020 15:30,1IF53ai7Xc0U56Y,5917.857143,579.8857143,5219.571429,6397543.571
12-06-2020 03:15,YxYtjZvoooNbGkE,0.0,0.0,0.0,7385279.0
20-05-2020 20:00,ZnxXDlPa8U1GXgE,0.0,0.0,8909.0,6564045.0
31-05-2020 19:00,YxYtjZvoooNbGkE,0.0,0.0,5970.0,7305739.0
19-05-2020 20:15,zBIq5rxdHJRwDNY,0.0,0.0,6924.0,6371971.0
16-06-2020 09:00,wCURE6d3bPkepu2,5811.571429,569.5142857,875.0,7017319.0
17-05-2020 06:45,zVJPv84UY57bAof,880.5,85.4875,22.375,7128557.375
09-06-2020 03:30,zVJPv84UY57bAof,0.0,0.0,0.0,7302167.0
05-06-2020 21:00,WRmjgnKYAwPKWDb,0.0,0.0,0.0,7190270.0
23-05-2020 09:30,ZoEaEvLYb1n2sOq,8274.25,809.7,1433.75,7155146.75
28-05-2020 01:45,adLQvlD726eNBSB,0.0,0.0,0.0,6370373.0
12-06-2020 20:30,YxYtjZvoooNbGkE,0.0,0.0,5780.0,7391059.0
21-05-2020 11:00,bvBOhCH3iADSZry,11064.28571,1079.928571,2477.714286,6357515.714
19-05-2020 03:30,zBIq5rxdHJRwDNY,0.0,0.0,0.0,6365047.0
26-05-2020 17:45,pkci93gMrogZuBj,489.375,47.325,7760.0,7258279.0
07-06-2020 10:30,3PZuoBAID5Wc2HD,10518.125,1027.7,1899.375,7160881.375
06-06-2020 05:30,7JYdWkrLSPkdwr4,0.0,0.0,0.0,7764140.0
16-06-2020 06:15,1IF53ai7Xc0U56Y,196.0,18.91428571,1.857142857,6421215.857
13-06-2020 00:00,ZnxXDlPa8U1GXgE,0.0,0.0,840.4285714,6735785.0
14-06-2020 13:15,zVJPv84UY57bAof,10575.875,1033.4625,4385.125,7341345.125
17-05-2020 15:00,pkci93gMrogZuBj,9175.857143,897.4714286,6158.714286,7187808.714
22-05-2020 07:00,sjndEbLyjtCKgGv,1571.375,153.45,87.125,7065973.125
28-05-2020 21:15,WRmjgnKYAwPKWDb,0.0,0.0,8323.0,7132861.0
17-05-2020 05:45,VHMLBKoKgIrUVDU,0.0,0.0,0.0,7219380.0
01-06-2020 17:45,ih0vzX44oOqAx2f,690.2857143,66.9,5721.857143,6313953.857
11-06-2020 07:30,1BY6WEcLGh8j5v7,1367.0,133.1375,82.625,6445063.625
14-06-2020 11:30,z9Y9gH1T5YWrNuG,9665.428571,945.0857143,2988.571429,7228218.571
13-06-2020 11:15,YxYtjZvoooNbGkE,12493.75,1218.4875,3152.125,7394211.125
17-05-2020 18:15,wCURE6d3bPkepu2,127.8571429,12.34285714,7528.428571,6802998.429
10-06-2020 22:45,7JYdWkrLSPkdwr4,0.0,0.0,6362.0,7801091.0
31-05-2020 18:45,zVJPv84UY57bAof,0.0,0.0,6047.0,7242024.0
20-05-2020 05:45,3PZuoBAID5Wc2HD,0.0,0.0,0.0,7020512.0
20-05-2020 10:00,3PZuoBAID5Wc2HD,10449.71429,1021.514286,2020.285714,7022532.286
25-05-2020 16:00,pkci93gMrogZuBj,8186.714286,801.1857143,8434.142857,7250141.143
05-06-2020 21:00,McdE0feGgRqW7Ca,0.0,0.0,7920.0,7324681.0
06-06-2020 05:45,WRmjgnKYAwPKWDb,0.0,0.0,0.0,7190270.0
24-05-2020 23:45,VHMLBKoKgIrUVDU,0.0,0.0,8180.0,7280512.0
04-06-2020 12:45,3PZuoBAID5Wc2HD,7461.714286,729.9571429,4460.0,7140948.0
16-06-2020 16:15,3PZuoBAID5Wc2HD,3461.25,340.025,5995.125,7231037.125
18-05-2020 05:30,1BY6WEcLGh8j5v7,0.0,0.0,0.0,6278650.0
25-05-2020 22:45,1BY6WEcLGh8j5v7,0.0,0.0,8268.0,6336208.0
20-05-2020 20:45,WRmjgnKYAwPKWDb,0.0,0.0,8793.0,7069725.0
19-05-2020 04:15,pkci93gMrogZuBj,0.0,0.0,0.0,7194411.0
24-05-2020 17:00,ZoEaEvLYb1n2sOq,4054.428571,398.2857143,7775.0,7169959.0
17-05-2020 03:00,7JYdWkrLSPkdwr4,0.0,0.0,0.0,7615537.0
19-05-2020 16:15,3PZuoBAID5Wc2HD,4651.5,456.0375,6536.0,7020454.0
29-05-2020 23:30,WRmjgnKYAwPKWDb,0.0,0.0,8038.0,7140899.0
27-05-2020 17:15,z9Y9gH1T5YWrNuG,1693.142857,165.6714286,6643.285714,7103826.286
23-05-2020 02:15,pkci93gMrogZuBj,0.0,0.0,0.0,7225200.0
29-05-2020 10:00,YxYtjZvoooNbGkE,8938.428571,873.8,1559.285714,7285963.286
09-06-2020 16:15,VHMLBKoKgIrUVDU,5592.375,548.0875,7556.25,7402252.25
26-05-2020 15:15,rGa61gmuvPhdLxV,4519.125,443.4,6580.75,7198682.75
01-06-2020 10:00,adLQvlD726eNBSB,8697.75,850.675,1932.5,6402636.5
27-05-2020 02:00,zBIq5rxdHJRwDNY,0.0,0.0,0.0,6427702.0
24-05-2020 00:30,ZnxXDlPa8U1GXgE,0.0,0.0,0.0,6587728.0
29-05-2020 14:30,wCURE6d3bPkepu2,8269.714286,809.3142857,6393.0,6894102.0
21-05-2020 20:15,3PZuoBAID5Wc2HD,0.0,0.0,0.0,7037301.0
01-06-2020 15:15,McdE0feGgRqW7Ca,1989.25,194.9875,5604.0,7292364.0
04-06-2020 04:30,ZnxXDlPa8U1GXgE,0.0,0.0,0.0,6670884.0
19-05-2020 23:15,ZoEaEvLYb1n2sOq,0.0,0.0,6805.0,7130332.0
16-06-2020 05:00,zVJPv84UY57bAof,0.0,0.0,0.0,7351100.0
19-05-2020 06:15,rGa61gmuvPhdLxV,87.42857143,8.428571429,0.857142857,7136902.857
19-05-2020 23:00,YxYtjZvoooNbGkE,0.0,0.0,6878.0,7212476.0
25-05-2020 21:30,3PZuoBAID5Wc2HD,0.0,0.0,9068.0,7070636.0
24-05-2020 01:00,zBIq5rxdHJRwDNY,0.0,0.0,0.0,6404481.0
08-06-2020 09:30,ih0vzX44oOqAx2f,10546.83333,1030.983333,1316.5,6360008.5
17-06-2020 13:00,VHMLBKoKgIrUVDU,7325.625,717.275,3916.75,7454117.75
14-06-2020 07:00,z9Y9gH1T5YWrNuG,1964.625,192.475,70.875,7225300.875
11-06-2020 22:45,ZnxXDlPa8U1GXgE,0.0,0.0,5692.0,6729902.0
17-06-2020 01:30,iCRJl6heRkivqQ3,0.0,0.0,0.0,7420306.0
11-06-2020 07:45,sjndEbLyjtCKgGv,2045.571429,200.5142857,133.7142857,7215733.714
27-05-2020 15:15,WRmjgnKYAwPKWDb,5341.857143,523.7285714,5663.142857,7123543.143
19-05-2020 10:15,VHMLBKoKgIrUVDU,7183.571429,703.3285714,1507.857143,7234061.857
05-06-2020 15:30,3PZuoBAID5Wc2HD,4010.625,392.85,6560.25,7151263.25
07-06-2020 03:45,3PZuoBAID5Wc2HD,0.0,0.0,0.0,7158982.0
18-05-2020 08:15,sjndEbLyjtCKgGv,1370.857143,133.4857143,335.8571429,7037389.857
30-05-2020 17:30,sjndEbLyjtCKgGv,1865.0,182.825,7151.375,7136180.375
16-05-2020 12:45,ZoEaEvLYb1n2sOq,11265.5,1099.9625,3746.625,7108106.625
15-06-2020 19:30,ih0vzX44oOqAx2f,0.0,0.0,6564.0,6414247.0
08-06-2020 15:45,VHMLBKoKgIrUVDU,7008.25,685.95,7673.625,7393881.625
14-06-2020 19:30,1IF53ai7Xc0U56Y,0.0,0.0,7487.0,6414368.0
28-05-2020 06:45,1BY6WEcLGh8j5v7,1262.428571,122.8285714,46.0,6349879.0
23-05-2020 14:00,adLQvlD726eNBSB,10820.85714,1056.728571,6530.0,6335481.0
03-06-2020 17:15,3PZuoBAID5Wc2HD,2491.125,244.4375,7751.75,7136365.75
08-06-2020 19:30,ZnxXDlPa8U1GXgE,0.0,0.0,8435.0,6709698.0
29-05-2020 07:15,McdE0feGgRqW7Ca,2016.857143,197.7428571,141.8571429,7265097.857
16-05-2020 14:45,7JYdWkrLSPkdwr4,7122.857143,697.5,5422.142857,7614498.143
10-06-2020 19:45,WRmjgnKYAwPKWDb,0.0,0.0,6389.0,7227367.0
16-06-2020 22:30,ih0vzX44oOqAx2f,0.0,0.0,6124.0,6420371.0
16-06-2020 14:15,sjndEbLyjtCKgGv,4496.571429,441.4,4753.428571,7254292.429
27-05-2020 01:30,uHbuxQJl8lW7ozc,0.0,0.0,0.0,7128538.0
09-06-2020 06:45,rGa61gmuvPhdLxV,1337.285714,130.4285714,49.14285714,7296013.143
28-05-2020 08:00,McdE0feGgRqW7Ca,5048.75,494.95,422.125,7256811.125
01-06-2020 14:30,zBIq5rxdHJRwDNY,5292.142857,518.8714286,5171.428571,6468410.429
20-05-2020 01:30,VHMLBKoKgIrUVDU,0.0,0.0,0.0,7239542.0
01-06-2020 04:15,zBIq5rxdHJRwDNY,0.0,0.0,0.0,6463239.0
08-06-2020 11:30,iCRJl6heRkivqQ3,9793.375,956.575,3554.5,7360065.5
22-05-2020 05:45,z9Y9gH1T5YWrNuG,0.0,0.0,0.0,7057147.0
06-06-2020 01:00,wCURE6d3bPkepu2,0.0,0.0,0.0,6946769.0
05-06-2020 03:45,z9Y9gH1T5YWrNuG,0.0,0.0,0.0,7163262.0
13-06-2020 09:00,ih0vzX44oOqAx2f,8698.428571,851.1,1041.857143,6393304.857
15-06-2020 12:00,WRmjgnKYAwPKWDb,10129.0,989.2285714,3822.142857,7258406.143
03-06-2020 17:15,7JYdWkrLSPkdwr4,2740.571429,268.9571429,7616.0,7748489.0
28-05-2020 21:15,McdE0feGgRqW7Ca,0.0,0.0,8567.0,7264956.0
02-06-2020 15:30,wCURE6d3bPkepu2,6056.0,593.3857143,6613.0,6921957.0
18-05-2020 11:00,ZnxXDlPa8U1GXgE,6419.428571,628.8857143,1015.857143,6543753.857
24-05-2020 11:45,adLQvlD726eNBSB,11939.14286,1164.957143,3702.0,6341436.0
29-05-2020 11:15,1IF53ai7Xc0U56Y,11170.28571,1090.328571,3078.142857,6293036.143
14-06-2020 21:45,wCURE6d3bPkepu2,0.0,0.0,7329.0,7009698.0
31-05-2020 06:45,VHMLBKoKgIrUVDU,1046.142857,101.6857143,45.71428571,7328374.714
15-06-2020 05:45,bvBOhCH3iADSZry,0.0,0.0,0.0,6521600.0
14-06-2020 09:45,sjndEbLyjtCKgGv,8174.0,800.0125,1442.0,7236946.0
03-06-2020 22:30,1BY6WEcLGh8j5v7,0.0,0.0,7341.0,6397809.0
13-06-2020 19:45,VHMLBKoKgIrUVDU,0.0,0.0,8652.0,7429566.0
06-06-2020 01:45,uHbuxQJl8lW7ozc,0.0,0.0,0.0,7202373.0
06-06-2020 18:00,bvBOhCH3iADSZry,211.875,20.4625,5868.875,6473119.875
19-05-2020 06:00,pkci93gMrogZuBj,0.0,0.0,0.0,7194411.0
07-06-2020 02:15,1IF53ai7Xc0U56Y,0.0,0.0,0.0,6355099.0
12-06-2020 00:45,ZoEaEvLYb1n2sOq,0.0,0.0,0.0,7301632.0
06-06-2020 02:15,zVJPv84UY57bAof,0.0,0.0,0.0,7279090.0
02-06-2020 15:30,sjndEbLyjtCKgGv,6069.714286,594.7,6554.571429,7154562.571
16-06-2020 22:00,wCURE6d3bPkepu2,0.0,0.0,6274.0,7022718.0
05-06-2020 08:30,WRmjgnKYAwPKWDb,7172.5,702.3875,575.75,7183240.75
06-06-2020 11:15,McdE0feGgRqW7Ca,10869.14286,1060.914286,2954.0,7327635.0
25-05-2020 07:15,bvBOhCH3iADSZry,2300.75,225.5875,117.75,6384329.75
03-06-2020 22:30,ZoEaEvLYb1n2sOq,0.0,0.0,7774.0,7243501.0
21-05-2020 22:15,VHMLBKoKgIrUVDU,0.0,0.0,0.0,7256361.0
21-05-2020 18:00,bvBOhCH3iADSZry,288.25,27.85,7103.875,6362141.875
14-06-2020 06:45,uHbuxQJl8lW7ozc,1066.0,103.5875,38.0,7260569.0
19-05-2020 18:00,1BY6WEcLGh8j5v7,0.0,0.0,6449.0,6290097.0
17-05-2020 20:45,zVJPv84UY57bAof,0.0,0.0,7480.0,7136015.0
20-05-2020 05:15,iCRJl6heRkivqQ3,0.0,0.0,0.0,7210718.0
20-05-2020 01:30,z9Y9gH1T5YWrNuG,0.0,0.0,0.0,7040465.0
13-06-2020 20:45,ZoEaEvLYb1n2sOq,0.0,0.0,8378.0,7315763.0
27-05-2020 01:15,rGa61gmuvPhdLxV,0.0,0.0,0.0,7199869.0
28-05-2020 02:00,ZnxXDlPa8U1GXgE,0.0,0.0,0.0,6619376.0
08-06-2020 15:15,bvBOhCH3iADSZry,8390.285714,821.0142857,6595.142857,6484888.143
26-05-2020 07:00,z9Y9gH1T5YWrNuG,1776.571429,174.0,78.42857143,7089518.429
12-06-2020 14:30,VHMLBKoKgIrUVDU,6461.571429,632.9857143,4668.571429,7419679.571
14-06-2020 04:15,wCURE6d3bPkepu2,0.0,0.0,0.0,7002369.0
12-06-2020 09:00,adLQvlD726eNBSB,5190.142857,508.7857143,504.1428571,6483238.143
08-06-2020 23:30,WRmjgnKYAwPKWDb,0.0,0.0,8319.0,7213001.0
30-05-2020 09:00,z9Y9gH1T5YWrNuG,3761.285714,369.6714286,645.0,7121100.0
17-06-2020 08:45,wCURE6d3bPkepu2,3911.375,384.325,577.625,7023295.625
18-05-2020 13:15,pkci93gMrogZuBj,8728.142857,853.9285714,2641.857143,7191688.857
28-05-2020 09:30,7JYdWkrLSPkdwr4,9455.625,924.825,1533.0,7700083.0
16-06-2020 07:15,ZoEaEvLYb1n2sOq,2329.5,228.4,105.75,7329796.75
12-06-2020 00:30,McdE0feGgRqW7Ca,0.0,0.0,0.0,7367373.0
12-06-2020 06:15,VHMLBKoKgIrUVDU,167.0,16.1125,1.625,7415012.625
04-06-2020 16:45,iCRJl6heRkivqQ3,3983.142857,390.8857143,7900.142857,7333596.143
14-06-2020 05:45,zVJPv84UY57bAof,0.0,0.0,0.0,7336960.0
12-06-2020 18:00,1BY6WEcLGh8j5v7,762.0,73.9,5422.428571,6455660.429
28-05-2020 05:30,adLQvlD726eNBSB,0.0,0.0,0.0,6370373.0
07-06-2020 18:30,YxYtjZvoooNbGkE,52.28571429,5.057142857,8155.0,7356967.0
17-06-2020 10:15,zVJPv84UY57bAof,6722.75,658.475,1434.25,7358796.25
28-05-2020 18:00,VHMLBKoKgIrUVDU,489.75,47.35,8495.375,7312873.375
30-05-2020 02:00,ZnxXDlPa8U1GXgE,0.0,0.0,0.0,6636066.0
13-06-2020 11:30,3PZuoBAID5Wc2HD,12667.375,1235.45,3738.5,7205824.5
26-05-2020 06:15,bvBOhCH3iADSZry,391.0,37.78571429,6.714285714,6392342.714
06-06-2020 12:45,WRmjgnKYAwPKWDb,6778.5,663.4,4149.25,7194419.25
26-05-2020 08:30,iCRJl6heRkivqQ3,6678.125,654.15,686.625,7260816.625
01-06-2020 02:15,bvBOhCH3iADSZry,0.0,0.0,0.0,6433267.0
10-06-2020 17:00,YxYtjZvoooNbGkE,2442.142857,239.5142857,6247.428571,7379515.429
04-06-2020 18:30,wCURE6d3bPkepu2,46.0,4.442857143,8244.857143,6939020.857
10-06-2020 06:30,ZnxXDlPa8U1GXgE,879.7142857,85.38571429,21.85714286,6717793.857
30-05-2020 19:15,1BY6WEcLGh8j5v7,0.0,0.0,6754.0,6372128.0
17-05-2020 12:15,adLQvlD726eNBSB,10579.57143,1032.742857,4397.714286,6288840.714
29-05-2020 09:00,1BY6WEcLGh8j5v7,6348.142857,621.7857143,757.2857143,6358567.286
07-06-2020 20:00,pkci93gMrogZuBj,0.0,0.0,8214.0,7346132.0
11-06-2020 10:30,wCURE6d3bPkepu2,5746.714286,563.1571429,1206.0,6983609.0
01-06-2020 01:00,rGa61gmuvPhdLxV,0.0,0.0,0.0,7236332.0
11-06-2020 04:30,YxYtjZvoooNbGkE,0.0,0.0,0.0,7379687.0
31-05-2020 00:30,YxYtjZvoooNbGkE,0.0,0.0,0.0,7299769.0
03-06-2020 07:15,VHMLBKoKgIrUVDU,2283.5,223.9,109.5,7347853.5
30-05-2020 15:30,VHMLBKoKgIrUVDU,8204.285714,802.9571429,6262.0,7327321.0
15-06-2020 21:45,VHMLBKoKgIrUVDU,0.0,0.0,6814.0,7443869.0
28-05-2020 00:00,7JYdWkrLSPkdwr4,0.0,0.0,948.2857143,7698550.0
24-05-2020 01:15,pkci93gMrogZuBj,0.0,0.0,0.0,7233675.0
26-05-2020 09:15,ZnxXDlPa8U1GXgE,8978.25,878.3625,1280.75,6605946.75
27-05-2020 23:00,1IF53ai7Xc0U56Y,0.0,0.0,6824.0,6281462.0
14-06-2020 05:45,uHbuxQJl8lW7ozc,0.0,0.0,0.0,7260531.0
29-05-2020 17:15,adLQvlD726eNBSB,2402.142857,235.5571429,8246.0,6387255.0
23-05-2020 13:30,z9Y9gH1T5YWrNuG,11612.875,1132.65,5667.25,7069886.25
07-06-2020 16:15,rGa61gmuvPhdLxV,6612.25,647.6875,7577.75,7287078.75
17-06-2020 18:15,uHbuxQJl8lW7ozc,346.875,33.5,5960.75,7286995.75
30-05-2020 05:00,ZnxXDlPa8U1GXgE,0.0,0.0,0.0,6636066.0
09-06-2020 14:15,3PZuoBAID5Wc2HD,6515.285714,638.1857143,6144.285714,7181877.286
16-06-2020 23:45,iCRJl6heRkivqQ3,0.0,0.0,6305.0,7420306.0
31-05-2020 00:30,rGa61gmuvPhdLxV,0.0,0.0,0.0,7230438.0
21-05-2020 13:45,WRmjgnKYAwPKWDb,9137.375,892.7125,5660.25,7075385.25
16-06-2020 19:45,McdE0feGgRqW7Ca,0.0,0.0,6365.0,7402595.0
08-06-2020 22:45,rGa61gmuvPhdLxV,0.0,0.0,8291.0,7295964.0
24-05-2020 09:45,1IF53ai7Xc0U56Y,6744.75,660.55,1591.0,6250798.0
01-06-2020 03:00,ZoEaEvLYb1n2sOq,0.0,0.0,0.0,7222644.0
17-06-2020 14:45,uHbuxQJl8lW7ozc,8176.714286,799.8142857,5275.857143,7286310.857
18-05-2020 08:30,ZnxXDlPa8U1GXgE,1861.285714,182.4428571,380.0,6543118.0
17-05-2020 06:30,ZoEaEvLYb1n2sOq,460.7142857,44.55714286,7.428571429,7110751.429
19-05-2020 01:15,ih0vzX44oOqAx2f,0.0,0.0,0.0,6210487.0
25-05-2020 22:45,7JYdWkrLSPkdwr4,0.0,0.0,8779.0,7684020.0
16-06-2020 23:00,wCURE6d3bPkepu2,0.0,0.0,6274.0,7022718.0
25-05-2020 20:15,rGa61gmuvPhdLxV,0.0,0.0,8807.0,7192102.0
03-06-2020 11:30,YxYtjZvoooNbGkE,10512.42857,1026.971429,2684.0,7321613.0
17-05-2020 11:45,ih0vzX44oOqAx2f,11221.25,1094.8,3670.875,6201480.875
17-05-2020 17:15,ZnxXDlPa8U1GXgE,1706.857143,167.2857143,7499.428571,6542651.429
07-06-2020 09:00,7JYdWkrLSPkdwr4,9139.75,893.9,749.625,7771206.625
15-06-2020 12:00,1IF53ai7Xc0U56Y,9677.375,945.3125,3901.0,6418269.0
08-06-2020 12:00,1IF53ai7Xc0U56Y,10205.25,997.6375,4193.0,6367531.0
05-06-2020 16:00,7JYdWkrLSPkdwr4,7173.375,702.45,6663.0,7763284.0
09-06-2020 21:15,sjndEbLyjtCKgGv,0.0,0.0,8170.0,7209095.0
31-05-2020 09:30,ZoEaEvLYb1n2sOq,8254.375,807.7875,1025.875,7217873.875
12-06-2020 01:30,VHMLBKoKgIrUVDU,0.0,0.0,0.0,7415011.0
31-05-2020 18:45,wCURE6d3bPkepu2,0.0,0.0,6247.0,6909405.0
17-06-2020 14:30,WRmjgnKYAwPKWDb,8774.75,858.05,5046.0,7272625.0
16-05-2020 23:45,zVJPv84UY57bAof,0.0,0.0,6419.0,7128535.0
19-05-2020 03:15,rGa61gmuvPhdLxV,0.0,0.0,0.0,7136902.0
23-05-2020 04:45,rGa61gmuvPhdLxV,0.0,0.0,0.0,7167141.0
30-05-2020 06:45,pkci93gMrogZuBj,1187.0,115.4285714,38.0,7281573.0
09-06-2020 01:00,1IF53ai7Xc0U56Y,0.0,0.0,0.0,6371833.0
28-05-2020 20:15,ZnxXDlPa8U1GXgE,0.0,0.0,8540.0,6627916.0
16-05-2020 03:30,3PZuoBAID5Wc2HD,0.0,0.0,0.0,6994033.0
03-06-2020 05:00,zVJPv84UY57bAof,0.0,0.0,0.0,7255217.0
17-05-2020 05:45,z9Y9gH1T5YWrNuG,0.0,0.0,0.0,7020740.0
21-05-2020 16:30,ZoEaEvLYb1n2sOq,4371.857143,429.1714286,7414.714286,7146482.714
24-05-2020 02:30,pkci93gMrogZuBj,0.0,0.0,0.0,7233675.0
27-05-2020 05:45,zVJPv84UY57bAof,0.0,0.0,0.0,7205383.0
17-06-2020 12:30,7JYdWkrLSPkdwr4,9671.625,945.2125,3387.625,7844352.625
24-05-2020 06:45,3PZuoBAID5Wc2HD,1308.571429,127.4142857,46.42857143,7053314.429
31-05-2020 21:00,ih0vzX44oOqAx2f,0.0,0.0,5965.0,6308232.0
04-06-2020 10:00,ZoEaEvLYb1n2sOq,9538.125,931.4,1577.5,7245078.5
17-06-2020 05:15,pkci93gMrogZuBj,0.0,0.0,0.0,7409478.0
06-06-2020 05:00,wCURE6d3bPkepu2,0.0,0.0,0.0,6946769.0
15-06-2020 21:15,ih0vzX44oOqAx2f,0.0,0.0,6564.0,6414247.0
10-06-2020 05:15,adLQvlD726eNBSB,0.0,0.0,0.0,6470277.0
20-05-2020 21:00,zVJPv84UY57bAof,0.0,0.0,8842.0,7157179.0
07-06-2020 10:00,3PZuoBAID5Wc2HD,6899.25,675.6875,1508.125,7160490.125
06-06-2020 17:15,sjndEbLyjtCKgGv,648.375,62.775,6351.25,7185628.25
06-06-2020 02:30,z9Y9gH1T5YWrNuG,0.0,0.0,0.0,7171001.0
17-05-2020 22:30,WRmjgnKYAwPKWDb,0.0,0.0,7674.0,7049104.0
13-06-2020 02:00,uHbuxQJl8lW7ozc,0.0,0.0,0.0,7252094.0
08-06-2020 12:45,YxYtjZvoooNbGkE,8467.857143,828.1428571,4758.428571,7361725.429
05-06-2020 06:30,1IF53ai7Xc0U56Y,670.25,64.95,17.75,6340872.75
25-05-2020 16:30,uHbuxQJl8lW7ozc,1967.714286,192.7857143,8691.142857,7120543.143
13-06-2020 15:30,YxYtjZvoooNbGkE,8033.875,785.9125,7609.125,7398668.125
03-06-2020 14:45,wCURE6d3bPkepu2,9829.75,960.2875,6157.125,6929026.125
31-05-2020 05:45,iCRJl6heRkivqQ3,0.0,0.0,0.0,7298598.0
22-05-2020 02:30,ih0vzX44oOqAx2f,0.0,0.0,0.0,6233543.0
17-06-2020 11:00,VHMLBKoKgIrUVDU,6697.25,655.2,1945.125,7452146.125
23-05-2020 12:15,YxYtjZvoooNbGkE,13758.375,1341.4375,4327.875,7240448.875
10-06-2020 01:15,1IF53ai7Xc0U56Y,0.0,0.0,0.0,6380022.0
18-05-2020 19:30,ih0vzX44oOqAx2f,0.0,0.0,5286.0,6210487.0
28-05-2020 15:15,YxYtjZvoooNbGkE,9039.75,884.325,7317.375,7283346.375
13-06-2020 12:15,z9Y9gH1T5YWrNuG,9798.857143,957.4428571,4359.571429,7221226.571
12-06-2020 10:30,iCRJl6heRkivqQ3,8236.75,806.1,1406.875,7386877.875
30-05-2020 16:45,7JYdWkrLSPkdwr4,3992.25,392.2625,6863.5,7721698.5
31-05-2020 16:00,rGa61gmuvPhdLxV,3046.625,299.2375,5539.75,7235977.75
17-05-2020 18:45,ZoEaEvLYb1n2sOq,0.0,0.0,7464.0,7118208.0
15-05-2020 11:15,adLQvlD726eNBSB,5966.875,584.65,2176.75,6273531.75
11-06-2020 19:00,z9Y9gH1T5YWrNuG,0.0,0.0,5599.0,7211064.0
10-06-2020 16:30,iCRJl6heRkivqQ3,3466.285714,340.4285714,6250.0,7379470.0
15-06-2020 20:00,3PZuoBAID5Wc2HD,0.0,0.0,6819.0,7225042.0
16-05-2020 08:15,zBIq5rxdHJRwDNY,4733.0,464.1428571,438.4285714,6346214.429
15-06-2020 10:15,McdE0feGgRqW7Ca,12431.42857,1212.785714,2284.857143,7391642.857
10-06-2020 19:00,VHMLBKoKgIrUVDU,0.0,0.0,6479.0,7409295.0
30-05-2020 15:30,WRmjgnKYAwPKWDb,7988.571429,781.9428571,6185.571429,7147084.571
25-05-2020 22:45,YxYtjZvoooNbGkE,0.0,0.0,8813.0,7261464.0
26-05-2020 16:45,sjndEbLyjtCKgGv,6111.25,598.8,7534.75,7105645.75
18-05-2020 20:30,wCURE6d3bPkepu2,0.0,0.0,5393.0,6808393.0
31-05-2020 04:15,YxYtjZvoooNbGkE,0.0,0.0,0.0,7299769.0
02-06-2020 08:45,McdE0feGgRqW7Ca,7940.75,777.1625,910.75,7293662.75
18-05-2020 17:30,VHMLBKoKgIrUVDU,1167.375,113.525,5409.75,7232506.75
26-05-2020 21:30,YxYtjZvoooNbGkE,0.0,0.0,0.0,7269333.0
15-06-2020 17:15,WRmjgnKYAwPKWDb,2289.285714,224.4714286,6618.571429,7261202.571
21-05-2020 21:00,wCURE6d3bPkepu2,0.0,0.0,7811.0,6832055.0
01-06-2020 00:30,bvBOhCH3iADSZry,0.0,0.0,0.0,6433267.0
28-05-2020 13:45,wCURE6d3bPkepu2,9702.428571,947.2428571,6129.714286,6885324.714
20-05-2020 12:15,iCRJl6heRkivqQ3,12904.14286,1258.157143,4499.571429,7215217.571
03-06-2020 05:15,adLQvlD726eNBSB,0.0,0.0,0.0,6414276.0
13-06-2020 21:00,VHMLBKoKgIrUVDU,0.0,0.0,8652.0,7429566.0
03-06-2020 01:15,ih0vzX44oOqAx2f,0.0,0.0,0.0,6321311.0
25-05-2020 19:00,ih0vzX44oOqAx2f,0.0,0.0,8085.0,6264579.0
26-05-2020 06:45,z9Y9gH1T5YWrNuG,1208.714286,117.5571429,44.57142857,7089484.571
27-05-2020 21:15,rGa61gmuvPhdLxV,0.0,0.0,0.0,7206549.0
28-05-2020 15:15,iCRJl6heRkivqQ3,9091.714286,889.4142857,7278.857143,7281970.857
24-05-2020 22:45,WRmjgnKYAwPKWDb,0.0,0.0,8091.0,7101117.0
16-06-2020 02:15,iCRJl6heRkivqQ3,0.0,0.0,0.0,7414001.0
01-06-2020 20:15,3PZuoBAID5Wc2HD,0.0,0.0,5965.0,7121269.0
06-06-2020 02:45,1IF53ai7Xc0U56Y,0.0,0.0,0.0,6348557.0
27-05-2020 10:45,pkci93gMrogZuBj,7879.0,770.4,2257.375,7260551.375
27-05-2020 21:45,WRmjgnKYAwPKWDb,0.0,0.0,6658.0,7124538.0
23-05-2020 00:45,1BY6WEcLGh8j5v7,0.0,0.0,0.0,6312437.0
13-06-2020 09:00,adLQvlD726eNBSB,9505.75,929.7125,1185.625,6489907.625
26-05-2020 19:30,ZoEaEvLYb1n2sOq,0.0,0.0,0.0,7186690.0
25-05-2020 04:45,3PZuoBAID5Wc2HD,0.0,0.0,0.0,7061568.0
12-06-2020 10:00,zVJPv84UY57bAof,5780.857143,566.5,1063.285714,7323750.286
14-06-2020 18:15,iCRJl6heRkivqQ3,252.4285714,24.35714286,7364.714286,7407219.714
03-06-2020 17:00,zVJPv84UY57bAof,5733.0,561.875,7583.0,7262800.0
18-05-2020 19:45,McdE0feGgRqW7Ca,0.0,0.0,5464.0,7185091.0
29-05-2020 13:15,1IF53ai7Xc0U56Y,11917.75,1162.9875,5359.125,6295317.125
24-05-2020 12:30,ZnxXDlPa8U1GXgE,11743.14286,1145.771429,4422.857143,6592150.857
19-05-2020 22:45,uHbuxQJl8lW7ozc,0.0,0.0,6997.0,7071198.0
11-06-2020 00:00,1IF53ai7Xc0U56Y,0.0,0.0,0.0,6386620.0
26-05-2020 07:30,YxYtjZvoooNbGkE,3275.142857,321.7857143,201.0,7261665.0
30-05-2020 10:00,ZoEaEvLYb1n2sOq,4685.428571,459.6571429,1145.571429,7210745.571
02-06-2020 06:30,adLQvlD726eNBSB,525.875,50.8625,18.625,6406849.625
01-06-2020 04:15,1BY6WEcLGh8j5v7,0.0,0.0,0.0,6377931.0
29-05-2020 12:15,wCURE6d3bPkepu2,11113.42857,1085.157143,4054.714286,6891763.714
25-05-2020 09:45,McdE0feGgRqW7Ca,10377.5,1014.475,1691.375,7234382.375
18-05-2020 12:45,zVJPv84UY57bAof,7717.714286,755.4571429,2249.142857,7138264.143
09-06-2020 10:45,ZnxXDlPa8U1GXgE,11677.0,1139.328571,2635.857143,6712333.857
08-06-2020 10:45,iCRJl6heRkivqQ3,11353.71429,1107.842857,2721.571429,7359232.571
30-05-2020 03:00,pkci93gMrogZuBj,0.0,0.0,0.0,7281535.0
22-05-2020 06:45,ZoEaEvLYb1n2sOq,1180.571429,114.8,53.71428571,7146738.714
31-05-2020 05:15,wCURE6d3bPkepu2,0.0,0.0,0.0,6903158.0
09-06-2020 00:00,ih0vzX44oOqAx2f,0.0,0.0,1027.125,6366909.0
10-06-2020 15:45,pkci93gMrogZuBj,3965.142857,389.6142857,5932.857143,7368648.857
28-05-2020 03:45,McdE0feGgRqW7Ca,0.0,0.0,0.0,7256389.0
18-05-2020 03:30,zBIq5rxdHJRwDNY,0.0,0.0,0.0,6359657.0
10-06-2020 15:00,uHbuxQJl8lW7ozc,2088.0,204.4875,5722.875,7239585.875
13-06-2020 06:15,3PZuoBAID5Wc2HD,380.5,36.775,7.375,7202093.375
20-05-2020 01:00,3PZuoBAID5Wc2HD,0.0,0.0,0.0,7020512.0
26-05-2020 17:00,VHMLBKoKgIrUVDU,4231.0,415.0142857,7982.285714,7297507.286
29-05-2020 12:15,McdE0feGgRqW7Ca,9872.625,965.35,4122.75,7269078.75
07-06-2020 22:30,ih0vzX44oOqAx2f,0.0,0.0,8019.0,6358692.0
24-05-2020 18:45,wCURE6d3bPkepu2,0.0,0.0,7961.0,6855791.0
04-06-2020 21:45,zVJPv84UY57bAof,0.0,0.0,0.0,7271273.0
09-06-2020 00:15,rGa61gmuvPhdLxV,0.0,0.0,0.0,7295964.0
16-05-2020 13:45,uHbuxQJl8lW7ozc,7214.625,706.4,4466.125,7049534.125
01-06-2020 14:15,ZoEaEvLYb1n2sOq,3307.0,324.2875,5062.125,7227706.125
03-06-2020 04:15,pkci93gMrogZuBj,0.0,0.0,0.0,7307650.0
14-06-2020 09:00,z9Y9gH1T5YWrNuG,5917.714286,579.8857143,869.4285714,7226099.429
19-05-2020 03:00,YxYtjZvoooNbGkE,0.0,0.0,0.0,7205598.0
21-05-2020 23:15,pkci93gMrogZuBj,0.0,0.0,7778.0,7217976.0
20-05-2020 20:15,ZoEaEvLYb1n2sOq,0.0,0.0,8736.0,7139068.0
08-06-2020 01:15,wCURE6d3bPkepu2,0.0,0.0,0.0,6959527.0
13-06-2020 05:30,z9Y9gH1T5YWrNuG,0.0,0.0,0.0,7216867.0
06-06-2020 14:30,YxYtjZvoooNbGkE,4278.5,418.4625,5598.375,7348087.375
14-06-2020 22:30,YxYtjZvoooNbGkE,0.0,0.0,7263.0,7406702.0
08-06-2020 18:15,sjndEbLyjtCKgGv,468.1428571,45.25714286,8362.857143,7200916.857
15-06-2020 00:15,McdE0feGgRqW7Ca,0.0,0.0,0.0,7389358.0
22-05-2020 00:00,uHbuxQJl8lW7ozc,0.0,0.0,0.0,7087976.0
20-05-2020 09:15,1IF53ai7Xc0U56Y,8675.125,848.85,1317.125,6217747.125
25-05-2020 02:30,1IF53ai7Xc0U56Y,0.0,0.0,0.0,6257480.0
06-06-2020 04:45,1IF53ai7Xc0U56Y,0.0,0.0,0.0,6348557.0
14-06-2020 06:30,YxYtjZvoooNbGkE,647.4285714,62.7,16.14285714,7399455.143
03-06-2020 02:45,YxYtjZvoooNbGkE,0.0,0.0,0.0,7318929.0
05-06-2020 18:45,bvBOhCH3iADSZry,0.0,0.0,7065.0,6467251.0
19-05-2020 07:00,ZnxXDlPa8U1GXgE,2502.5,245.4,53.5,6548215.5
16-06-2020 19:00,zBIq5rxdHJRwDNY,0.0,0.0,5719.0,6577552.0
28-05-2020 19:00,VHMLBKoKgIrUVDU,0.0,0.0,8509.0,7312887.0
26-05-2020 15:30,zVJPv84UY57bAof,7539.428571,738.0857143,6769.857143,7204378.857
05-06-2020 00:30,VHMLBKoKgIrUVDU,0.0,0.0,0.0,7363821.0
22-05-2020 02:00,3PZuoBAID5Wc2HD,0.0,0.0,0.0,7037301.0
11-06-2020 20:00,McdE0feGgRqW7Ca,0.0,0.0,5750.0,7367373.0
31-05-2020 02:00,rGa61gmuvPhdLxV,0.0,0.0,0.0,7230438.0
17-05-2020 21:15,7JYdWkrLSPkdwr4,0.0,0.0,7526.0,7623063.0
05-06-2020 08:30,rGa61gmuvPhdLxV,7182.142857,703.3,524.1428571,7265873.143
17-05-2020 16:45,7JYdWkrLSPkdwr4,3704.0,363.8428571,7329.857143,7622866.857
16-05-2020 06:45,zVJPv84UY57bAof,1125.75,109.475,38.375,7122154.375
23-05-2020 16:00,iCRJl6heRkivqQ3,6785.142857,664.5857143,7860.0,7242453.0
16-05-2020 11:30,ZoEaEvLYb1n2sOq,6575.571429,644.0857143,2649.142857,7107009.143
02-06-2020 23:15,McdE0feGgRqW7Ca,0.0,0.0,7607.0,7300359.0
05-06-2020 05:00,zBIq5rxdHJRwDNY,0.0,0.0,0.0,6492579.0
17-06-2020 02:45,1IF53ai7Xc0U56Y,0.0,0.0,0.0,6427532.0
16-06-2020 01:30,VHMLBKoKgIrUVDU,0.0,0.0,0.0,7443869.0
04-06-2020 17:45,zVJPv84UY57bAof,2003.285714,196.3285714,8167.142857,7271220.143
17-06-2020 03:45,VHMLBKoKgIrUVDU,0.0,0.0,0.0,7450201.0
27-05-2020 00:45,zBIq5rxdHJRwDNY,0.0,0.0,0.0,6427702.0
30-05-2020 08:15,zBIq5rxdHJRwDNY,4247.857143,417.2,389.4285714,6450294.429
01-06-2020 16:45,1BY6WEcLGh8j5v7,1508.142857,147.2,5386.857143,6383317.857
22-05-2020 05:45,YxYtjZvoooNbGkE,0.0,0.0,0.0,7229034.0
29-05-2020 13:45,iCRJl6heRkivqQ3,8798.0,860.3571429,5808.571429,7288845.571
09-06-2020 22:00,VHMLBKoKgIrUVDU,0.0,0.0,8120.0,7402816.0
02-06-2020 04:15,McdE0feGgRqW7Ca,0.0,0.0,0.0,7292752.0
17-05-2020 12:15,WRmjgnKYAwPKWDb,9087.142857,887.6142857,4232.285714,7045662.286
19-05-2020 04:30,ZoEaEvLYb1n2sOq,0.0,0.0,0.0,7123527.0
06-06-2020 09:15,VHMLBKoKgIrUVDU,5469.714286,536.2142857,1198.714286,7372752.714
15-05-2020 20:30,sjndEbLyjtCKgGv,0.0,0.0,6350.0,7023182.0
18-05-2020 10:45,wCURE6d3bPkepu2,5623.142857,551.1428571,847.5714286,6803847.571
14-06-2020 01:30,ZoEaEvLYb1n2sOq,0.0,0.0,0.0,7315763.0
05-06-2020 22:30,7JYdWkrLSPkdwr4,0.0,0.0,0.0,7764140.0
30-05-2020 03:45,wCURE6d3bPkepu2,0.0,0.0,0.0,6895880.0
28-05-2020 04:15,sjndEbLyjtCKgGv,0.0,0.0,0.0,7112565.0
25-05-2020 02:30,wCURE6d3bPkepu2,0.0,0.0,0.0,6855791.0
19-05-2020 18:15,McdE0feGgRqW7Ca,0.0,0.0,7007.0,7192098.0
19-05-2020 10:15,WRmjgnKYAwPKWDb,7314.857143,715.9857143,1471.857143,7055923.857
25-05-2020 12:15,zBIq5rxdHJRwDNY,12159.71429,1185.571429,4295.571429,6416053.571
12-06-2020 18:45,iCRJl6heRkivqQ3,0.0,0.0,5888.0,7391359.0
15-06-2020 21:00,zBIq5rxdHJRwDNY,0.0,0.0,6696.0,6571833.0
15-05-2020 02:45,wCURE6d3bPkepu2,0.0,0.0,0.0,6782598.0
04-06-2020 04:45,rGa61gmuvPhdLxV,0.0,0.0,0.0,7257137.0
12-06-2020 12:15,YxYtjZvoooNbGkE,7241.0,709.0428571,2818.857143,7388097.857
12-06-2020 00:00,ZnxXDlPa8U1GXgE,0.0,0.0,711.5,6729902.0
16-06-2020 14:30,7JYdWkrLSPkdwr4,10243.125,1000.4125,4874.875,7839673.875
25-05-2020 02:15,WRmjgnKYAwPKWDb,0.0,0.0,0.0,7101117.0
28-05-2020 17:30,7JYdWkrLSPkdwr4,1106.75,107.6,8229.75,7706779.75
11-06-2020 13:15,McdE0feGgRqW7Ca,7412.25,725.75,3278.5,7364901.5
10-06-2020 03:00,zBIq5rxdHJRwDNY,0.0,0.0,0.0,6531405.0
11-06-2020 16:00,3PZuoBAID5Wc2HD,4723.0,463.4142857,5192.428571,7195661.429
11-06-2020 07:15,zVJPv84UY57bAof,1204.0,117.1142857,57.42857143,7317073.429
14-06-2020 14:45,pkci93gMrogZuBj,6596.75,646.1875,5914.5,7395075.5
01-06-2020 15:45,bvBOhCH3iADSZry,1341.875,130.5625,5102.0,6438369.0
22-05-2020 23:30,1IF53ai7Xc0U56Y,0.0,0.0,7287.0,6240534.0
23-05-2020 14:30,sjndEbLyjtCKgGv,7523.625,736.625,6651.75,7079613.75
28-05-2020 03:30,McdE0feGgRqW7Ca,0.0,0.0,0.0,7256389.0
11-06-2020 00:15,zVJPv84UY57bAof,0.0,0.0,0.0,7317016.0
01-06-2020 13:00,McdE0feGgRqW7Ca,7944.714286,776.7285714,4362.571429,7291122.571
18-05-2020 10:30,zVJPv84UY57bAof,3200.5,314.3875,740.75,7136755.75
27-05-2020 07:30,1BY6WEcLGh8j5v7,3032.857143,297.8,193.7142857,6343862.714
15-05-2020 20:30,zBIq5rxdHJRwDNY,0.0,0.0,6396.0,6345776.0
04-06-2020 17:45,3PZuoBAID5Wc2HD,1787.0,174.925,8167.25,7144655.25
05-06-2020 07:00,pkci93gMrogZuBj,1488.0,145.3142857,69.71428571,7323760.714
31-05-2020 13:00,wCURE6d3bPkepu2,7639.571429,747.7142857,4566.0,6907724.0
31-05-2020 10:00,uHbuxQJl8lW7ozc,5367.0,526.2,1447.5,7160719.5
10-06-2020 13:45,bvBOhCH3iADSZry,9229.75,902.85,4383.625,6497730.625
11-06-2020 11:45,pkci93gMrogZuBj,8311.142857,813.3857143,2092.857143,7371386.857
12-06-2020 07:00,ih0vzX44oOqAx2f,929.2857143,90.25714286,40.85714286,6386593.857
13-06-2020 14:45,zBIq5rxdHJRwDNY,10507.85714,1027.1,6902.571429,6556289.571
31-05-2020 04:15,3PZuoBAID5Wc2HD,0.0,0.0,0.0,7109488.0
08-06-2020 22:45,uHbuxQJl8lW7ozc,0.0,0.0,8405.0,7225554.0
05-06-2020 15:30,ZnxXDlPa8U1GXgE,3993.0,391.15,6359.125,6685421.125
05-06-2020 12:30,uHbuxQJl8lW7ozc,3541.375,348.1,3966.875,7198501.875
15-05-2020 07:30,rGa61gmuvPhdLxV,1951.0,191.2625,176.75,7111669.75
26-05-2020 03:30,bvBOhCH3iADSZry,0.0,0.0,0.0,6392336.0
04-06-2020 17:00,VHMLBKoKgIrUVDU,3957.857143,388.8857143,7873.857143,7363534.857
27-05-2020 20:00,McdE0feGgRqW7Ca,0.0,0.0,0.0,7256389.0
03-06-2020 19:30,adLQvlD726eNBSB,0.0,0.0,7991.0,6422267.0
06-06-2020 08:30,sjndEbLyjtCKgGv,7047.428571,690.1142857,758.4285714,7180035.429
17-05-2020 13:30,ih0vzX44oOqAx2f,9563.375,933.8625,5108.0,6202918.0
28-05-2020 08:30,z9Y9gH1T5YWrNuG,6767.875,662.9125,707.75,7104592.75
13-06-2020 06:30,3PZuoBAID5Wc2HD,639.8571429,61.95714286,20.0,7202106.0
10-06-2020 09:15,YxYtjZvoooNbGkE,7649.142857,748.7571429,1019.428571,7374287.429
22-05-2020 23:15,wCURE6d3bPkepu2,0.0,0.0,0.0,6839225.0
26-05-2020 14:45,VHMLBKoKgIrUVDU,5418.857143,531.3714286,6682.857143,7296207.857
10-06-2020 01:15,zBIq5rxdHJRwDNY,0.0,0.0,0.0,6531405.0
23-05-2020 23:45,rGa61gmuvPhdLxV,0.0,0.0,8152.0,7175293.0
23-05-2020 13:30,zVJPv84UY57bAof,12441.0,1212.985714,5728.571429,7178022.571
29-05-2020 16:15,ih0vzX44oOqAx2f,6258.25,613.1125,7487.625,6294657.625
25-05-2020 15:15,zBIq5rxdHJRwDNY,8896.714286,870.4285714,7500.285714,6419258.286
11-06-2020 00:45,VHMLBKoKgIrUVDU,0.0,0.0,0.0,7409295.0
01-06-2020 12:15,McdE0feGgRqW7Ca,7703.875,753.7,3918.875,7290678.875
15-05-2020 10:15,pkci93gMrogZuBj,6130.125,600.675,1580.125,7170682.125
19-05-2020 03:15,sjndEbLyjtCKgGv,0.0,0.0,0.0,7042405.0
02-06-2020 07:15,McdE0feGgRqW7Ca,1781.75,174.5625,109.25,7292861.25
25-05-2020 04:15,WRmjgnKYAwPKWDb,0.0,0.0,0.0,7101117.0
23-05-2020 04:30,zVJPv84UY57bAof,0.0,0.0,0.0,7172294.0
14-06-2020 08:30,wCURE6d3bPkepu2,4740.5,480.4857143,615.7142857,7002984.714
14-06-2020 03:30,VHMLBKoKgIrUVDU,0.0,0.0,0.0,7429566.0
17-06-2020 16:00,rGa61gmuvPhdLxV,3349.625,329.075,5596.25,7356543.25
15-05-2020 08:00,3PZuoBAID5Wc2HD,2736.125,268.625,287.75,6988046.75
17-06-2020 19:45,uHbuxQJl8lW7ozc,0.0,0.0,5967.0,7287002.0
20-05-2020 19:45,VHMLBKoKgIrUVDU,0.0,0.0,8982.0,7248524.0
12-06-2020 02:30,McdE0feGgRqW7Ca,0.0,0.0,0.0,7367373.0
15-05-2020 13:15,wCURE6d3bPkepu2,6655.0,651.8571429,3781.0,6786379.0
16-05-2020 04:00,YxYtjZvoooNbGkE,0.0,0.0,0.0,7186257.0
14-06-2020 15:45,1IF53ai7Xc0U56Y,6006.285714,588.5571429,6891.142857,6413772.143
06-06-2020 18:15,1IF53ai7Xc0U56Y,114.0,10.98571429,6540.714286,6355097.714
27-05-2020 00:00,WRmjgnKYAwPKWDb,0.0,0.0,0.0,7117880.0
10-06-2020 10:45,uHbuxQJl8lW7ozc,5717.875,560.3375,2001.75,7235864.75
18-05-2020 15:00,YxYtjZvoooNbGkE,7869.714286,770.3428571,4146.857143,7204375.857
14-06-2020 23:30,3PZuoBAID5Wc2HD,0.0,0.0,7504.0,7218223.0
28-05-2020 01:45,rGa61gmuvPhdLxV,0.0,0.0,0.0,7206549.0
19-05-2020 18:45,1BY6WEcLGh8j5v7,0.0,0.0,6449.0,6290097.0
15-05-2020 12:30,iCRJl6heRkivqQ3,8117.0,793.5285714,3272.142857,7181264.143
08-06-2020 08:00,adLQvlD726eNBSB,4455.571429,437.3857143,385.0,6453769.0
10-06-2020 08:00,1IF53ai7Xc0U56Y,4052.375,397.9875,449.0,6380471.0
17-06-2020 02:00,YxYtjZvoooNbGkE,0.0,0.0,0.0,7419556.0
07-06-2020 00:45,adLQvlD726eNBSB,0.0,0.0,0.0,6445031.0
10-06-2020 23:45,wCURE6d3bPkepu2,0.0,0.0,2752.714286,6982403.0
08-06-2020 12:45,WRmjgnKYAwPKWDb,7642.375,747.725,4813.375,7209495.375
31-05-2020 08:45,bvBOhCH3iADSZry,6052.375,592.9625,516.125,6428197.125
15-05-2020 04:30,rGa61gmuvPhdLxV,0.0,0.0,0.0,7111493.0
16-06-2020 01:30,adLQvlD726eNBSB,0.0,0.0,0.0,6512002.0
05-06-2020 14:30,ZoEaEvLYb1n2sOq,11643.28571,1136.414286,5429.571429,7256969.571
20-05-2020 00:45,McdE0feGgRqW7Ca,0.0,0.0,0.0,7192098.0
30-05-2020 18:15,1IF53ai7Xc0U56Y,297.1428571,28.7,7328.428571,6305539.429
31-05-2020 03:15,pkci93gMrogZuBj,0.0,0.0,0.0,7288876.0
11-06-2020 11:30,wCURE6d3bPkepu2,7363.571429,721.0285714,1881.428571,6984284.429
01-06-2020 14:15,7JYdWkrLSPkdwr4,3322.25,325.4875,5069.625,7732890.625
07-06-2020 05:45,WRmjgnKYAwPKWDb,0.0,0.0,0.0,7196611.0
19-05-2020 19:30,wCURE6d3bPkepu2,0.0,0.0,6956.0,6815349.0
15-05-2020 09:00,ZnxXDlPa8U1GXgE,8110.0,793.775,748.75,6522920.75
25-05-2020 17:45,uHbuxQJl8lW7ozc,489.125,47.3125,8819.875,7120671.875
15-06-2020 16:15,YxYtjZvoooNbGkE,2431.714286,238.5714286,6206.285714,7412908.286
23-05-2020 03:45,zVJPv84UY57bAof,0.0,0.0,0.0,7172294.0
06-06-2020 10:15,sjndEbLyjtCKgGv,8552.285714,835.7,2004.571429,7181281.571
10-06-2020 16:00,zBIq5rxdHJRwDNY,4176.428571,410.2857143,5957.857143,6537362.857
11-06-2020 06:00,z9Y9gH1T5YWrNuG,0.0,0.0,0.0,7205465.0
14-06-2020 10:15,ih0vzX44oOqAx2f,7506.857143,734.9714286,1795.142857,6402313.143
25-05-2020 12:45,VHMLBKoKgIrUVDU,12641.57143,1232.514286,5301.857143,7285813.857
21-05-2020 21:45,pkci93gMrogZuBj,0.0,0.0,7778.0,7217976.0
22-05-2020 17:15,ZnxXDlPa8U1GXgE,1227.0,119.3571429,7219.0,6579083.0
04-06-2020 19:30,1IF53ai7Xc0U56Y,0.0,0.0,8196.0,6340855.0
16-06-2020 13:15,wCURE6d3bPkepu2,7299.0,714.6714286,4111.857143,7020555.857
08-06-2020 21:00,1IF53ai7Xc0U56Y,0.0,0.0,8495.0,6371833.0
27-05-2020 21:45,uHbuxQJl8lW7ozc,0.0,0.0,0.0,7135258.0
10-06-2020 07:45,1BY6WEcLGh8j5v7,3905.571429,383.8142857,290.8571429,6439360.857
03-06-2020 16:45,pkci93gMrogZuBj,4757.714286,466.4428571,7393.857143,7315043.857
31-05-2020 23:00,wCURE6d3bPkepu2,0.0,0.0,6247.0,6909405.0
16-05-2020 14:15,YxYtjZvoooNbGkE,8580.75,839.575,5042.375,7191299.375
17-06-2020 23:30,z9Y9gH1T5YWrNuG,0.0,0.0,5819.0,7251204.0
29-05-2020 19:00,3PZuoBAID5Wc2HD,0.0,0.0,8210.0,7102189.0
16-05-2020 18:30,rGa61gmuvPhdLxV,0.0,0.0,6233.0,7124099.0
05-06-2020 03:15,uHbuxQJl8lW7ozc,0.0,0.0,0.0,7194535.0
24-05-2020 15:15,ZoEaEvLYb1n2sOq,6277.875,614.9875,7090.5,7169274.5
07-06-2020 02:30,bvBOhCH3iADSZry,0.0,0.0,0.0,6473124.0
18-05-2020 13:30,zBIq5rxdHJRwDNY,11155.0,1088.7375,2931.375,6362588.375
13-06-2020 19:30,zBIq5rxdHJRwDNY,0.0,0.0,8435.0,6557822.0
21-05-2020 23:15,wCURE6d3bPkepu2,0.0,0.0,7811.0,6832055.0
10-06-2020 18:15,1BY6WEcLGh8j5v7,111.625,10.7625,5909.5,6444979.5
30-05-2020 07:45,ih0vzX44oOqAx2f,2314.875,226.9625,224.25,6295345.25
19-05-2020 18:30,sjndEbLyjtCKgGv,0.0,0.0,6879.0,7049284.0
31-05-2020 17:00,zBIq5rxdHJRwDNY,1969.875,193.0875,5784.5,6463085.5
08-06-2020 15:45,3PZuoBAID5Wc2HD,8073.125,789.875,7715.375,7174939.375
28-05-2020 21:30,McdE0feGgRqW7Ca,0.0,0.0,8567.0,7264956.0
17-05-2020 10:30,1IF53ai7Xc0U56Y,11839.14286,1154.714286,2400.142857,6198994.143
02-06-2020 05:15,3PZuoBAID5Wc2HD,0.0,0.0,0.0,7121269.0
10-06-2020 01:15,YxYtjZvoooNbGkE,0.0,0.0,0.0,7373268.0
10-06-2020 19:30,z9Y9gH1T5YWrNuG,0.0,0.0,6412.0,7205465.0
11-06-2020 23:15,sjndEbLyjtCKgGv,0.0,0.0,5654.0,7221254.0
06-06-2020 21:00,3PZuoBAID5Wc2HD,0.0,0.0,6496.0,7158982.0
31-05-2020 04:45,1IF53ai7Xc0U56Y,0.0,0.0,0.0,6305543.0
26-05-2020 12:00,bvBOhCH3iADSZry,9489.0,926.5625,3747.25,6396083.25
10-06-2020 06:00,ZnxXDlPa8U1GXgE,102.2857143,9.871428571,0.714285714,6717772.714
17-06-2020 02:15,YxYtjZvoooNbGkE,0.0,0.0,0.0,7419556.0
21-05-2020 11:00,McdE0feGgRqW7Ca,9652.0,943.1,2748.714286,7203810.714
06-06-2020 10:00,zBIq5rxdHJRwDNY,10521.42857,1027.814286,1746.285714,6502048.286
21-05-2020 17:00,WRmjgnKYAwPKWDb,1076.625,104.65,7569.625,7077294.625
31-05-2020 20:15,pkci93gMrogZuBj,0.0,0.0,5915.0,7294791.0
11-06-2020 22:45,3PZuoBAID5Wc2HD,0.0,0.0,5717.0,7196186.0
08-06-2020 10:15,1IF53ai7Xc0U56Y,12255.0,1195.228571,2249.142857,6365587.143
12-06-2020 10:00,1BY6WEcLGh8j5v7,5446.375,533.8375,975.75,6451213.75
04-06-2020 17:30,uHbuxQJl8lW7ozc,3198.125,314.1375,8161.75,7194416.75
07-06-2020 16:15,WRmjgnKYAwPKWDb,5459.571429,535.1,7552.428571,7204163.429
05-06-2020 12:00,1IF53ai7Xc0U56Y,4665.857143,457.7857143,3671.571429,6344526.571
05-06-2020 12:45,McdE0feGgRqW7Ca,5398.875,529.3,4065.875,7320826.875
01-06-2020 08:15,1IF53ai7Xc0U56Y,5215.0,511.3857143,682.0,6312114.0
04-06-2020 02:15,zVJPv84UY57bAof,0.0,0.0,0.0,7263053.0
25-05-2020 03:45,YxYtjZvoooNbGkE,0.0,0.0,0.0,7252651.0
12-06-2020 09:15,pkci93gMrogZuBj,5968.5,584.8375,624.875,7375580.875
26-05-2020 06:00,ih0vzX44oOqAx2f,133.7142857,12.9,1.142857143,6264580.143
15-05-2020 17:30,pkci93gMrogZuBj,1205.5,117.5,6337.5,7175439.5
17-06-2020 02:45,uHbuxQJl8lW7ozc,0.0,0.0,0.0,7281035.0
13-06-2020 09:00,WRmjgnKYAwPKWDb,8784.25,859.425,1140.875,7239920.875
01-06-2020 06:30,zVJPv84UY57bAof,941.875,91.475,22.25,7242046.25
08-06-2020 11:30,rGa61gmuvPhdLxV,9946.857143,971.6857143,3522.571429,7291195.571
26-05-2020 02:00,1IF53ai7Xc0U56Y,0.0,0.0,0.0,6266528.0
26-05-2020 14:30,1IF53ai7Xc0U56Y,8460.625,826.975,6526.75,6273054.75
09-06-2020 16:30,1IF53ai7Xc0U56Y,5038.875,494.0,7765.5,6379598.5
18-05-2020 08:30,WRmjgnKYAwPKWDb,1827.875,179.1625,380.0,7049484.0
17-06-2020 00:00,zVJPv84UY57bAof,0.0,0.0,0.0,7357362.0
20-05-2020 13:00,adLQvlD726eNBSB,12052.75,1175.8375,5651.75,6310164.75
17-05-2020 16:45,YxYtjZvoooNbGkE,3646.5,358.225,7298.0,7200030.0
05-06-2020 11:15,VHMLBKoKgIrUVDU,9390.375,917.4125,2939.125,7366760.125
12-06-2020 11:30,zBIq5rxdHJRwDNY,9895.25,967.2875,2146.0,6545696.0
05-06-2020 13:45,pkci93gMrogZuBj,13028.0,1270.228571,4919.571429,7328610.571
08-06-2020 09:15,pkci93gMrogZuBj,9266.5,906.3375,1050.75,7347182.75
16-05-2020 04:15,bvBOhCH3iADSZry,0.0,0.0,0.0,6322510.0
11-06-2020 20:00,sjndEbLyjtCKgGv,0.0,0.0,5654.0,7221254.0
17-05-2020 11:30,wCURE6d3bPkepu2,12055.5,1175.9375,3445.875,6798915.875
24-05-2020 11:45,bvBOhCH3iADSZry,11428.42857,1114.714286,3381.0,6380153.0
29-05-2020 22:15,bvBOhCH3iADSZry,0.0,0.0,7438.0,6421023.0
29-05-2020 18:45,ih0vzX44oOqAx2f,0.0,0.0,7951.0,6295121.0
19-05-2020 11:00,adLQvlD726eNBSB,10579.75,1032.6375,2197.25,6300013.25
27-05-2020 15:15,pkci93gMrogZuBj,3919.285714,384.2714286,5594.0,7263888.0
06-06-2020 08:45,VHMLBKoKgIrUVDU,5949.285714,582.9428571,965.0,7372519.0
27-05-2020 15:30,ZoEaEvLYb1n2sOq,8930.285714,873.6,5700.142857,7192390.143
30-05-2020 10:00,WRmjgnKYAwPKWDb,4698.0,460.9625,1179.25,7142078.25
19-05-2020 01:00,WRmjgnKYAwPKWDb,0.0,0.0,0.0,7054452.0
30-05-2020 09:30,wCURE6d3bPkepu2,6300.571429,617.2142857,910.0,6896790.0
17-06-2020 21:30,ZnxXDlPa8U1GXgE,0.0,0.0,5929.0,6770737.0
17-05-2020 19:00,sjndEbLyjtCKgGv,0.0,0.0,7441.0,7037054.0
21-05-2020 21:45,bvBOhCH3iADSZry,0.0,0.0,7110.0,6362148.0
12-06-2020 04:45,sjndEbLyjtCKgGv,0.0,0.0,0.0,7221254.0
19-05-2020 07:30,VHMLBKoKgIrUVDU,2606.142857,255.6,182.8571429,7232736.857
22-05-2020 12:45,ih0vzX44oOqAx2f,11270.625,1099.925,3956.875,6237499.875
13-06-2020 07:45,WRmjgnKYAwPKWDb,4513.142857,442.9857143,310.1428571,7239090.143
01-06-2020 02:30,ih0vzX44oOqAx2f,0.0,0.0,0.0,6308232.0
02-06-2020 08:45,ZoEaEvLYb1n2sOq,7098.75,695.0375,804.0,7229244.0
22-05-2020 16:30,1IF53ai7Xc0U56Y,2275.375,223.1,7098.75,6240345.75
16-05-2020 23:30,uHbuxQJl8lW7ozc,0.0,0.0,6271.0,7051339.0
13-06-2020 00:45,WRmjgnKYAwPKWDb,0.0,0.0,0.0,7238780.0
15-06-2020 00:45,uHbuxQJl8lW7ozc,0.0,0.0,0.0,7267837.0
11-06-2020 13:15,zVJPv84UY57bAof,7317.625,716.475,3220.0,7320236.0
26-05-2020 14:00,wCURE6d3bPkepu2,8900.375,869.4125,6089.375,6870739.375
15-05-2020 05:30,rGa61gmuvPhdLxV,0.0,0.0,0.0,7111493.0
08-06-2020 20:00,7JYdWkrLSPkdwr4,0.0,0.0,8283.0,7786793.0
15-05-2020 02:45,sjndEbLyjtCKgGv,0.0,0.0,0.0,7016832.0
12-06-2020 10:45,7JYdWkrLSPkdwr4,6578.285714,644.3428571,1592.571429,7808256.571
27-05-2020 10:45,sjndEbLyjtCKgGv,6983.0,683.6142857,2349.142857,7108238.143
08-06-2020 17:00,ZoEaEvLYb1n2sOq,3408.857143,334.5,8062.142857,7281515.143
04-06-2020 20:15,uHbuxQJl8lW7ozc,0.0,0.0,0.0,7194535.0
18-05-2020 11:00,z9Y9gH1T5YWrNuG,6408.875,627.8375,1003.375,7029229.375
17-06-2020 07:00,ih0vzX44oOqAx2f,1347.375,131.5125,15.875,6420386.875
02-06-2020 11:45,YxYtjZvoooNbGkE,6146.714286,602.2285714,3232.571429,7314748.571
15-06-2020 01:00,WRmjgnKYAwPKWDb,0.0,0.0,0.0,7254584.0
03-06-2020 23:15,sjndEbLyjtCKgGv,0.0,0.0,7846.0,7163293.0
13-06-2020 01:15,bvBOhCH3iADSZry,0.0,0.0,0.0,6509779.0
31-05-2020 23:45,1IF53ai7Xc0U56Y,0.0,0.0,5889.0,6311432.0
04-06-2020 22:00,1IF53ai7Xc0U56Y,0.0,0.0,8196.0,6340855.0
11-06-2020 12:30,7JYdWkrLSPkdwr4,7911.285714,774.3571429,2698.142857,7803789.143
19-05-2020 12:30,z9Y9gH1T5YWrNuG,10526.0,1028.9,3486.0,7037059.0
30-05-2020 08:30,ZnxXDlPa8U1GXgE,3598.857143,353.7285714,484.5714286,6636550.571
10-06-2020 06:15,zBIq5rxdHJRwDNY,422.375,40.825,6.625,6531411.625
31-05-2020 10:30,iCRJl6heRkivqQ3,13058.125,1273.1375,1904.625,7300502.625
04-06-2020 12:45,wCURE6d3bPkepu2,8883.714286,867.8,4349.142857,6935125.143
01-06-2020 20:45,iCRJl6heRkivqQ3,0.0,0.0,5781.0,7310348.0
13-06-2020 05:45,ZnxXDlPa8U1GXgE,0.0,0.0,0.0,6735785.0
22-05-2020 00:15,rGa61gmuvPhdLxV,0.0,0.0,0.0,7160399.0
22-05-2020 20:45,McdE0feGgRqW7Ca,0.0,0.0,0.0,7215952.0
30-05-2020 21:45,z9Y9gH1T5YWrNuG,0.0,0.0,7142.0,7127597.0
15-06-2020 01:45,VHMLBKoKgIrUVDU,0.0,0.0,0.0,7437055.0
15-06-2020 10:45,ZoEaEvLYb1n2sOq,9429.5,921.2625,2674.625,7325726.625
14-06-2020 00:45,wCURE6d3bPkepu2,0.0,0.0,0.0,7002369.0
06-06-2020 01:30,iCRJl6heRkivqQ3,0.0,0.0,0.0,7341803.0
06-06-2020 21:00,YxYtjZvoooNbGkE,0.0,0.0,0.0,7348812.0
28-05-2020 07:15,rGa61gmuvPhdLxV,2533.25,248.4375,133.75,7206682.75
09-06-2020 06:00,3PZuoBAID5Wc2HD,152.5714286,14.74285714,1.142857143,7175734.143
25-05-2020 18:00,McdE0feGgRqW7Ca,436.8571429,42.22857143,8947.428571,7241638.429
08-06-2020 06:45,ZnxXDlPa8U1GXgE,1117.285714,108.6142857,47.57142857,6701310.571
19-05-2020 15:45,rGa61gmuvPhdLxV,5431.5,532.5,6177.375,7143079.375
26-05-2020 11:30,VHMLBKoKgIrUVDU,11242.125,1097.2,3643.625,7293168.625
30-05-2020 08:15,rGa61gmuvPhdLxV,4437.75,435.6,386.25,7223460.25
08-06-2020 01:45,adLQvlD726eNBSB,0.0,0.0,0.0,6453384.0
28-05-2020 17:00,bvBOhCH3iADSZry,3211.857143,315.4571429,7591.285714,6413424.286
06-06-2020 15:45,VHMLBKoKgIrUVDU,3299.285714,324.1428571,6155.0,7377709.0
03-06-2020 20:15,7JYdWkrLSPkdwr4,0.0,0.0,7749.0,7748622.0
28-05-2020 18:00,ZnxXDlPa8U1GXgE,485.0,46.9,8526.428571,6627902.429
26-05-2020 05:30,wCURE6d3bPkepu2,0.0,0.0,0.0,6864650.0
27-05-2020 02:15,rGa61gmuvPhdLxV,0.0,0.0,0.0,7199869.0
10-06-2020 17:45,McdE0feGgRqW7Ca,1207.0,117.3857143,6576.0,7361593.0
19-05-2020 09:00,zVJPv84UY57bAof,5399.285714,529.1714286,672.7142857,7142077.714
07-06-2020 17:45,McdE0feGgRqW7Ca,1208.285714,117.5285714,7001.571429,7338161.571
11-06-2020 10:00,ZnxXDlPa8U1GXgE,5185.875,508.35,944.75,6725154.75
08-06-2020 18:30,bvBOhCH3iADSZry,101.5714286,9.8,7692.571429,6485985.571
03-06-2020 09:00,wCURE6d3bPkepu2,6299.0,617.1285714,810.5714286,6923679.571
14-06-2020 23:15,ZoEaEvLYb1n2sOq,0.0,0.0,7289.0,7323052.0
16-05-2020 02:00,wCURE6d3bPkepu2,0.0,0.0,0.0,6788927.0
08-06-2020 12:30,sjndEbLyjtCKgGv,11343.375,1107.05,4536.375,7197090.375
18-05-2020 10:15,wCURE6d3bPkepu2,2211.571429,216.8142857,677.8571429,6803677.857
17-06-2020 01:45,WRmjgnKYAwPKWDb,0.0,0.0,0.0,7267579.0
14-06-2020 20:00,uHbuxQJl8lW7ozc,0.0,0.0,7306.0,7267837.0
26-05-2020 17:30,ih0vzX44oOqAx2f,650.7142857,62.98571429,7683.0,6272262.0
12-06-2020 19:15,VHMLBKoKgIrUVDU,0.0,0.0,5903.0,7420914.0
14-06-2020 21:30,WRmjgnKYAwPKWDb,0.0,0.0,7405.0,7254584.0
14-06-2020 15:15,McdE0feGgRqW7Ca,10498.71429,1024.857143,6485.571429,7388408.571
13-06-2020 09:45,1IF53ai7Xc0U56Y,8853.5,865.7875,1818.25,6400045.25
27-05-2020 22:15,wCURE6d3bPkepu2,0.0,0.0,0.0,6879195.0
09-06-2020 18:15,adLQvlD726eNBSB,452.375,43.75,8266.0,6470270.0
26-05-2020 14:00,7JYdWkrLSPkdwr4,8467.875,827.625,6089.625,7690109.625
05-06-2020 23:30,iCRJl6heRkivqQ3,0.0,0.0,7803.0,7341803.0
19-05-2020 00:15,ih0vzX44oOqAx2f,0.0,0.0,0.0,6210487.0
03-06-2020 02:30,adLQvlD726eNBSB,0.0,0.0,0.0,6414276.0
17-06-2020 01:30,wCURE6d3bPkepu2,0.0,0.0,0.0,7022718.0
24-05-2020 07:45,McdE0feGgRqW7Ca,4157.857143,408.4285714,292.4285714,7224928.429
30-05-2020 03:30,ih0vzX44oOqAx2f,0.0,0.0,0.0,6295121.0
15-05-2020 03:15,zVJPv84UY57bAof,0.0,0.0,0.0,7116151.0
13-06-2020 17:15,zVJPv84UY57bAof,1751.142857,171.6428571,8311.714286,7336861.714
31-05-2020 00:45,z9Y9gH1T5YWrNuG,0.0,0.0,0.0,7127597.0
07-06-2020 17:45,3PZuoBAID5Wc2HD,1168.714286,113.6428571,8203.428571,7167185.429
03-06-2020 04:00,McdE0feGgRqW7Ca,0.0,0.0,0.0,7300359.0
04-06-2020 11:45,pkci93gMrogZuBj,11107.0,1084.542857,3327.857143,7318763.857
29-05-2020 12:45,McdE0feGgRqW7Ca,12714.625,1239.675,4705.0,7269661.0
31-05-2020 01:15,iCRJl6heRkivqQ3,0.0,0.0,0.0,7298598.0
16-06-2020 04:30,3PZuoBAID5Wc2HD,0.0,0.0,0.0,7225042.0
30-05-2020 08:15,wCURE6d3bPkepu2,4270.125,419.375,380.0,6896260.0
22-05-2020 15:15,wCURE6d3bPkepu2,6370.142857,624.0714286,6507.857143,6838562.857
16-06-2020 23:30,z9Y9gH1T5YWrNuG,0.0,0.0,6201.0,7245385.0
24-05-2020 04:30,ZnxXDlPa8U1GXgE,0.0,0.0,0.0,6587728.0
03-06-2020 08:15,wCURE6d3bPkepu2,4491.875,440.975,442.5,6923311.5
10-06-2020 22:45,ZnxXDlPa8U1GXgE,0.0,0.0,6438.0,6724210.0
30-05-2020 08:45,YxYtjZvoooNbGkE,3430.0,337.2142857,565.4285714,7293068.429
19-05-2020 10:00,3PZuoBAID5Wc2HD,6132.375,600.7625,1360.0,7015278.0
13-06-2020 08:15,adLQvlD726eNBSB,6774.0,663.4857143,611.5714286,6489333.571
16-05-2020 18:15,pkci93gMrogZuBj,126.0,12.15714286,6172.285714,7181649.286
17-05-2020 04:00,WRmjgnKYAwPKWDb,0.0,0.0,0.0,7041430.0
16-06-2020 02:00,YxYtjZvoooNbGkE,0.0,0.0,0.0,7413335.0
18-05-2020 06:30,zBIq5rxdHJRwDNY,746.5714286,72.37142857,18.57142857,6359675.571
17-06-2020 16:00,pkci93gMrogZuBj,3278.428571,322.0857143,5595.285714,7415073.286
24-05-2020 18:00,pkci93gMrogZuBj,623.5714286,60.37142857,8012.714286,7241687.714
18-05-2020 03:00,sjndEbLyjtCKgGv,0.0,0.0,0.0,7037054.0
29-05-2020 06:15,uHbuxQJl8lW7ozc,424.8333333,41.13333333,2.0,7143634.0
04-06-2020 17:45,ZoEaEvLYb1n2sOq,1894.428571,185.5857143,7987.714286,7251488.714
24-05-2020 19:45,WRmjgnKYAwPKWDb,0.0,0.0,8091.0,7101117.0
26-05-2020 23:00,z9Y9gH1T5YWrNuG,0.0,0.0,0.0,7097183.0
24-05-2020 16:00,rGa61gmuvPhdLxV,4328.571429,424.4142857,7403.857143,7182696.857
08-06-2020 21:00,rGa61gmuvPhdLxV,0.0,0.0,8291.0,7295964.0
09-06-2020 15:45,wCURE6d3bPkepu2,7693.285714,753.1571429,7117.714286,6975087.714
02-06-2020 02:30,1BY6WEcLGh8j5v7,0.0,0.0,0.0,6383439.0
11-06-2020 17:30,VHMLBKoKgIrUVDU,1429.25,139.35,5650.875,7414945.875
14-06-2020 21:45,zBIq5rxdHJRwDNY,0.0,0.0,7315.0,6565137.0
16-05-2020 17:00,YxYtjZvoooNbGkE,1957.0,191.8375,6353.75,7192610.75
16-05-2020 10:00,WRmjgnKYAwPKWDb,7795.714286,763.0428571,1574.285714,7036389.286
20-05-2020 18:15,7JYdWkrLSPkdwr4,360.2857143,34.81428571,8767.285714,7643975.286
01-06-2020 11:45,VHMLBKoKgIrUVDU,6758.25,661.1375,3676.375,7338081.375
27-05-2020 11:45,pkci93gMrogZuBj,10505.875,1026.05,3240.5,7261534.5
26-05-2020 21:45,z9Y9gH1T5YWrNuG,0.0,0.0,0.0,7097183.0
15-05-2020 13:00,YxYtjZvoooNbGkE,5673.857143,556.0,3590.0,7183556.0
28-05-2020 16:15,z9Y9gH1T5YWrNuG,4308.75,422.3875,8030.0,7111915.0
31-05-2020 02:45,z9Y9gH1T5YWrNuG,0.0,0.0,0.0,7127597.0
03-06-2020 12:30,7JYdWkrLSPkdwr4,11451.14286,1118.157143,3741.857143,7744614.857
04-06-2020 06:15,bvBOhCH3iADSZry,355.7142857,34.37142857,4.714285714,6452728.714
12-06-2020 09:00,ih0vzX44oOqAx2f,4842.125,474.7875,471.5,6387024.5
25-05-2020 09:45,ih0vzX44oOqAx2f,8916.142857,872.3,1463.857143,6257957.857
29-05-2020 20:15,VHMLBKoKgIrUVDU,0.0,0.0,8172.0,7321059.0
11-06-2020 22:45,1BY6WEcLGh8j5v7,0.0,0.0,5257.0,6450238.0
17-05-2020 18:00,ih0vzX44oOqAx2f,314.0,30.32857143,7384.714286,6205194.714
16-06-2020 11:30,rGa61gmuvPhdLxV,5664.428571,555.1285714,3012.0,7347716.0
29-05-2020 19:15,ih0vzX44oOqAx2f,0.0,0.0,7951.0,6295121.0
20-05-2020 22:45,McdE0feGgRqW7Ca,0.0,0.0,8964.0,7201062.0
31-05-2020 02:30,bvBOhCH3iADSZry,0.0,0.0,0.0,6427681.0
07-06-2020 15:30,WRmjgnKYAwPKWDb,7558.571429,739.8571429,7068.714286,7203679.714
31-05-2020 00:45,iCRJl6heRkivqQ3,0.0,0.0,0.0,7298598.0
19-05-2020 00:45,sjndEbLyjtCKgGv,0.0,0.0,0.0,7042405.0
16-06-2020 04:45,wCURE6d3bPkepu2,0.0,0.0,0.0,7016444.0
21-05-2020 12:45,3PZuoBAID5Wc2HD,9559.75,933.525,4730.125,7034224.125
05-06-2020 14:00,7JYdWkrLSPkdwr4,12195.125,1189.7375,5048.125,7761669.125
15-05-2020 03:00,uHbuxQJl8lW7ozc,0.0,0.0,0.0,7038681.0
31-05-2020 16:30,adLQvlD726eNBSB,1881.571429,184.4285714,5681.285714,6400452.286
31-05-2020 12:30,uHbuxQJl8lW7ozc,7068.625,691.3,3802.125,7163074.125
02-06-2020 04:30,rGa61gmuvPhdLxV,0.0,0.0,0.0,7241969.0
16-06-2020 16:15,WRmjgnKYAwPKWDb,3420.625,335.9375,5930.5,7267245.5
11-06-2020 14:30,wCURE6d3bPkepu2,10716.0,1046.3625,4115.5,6986518.5
29-05-2020 15:30,uHbuxQJl8lW7ozc,6970.125,682.575,7294.0,7150926.0
11-06-2020 15:15,ZoEaEvLYb1n2sOq,6168.25,604.3875,4585.875,7300656.875
15-06-2020 15:00,ih0vzX44oOqAx2f,6229.857143,610.4,5566.571429,6413249.571
30-05-2020 14:15,YxYtjZvoooNbGkE,11362.125,1109.475,5021.0,7297524.0
22-05-2020 21:15,rGa61gmuvPhdLxV,0.0,0.0,0.0,7167141.0
16-05-2020 13:30,VHMLBKoKgIrUVDU,8726.142857,853.6714286,4725.142857,7217391.143
09-06-2020 00:00,bvBOhCH3iADSZry,0.0,0.0,0.0,6485986.0
15-05-2020 12:15,pkci93gMrogZuBj,9142.75,893.175,3031.5,7172133.5
13-06-2020 21:45,1BY6WEcLGh8j5v7,0.0,0.0,7984.0,6463663.0
13-06-2020 16:30,ZoEaEvLYb1n2sOq,3441.875,338.125,8119.125,7315504.125
16-06-2020 10:15,3PZuoBAID5Wc2HD,10673.28571,1043.071429,1964.142857,7227006.143
18-05-2020 05:15,zVJPv84UY57bAof,0.0,0.0,0.0,7136015.0
19-05-2020 01:45,ih0vzX44oOqAx2f,0.0,0.0,0.0,6210487.0
10-06-2020 22:45,zBIq5rxdHJRwDNY,0.0,0.0,6498.0,6537903.0
01-06-2020 23:15,adLQvlD726eNBSB,0.0,0.0,6127.0,6406831.0
13-06-2020 06:00,VHMLBKoKgIrUVDU,108.875,10.5125,0.75,7420914.75
19-05-2020 08:45,z9Y9gH1T5YWrNuG,4132.875,405.7375,558.375,7034131.375
30-05-2020 16:00,ih0vzX44oOqAx2f,6629.25,649.3375,6482.875,6301603.875
01-06-2020 15:00,uHbuxQJl8lW7ozc,2903.571429,285.0,5141.428571,7170494.429
04-06-2020 06:15,sjndEbLyjtCKgGv,370.0,35.77142857,5.142857143,7163298.143
30-05-2020 17:45,YxYtjZvoooNbGkE,1025.142857,99.64285714,7230.571429,7299733.571
24-05-2020 07:30,zBIq5rxdHJRwDNY,3164.375,310.85,191.5,6404672.5
16-05-2020 17:15,McdE0feGgRqW7Ca,1627.428571,159.2285714,6506.428571,7171941.429
15-05-2020 05:45,uHbuxQJl8lW7ozc,0.0,0.0,0.0,7038681.0
29-05-2020 10:30,ZoEaEvLYb1n2sOq,11791.71429,1150.985714,2115.857143,7203653.857
29-05-2020 11:45,sjndEbLyjtCKgGv,12850.875,1253.625,3484.5,7124387.5
01-06-2020 10:30,adLQvlD726eNBSB,10844.57143,1058.985714,2388.571429,6403092.571
05-06-2020 07:45,sjndEbLyjtCKgGv,2321.285714,227.6142857,215.5714286,7171733.571
22-05-2020 03:00,zBIq5rxdHJRwDNY,0.0,0.0,0.0,6388599.0
22-05-2020 15:00,rGa61gmuvPhdLxV,8997.75,880.2625,5983.75,7166382.75
13-06-2020 00:15,ZnxXDlPa8U1GXgE,0.0,0.0,0.0,6735785.0
17-06-2020 23:30,wCURE6d3bPkepu2,0.0,0.0,5883.0,7028601.0
31-05-2020 10:00,3PZuoBAID5Wc2HD,6543.714286,640.9,1327.857143,7110815.857
09-06-2020 23:30,iCRJl6heRkivqQ3,0.0,0.0,8265.0,7373220.0
05-06-2020 10:00,wCURE6d3bPkepu2,10884.25,1062.5875,1666.125,6940687.125
15-05-2020 00:30,bvBOhCH3iADSZry,0.0,0.0,0.0,6316803.0
01-06-2020 13:15,ZoEaEvLYb1n2sOq,9519.714286,929.8714286,4478.857143,7227122.857
30-05-2020 09:45,wCURE6d3bPkepu2,4607.5,452.2,1046.375,6896926.375
20-05-2020 22:00,sjndEbLyjtCKgGv,0.0,0.0,8777.0,7058061.0
09-06-2020 18:15,WRmjgnKYAwPKWDb,409.125,39.575,7970.0,7220971.0
14-06-2020 20:15,ZnxXDlPa8U1GXgE,0.0,0.0,7404.0,6751747.0
01-06-2020 15:15,ZoEaEvLYb1n2sOq,1997.0,195.775,5411.625,7228055.625
17-06-2020 01:15,sjndEbLyjtCKgGv,0.0,0.0,0.0,7255794.0
03-06-2020 23:15,ZnxXDlPa8U1GXgE,0.0,0.0,7916.0,6670884.0
19-05-2020 06:30,z9Y9gH1T5YWrNuG,177.1428571,17.1,5.0,7033578.0
19-05-2020 15:45,zBIq5rxdHJRwDNY,5429.285714,532.3142857,6187.428571,6371234.429
12-06-2020 06:00,pkci93gMrogZuBj,0.0,0.0,0.0,7374956.0
06-06-2020 21:15,ih0vzX44oOqAx2f,0.0,0.0,6197.0,6350673.0
27-05-2020 11:45,1IF53ai7Xc0U56Y,8321.857143,813.9285714,3426.285714,6278064.286
08-06-2020 03:45,3PZuoBAID5Wc2HD,0.0,0.0,0.0,7167224.0
25-05-2020 18:30,ZoEaEvLYb1n2sOq,25.42857143,2.457142857,8745.0,7178914.0
10-06-2020 10:15,ZnxXDlPa8U1GXgE,7013.0,686.7428571,1708.428571,6719480.429
17-05-2020 19:00,7JYdWkrLSPkdwr4,0.0,0.0,7526.0,7623063.0
26-05-2020 18:30,adLQvlD726eNBSB,0.0,0.0,0.0,6363516.0
15-05-2020 12:15,3PZuoBAID5Wc2HD,8377.25,819.0125,2876.375,6990635.375
17-06-2020 09:00,adLQvlD726eNBSB,5185.428571,508.3142857,724.2857143,6519122.286
19-05-2020 20:45,adLQvlD726eNBSB,0.0,0.0,0.0,6304513.0
25-05-2020 21:15,iCRJl6heRkivqQ3,0.0,0.0,8869.0,7260130.0
17-06-2020 21:15,z9Y9gH1T5YWrNuG,0.0,0.0,5819.0,7251204.0
20-05-2020 06:30,McdE0feGgRqW7Ca,709.1428571,68.74285714,21.28571429,7192119.286
28-05-2020 12:15,bvBOhCH3iADSZry,12408.33333,1209.8,4217.333333,6410050.333
25-05-2020 15:45,rGa61gmuvPhdLxV,9070.625,887.35,8214.5,7191509.5
16-05-2020 06:00,VHMLBKoKgIrUVDU,59.85714286,5.785714286,0.0,7212666.0
19-05-2020 14:45,VHMLBKoKgIrUVDU,10007.25,978.4875,5598.25,7238152.25
06-06-2020 12:15,rGa61gmuvPhdLxV,8352.75,816.15,3636.0,7276726.0
01-06-2020 03:15,uHbuxQJl8lW7ozc,0.0,0.0,0.0,7165353.0
13-06-2020 21:15,iCRJl6heRkivqQ3,0.0,0.0,8496.0,7399855.0
31-05-2020 11:30,rGa61gmuvPhdLxV,8791.571429,859.2428571,2907.714286,7233345.714
06-06-2020 18:15,1BY6WEcLGh8j5v7,87.42857143,8.442857143,5939.428571,6418481.429
26-05-2020 10:15,wCURE6d3bPkepu2,10526.75,1027.7375,2241.0,6866891.0
29-05-2020 14:00,z9Y9gH1T5YWrNuG,6947.714286,680.3571429,5912.571429,7118274.571
16-05-2020 21:45,ZnxXDlPa8U1GXgE,0.0,0.0,6676.0,6535152.0
10-06-2020 10:15,rGa61gmuvPhdLxV,6756.142857,661.7285714,1643.142857,7305847.143
06-06-2020 21:15,WRmjgnKYAwPKWDb,0.0,0.0,6341.0,7196611.0
04-06-2020 23:00,ZoEaEvLYb1n2sOq,0.0,0.0,0.0,7251540.0
16-06-2020 01:15,zBIq5rxdHJRwDNY,0.0,0.0,0.0,6571833.0
22-05-2020 20:30,YxYtjZvoooNbGkE,0.0,0.0,0.0,7236121.0
26-05-2020 15:30,pkci93gMrogZuBj,7095.0,694.65,6755.125,7257274.125
11-06-2020 23:15,VHMLBKoKgIrUVDU,0.0,0.0,5716.0,7415011.0
20-05-2020 04:45,zBIq5rxdHJRwDNY,0.0,0.0,0.0,6371971.0
13-06-2020 23:30,YxYtjZvoooNbGkE,0.0,0.0,8380.0,7399439.0
26-05-2020 04:45,bvBOhCH3iADSZry,0.0,0.0,0.0,6392336.0
08-06-2020 05:30,VHMLBKoKgIrUVDU,0.0,0.0,0.0,7386208.0
06-06-2020 10:15,z9Y9gH1T5YWrNuG,10362.14286,1011.471429,1979.142857,7172980.143
16-06-2020 20:00,bvBOhCH3iADSZry,0.0,0.0,5757.0,6533549.0
31-05-2020 17:15,zVJPv84UY57bAof,1797.375,176.1875,5941.625,7241918.625
10-06-2020 01:30,VHMLBKoKgIrUVDU,0.0,0.0,0.0,7402816.0
08-06-2020 13:45,WRmjgnKYAwPKWDb,8318.875,812.8875,5680.0,7210362.0
19-05-2020 10:15,adLQvlD726eNBSB,7971.285714,779.3142857,1574.857143,6299390.857
24-05-2020 00:45,YxYtjZvoooNbGkE,0.0,0.0,0.0,7244680.0
09-06-2020 03:00,ZoEaEvLYb1n2sOq,0.0,0.0,0.0,7281724.0
26-05-2020 02:15,zVJPv84UY57bAof,0.0,0.0,0.0,7197609.0
18-05-2020 16:15,zVJPv84UY57bAof,4409.0,432.8375,5016.625,7141031.625
24-05-2020 11:00,z9Y9gH1T5YWrNuG,11094.71429,1082.957143,2563.428571,7075325.429
29-05-2020 13:00,ih0vzX44oOqAx2f,12326.71429,1201.857143,4798.428571,6291968.429
04-06-2020 07:15,z9Y9gH1T5YWrNuG,2436.857143,239.0714286,128.1428571,7155241.143
18-05-2020 06:00,uHbuxQJl8lW7ozc,80.875,7.8125,0.25,7058793.25
30-05-2020 05:45,bvBOhCH3iADSZry,0.0,0.0,0.0,6421023.0
10-06-2020 09:45,ZnxXDlPa8U1GXgE,6170.25,604.575,1456.625,6719228.625
19-05-2020 09:45,3PZuoBAID5Wc2HD,6177.428571,605.1714286,1208.714286,7015126.714
17-05-2020 18:15,3PZuoBAID5Wc2HD,129.0,12.4375,7792.5,7008481.5
01-06-2020 18:00,WRmjgnKYAwPKWDb,511.2857143,49.44285714,5821.571429,7159687.571
31-05-2020 00:45,VHMLBKoKgIrUVDU,0.0,0.0,0.0,7328329.0
10-06-2020 18:15,uHbuxQJl8lW7ozc,112.75,10.9,6642.75,7240505.75
10-06-2020 00:30,1BY6WEcLGh8j5v7,0.0,0.0,0.0,6439070.0
22-05-2020 23:45,ZoEaEvLYb1n2sOq,0.0,0.0,0.0,7153713.0
27-05-2020 04:00,wCURE6d3bPkepu2,0.0,0.0,0.0,6872485.0
19-05-2020 18:30,VHMLBKoKgIrUVDU,0.0,0.0,6988.0,7239542.0
11-06-2020 13:30,rGa61gmuvPhdLxV,4889.571429,479.5714286,3376.0,7314145.0
03-06-2020 01:00,bvBOhCH3iADSZry,0.0,0.0,0.0,6445487.0
02-06-2020 10:00,zVJPv84UY57bAof,9400.142857,919.3714286,1953.857143,7249719.857
30-05-2020 20:45,bvBOhCH3iADSZry,0.0,0.0,6658.0,6427681.0
01-06-2020 10:00,3PZuoBAID5Wc2HD,8170.571429,799.2285714,1891.142857,7117195.143
16-06-2020 05:00,rGa61gmuvPhdLxV,0.0,0.0,0.0,7344704.0
26-05-2020 12:15,uHbuxQJl8lW7ozc,13263.625,1293.1875,4300.125,7124996.125
25-05-2020 08:00,zBIq5rxdHJRwDNY,3011.428571,295.5,336.2857143,6412094.286
25-05-2020 17:15,zVJPv84UY57bAof,973.625,94.5625,8756.75,7197552.75
11-06-2020 21:30,YxYtjZvoooNbGkE,0.0,0.0,5592.0,7385279.0
09-06-2020 16:30,sjndEbLyjtCKgGv,5295.714286,519.1,7724.142857,7208649.143
24-05-2020 07:00,pkci93gMrogZuBj,1658.857143,162.3142857,74.28571429,7233749.286
18-05-2020 11:00,adLQvlD726eNBSB,6626.428571,649.0571429,1039.428571,6293349.429
23-05-2020 16:00,zVJPv84UY57bAof,5840.714286,572.4857143,7786.285714,7180080.286
02-06-2020 22:30,bvBOhCH3iADSZry,0.0,0.0,6842.0,6445487.0
23-05-2020 09:00,zVJPv84UY57bAof,8191.375,801.6875,1020.75,7173314.75
03-06-2020 11:30,iCRJl6heRkivqQ3,10927.0,1067.028571,2698.857143,7320511.857
19-05-2020 20:00,adLQvlD726eNBSB,0.0,0.0,0.0,6304513.0
16-06-2020 12:15,zBIq5rxdHJRwDNY,4553.25,446.1375,3433.5,6575266.5
16-05-2020 15:00,7JYdWkrLSPkdwr4,7114.25,696.675,5594.125,7614670.125
16-05-2020 23:00,3PZuoBAID5Wc2HD,0.0,0.0,6656.0,7000689.0
17-05-2020 12:00,McdE0feGgRqW7Ca,6669.857143,653.2428571,3985.142857,7176006.143
03-06-2020 19:00,McdE0feGgRqW7Ca,0.0,0.0,8010.0,7308369.0
14-06-2020 14:15,bvBOhCH3iADSZry,3496.75,341.9875,2388.75,6520030.75
14-06-2020 10:00,YxYtjZvoooNbGkE,8310.75,813.2875,1620.625,7401059.625
23-05-2020 14:00,7JYdWkrLSPkdwr4,10157.14286,992.3714286,6265.285714,7665035.286
25-05-2020 02:00,ZnxXDlPa8U1GXgE,0.0,0.0,0.0,6595756.0
11-06-2020 21:30,ZoEaEvLYb1n2sOq,0.0,0.0,5561.0,7301632.0
31-05-2020 18:15,1IF53ai7Xc0U56Y,266.875,25.8,5885.625,6311428.625
15-06-2020 06:00,zBIq5rxdHJRwDNY,90.42857143,8.742857143,0.428571429,6565137.429
18-05-2020 17:45,WRmjgnKYAwPKWDb,723.2857143,70.1,5325.142857,7054429.143
06-06-2020 13:45,3PZuoBAID5Wc2HD,9594.285714,937.0714286,5122.142857,7157608.143
06-06-2020 14:30,ZnxXDlPa8U1GXgE,4949.714286,483.8857143,5619.714286,6692318.714
26-05-2020 17:15,ZnxXDlPa8U1GXgE,1022.125,99.4625,7934.125,6612600.125
15-05-2020 20:00,wCURE6d3bPkepu2,0.0,0.0,6329.0,6788927.0
02-06-2020 06:30,z9Y9gH1T5YWrNuG,474.5714286,45.9,17.42857143,7139845.429
25-05-2020 03:45,McdE0feGgRqW7Ca,0.0,0.0,0.0,7232691.0
26-05-2020 23:45,7JYdWkrLSPkdwr4,0.0,0.0,0.0,7691912.0
07-06-2020 10:00,wCURE6d3bPkepu2,6757.125,661.8,1495.875,6954589.875
09-06-2020 09:30,YxYtjZvoooNbGkE,8835.0,862.8375,1456.0,7366766.0
26-05-2020 08:45,wCURE6d3bPkepu2,7422.875,726.7875,850.875,6865500.875
04-06-2020 06:30,uHbuxQJl8lW7ozc,737.8571429,71.54285714,18.85714286,7186273.857
11-06-2020 16:00,WRmjgnKYAwPKWDb,4586.857143,450.1571429,5102.571429,7232469.571
13-06-2020 07:15,YxYtjZvoooNbGkE,2563.0,251.3285714,121.2857143,7391180.286
16-06-2020 02:00,wCURE6d3bPkepu2,0.0,0.0,0.0,7016444.0
08-06-2020 05:15,ih0vzX44oOqAx2f,0.0,0.0,0.0,6358692.0
03-06-2020 20:00,1BY6WEcLGh8j5v7,0.0,0.0,7341.0,6397809.0
31-05-2020 22:00,WRmjgnKYAwPKWDb,0.0,0.0,5837.0,7153866.0
02-06-2020 16:30,ih0vzX44oOqAx2f,4488.857143,440.5571429,7047.571429,6321030.571
18-05-2020 13:30,uHbuxQJl8lW7ozc,12341.75,1203.975,2936.625,7061729.625
23-05-2020 18:00,YxYtjZvoooNbGkE,1306.375,127.225,8529.375,7244650.375
25-05-2020 00:45,YxYtjZvoooNbGkE,0.0,0.0,0.0,7252651.0
15-06-2020 09:00,adLQvlD726eNBSB,8646.142857,845.9285714,1169.142857,6506255.143
15-06-2020 18:15,VHMLBKoKgIrUVDU,250.8571429,24.21428571,6810.571429,7443865.571
24-05-2020 16:15,uHbuxQJl8lW7ozc,3019.125,296.1,7621.0,7111367.0
26-05-2020 05:00,7JYdWkrLSPkdwr4,0.0,0.0,0.0,7684020.0
22-05-2020 02:00,z9Y9gH1T5YWrNuG,0.0,0.0,0.0,7057147.0
31-05-2020 13:15,zBIq5rxdHJRwDNY,6662.5,651.7875,4357.875,6461658.875
29-05-2020 07:15,z9Y9gH1T5YWrNuG,2012.125,197.25,142.875,7112504.875
03-06-2020 21:45,ZoEaEvLYb1n2sOq,0.0,0.0,7774.0,7243501.0
10-06-2020 16:00,VHMLBKoKgIrUVDU,4245.25,416.9375,5937.875,7408753.875
17-06-2020 22:15,ZoEaEvLYb1n2sOq,0.0,0.0,5871.0,7341753.0
13-06-2020 20:45,YxYtjZvoooNbGkE,0.0,0.0,8380.0,7399439.0
16-06-2020 15:30,ih0vzX44oOqAx2f,6290.5,616.225,5423.25,6419670.25
15-05-2020 15:30,VHMLBKoKgIrUVDU,7739.375,757.55,5456.0,7211864.0
31-05-2020 05:00,uHbuxQJl8lW7ozc,0.0,0.0,0.0,7159272.0
07-06-2020 10:15,iCRJl6heRkivqQ3,7720.857143,755.8142857,1651.0,7349885.0
25-05-2020 18:15,1BY6WEcLGh8j5v7,214.5714286,20.71428571,8265.285714,6336205.286
12-06-2020 04:45,z9Y9gH1T5YWrNuG,0.0,0.0,0.0,7211064.0
08-06-2020 09:30,ZoEaEvLYb1n2sOq,10835.0,1058.566667,1305.833333,7274758.833
26-05-2020 08:45,uHbuxQJl8lW7ozc,7381.625,722.775,856.5,7121552.5
02-06-2020 01:45,iCRJl6heRkivqQ3,0.0,0.0,0.0,7310348.0
07-06-2020 19:45,McdE0feGgRqW7Ca,0.0,0.0,7042.0,7338202.0
23-05-2020 08:30,zVJPv84UY57bAof,7861.5,769.5375,634.0,7172928.0
28-05-2020 04:45,zVJPv84UY57bAof,0.0,0.0,0.0,7212082.0
06-06-2020 21:45,3PZuoBAID5Wc2HD,0.0,0.0,6496.0,7158982.0
15-05-2020 16:00,ZoEaEvLYb1n2sOq,4827.285714,473.6142857,5732.857143,7103831.857
16-05-2020 12:00,z9Y9gH1T5YWrNuG,8992.571429,879.6428571,3063.428571,7017315.429
04-06-2020 07:15,zVJPv84UY57bAof,2433.0,238.6875,128.375,7263181.375
17-06-2020 17:15,z9Y9gH1T5YWrNuG,1564.5,152.9125,5718.125,7251103.125
08-06-2020 23:15,adLQvlD726eNBSB,0.0,0.0,8620.0,6462004.0
09-06-2020 23:30,ih0vzX44oOqAx2f,0.0,0.0,7846.0,6374755.0
22-05-2020 19:00,ZnxXDlPa8U1GXgE,0.0,0.0,7275.0,6579139.0
16-05-2020 22:00,3PZuoBAID5Wc2HD,0.0,0.0,6656.0,7000689.0
23-05-2020 15:30,WRmjgnKYAwPKWDb,8209.285714,803.3857143,7365.0,7091960.0
15-06-2020 20:15,uHbuxQJl8lW7ozc,0.0,0.0,6906.0,7274743.0
28-05-2020 01:45,bvBOhCH3iADSZry,0.0,0.0,0.0,6405833.0
12-06-2020 07:30,rGa61gmuvPhdLxV,929.7142857,90.31428571,88.28571429,7316520.286
24-05-2020 12:00,sjndEbLyjtCKgGv,12594.57143,1228.385714,3647.428571,7085096.429
12-06-2020 17:45,ZnxXDlPa8U1GXgE,1609.142857,157.1285714,5831.857143,6735733.857
29-05-2020 11:45,pkci93gMrogZuBj,12770.875,1245.7625,3650.25,7276908.25
28-05-2020 07:15,3PZuoBAID5Wc2HD,2980.142857,292.6,161.8571429,7085612.857
31-05-2020 05:15,3PZuoBAID5Wc2HD,0.0,0.0,0.0,7109488.0
04-06-2020 11:45,3PZuoBAID5Wc2HD,10162.28571,992.9142857,3404.857143,7139892.857
04-06-2020 21:00,pkci93gMrogZuBj,0.0,0.0,0.0,7323691.0
30-05-2020 02:45,3PZuoBAID5Wc2HD,0.0,0.0,0.0,7102189.0
07-06-2020 17:00,ih0vzX44oOqAx2f,3298.285714,323.6714286,7791.714286,6358464.714
05-06-2020 23:45,iCRJl6heRkivqQ3,0.0,0.0,7803.0,7341803.0
31-05-2020 12:00,1BY6WEcLGh8j5v7,9356.625,914.5,3397.125,6375525.125
15-06-2020 17:15,YxYtjZvoooNbGkE,2278.0,223.3428571,6521.571429,7413223.571
15-05-2020 14:00,rGa61gmuvPhdLxV,10122.875,989.5375,4391.0,7115884.0
25-05-2020 00:00,7JYdWkrLSPkdwr4,0.0,0.0,1145.857143,7675241.0
02-06-2020 15:45,rGa61gmuvPhdLxV,5959.857143,583.9142857,6651.857143,7248620.857
09-06-2020 12:30,ZoEaEvLYb1n2sOq,10776.42857,1051.742857,4354.714286,7286078.714
27-05-2020 08:30,z9Y9gH1T5YWrNuG,6603.142857,646.7714286,665.2857143,7097848.286
15-05-2020 02:45,McdE0feGgRqW7Ca,0.0,0.0,0.0,7158964.0
28-05-2020 20:30,bvBOhCH3iADSZry,0.0,0.0,7752.0,6413585.0
19-05-2020 01:30,McdE0feGgRqW7Ca,0.0,0.0,0.0,7185091.0
19-05-2020 00:00,ZoEaEvLYb1n2sOq,0.0,0.0,0.0,7123527.0
21-05-2020 13:00,zBIq5rxdHJRwDNY,10601.57143,1034.842857,4808.0,6385670.0
25-05-2020 07:15,3PZuoBAID5Wc2HD,2700.625,264.9375,136.25,7061704.25
01-06-2020 03:15,pkci93gMrogZuBj,0.0,0.0,0.0,7294791.0
17-05-2020 12:45,sjndEbLyjtCKgGv,9792.75,956.2875,4548.75,7034161.75
24-05-2020 10:30,VHMLBKoKgIrUVDU,10895.125,1063.3375,2216.25,7274548.25
17-05-2020 04:30,7JYdWkrLSPkdwr4,0.0,0.0,0.0,7615537.0
21-05-2020 12:45,ZoEaEvLYb1n2sOq,9429.571429,921.0571429,4498.285714,7143566.286
16-06-2020 19:15,iCRJl6heRkivqQ3,0.0,0.0,6305.0,7420306.0
31-05-2020 16:30,rGa61gmuvPhdLxV,1850.285714,181.3714286,5649.571429,7236087.571
11-06-2020 11:45,wCURE6d3bPkepu2,8324.875,814.7125,2071.25,6984474.25
05-06-2020 18:15,wCURE6d3bPkepu2,553.7142857,53.6,7741.142857,6946762.143
29-05-2020 11:30,WRmjgnKYAwPKWDb,9432.142857,921.5285714,3180.428571,7136041.429
18-05-2020 16:45,McdE0feGgRqW7Ca,2976.142857,292.0714286,5267.857143,7184894.857
26-05-2020 03:00,wCURE6d3bPkepu2,0.0,0.0,0.0,6864650.0
09-06-2020 18:15,zVJPv84UY57bAof,418.8571429,40.48571429,8283.571429,7310450.571
20-05-2020 00:15,pkci93gMrogZuBj,0.0,0.0,0.0,7201349.0
18-05-2020 15:45,ZoEaEvLYb1n2sOq,7034.5,688.8875,4670.5,7122878.5
14-06-2020 11:15,McdE0feGgRqW7Ca,9382.5,917.375,2826.0,7384749.0
01-06-2020 17:30,bvBOhCH3iADSZry,648.75,62.825,5336.25,6438603.25
05-06-2020 05:00,WRmjgnKYAwPKWDb,0.0,0.0,0.0,7182665.0
12-06-2020 09:00,ZnxXDlPa8U1GXgE,4974.625,487.725,479.75,6730381.75
04-06-2020 09:15,zBIq5rxdHJRwDNY,5093.571429,499.4714286,1066.571429,6485408.571
16-06-2020 13:30,sjndEbLyjtCKgGv,8169.875,799.4,4289.875,7253828.875
19-05-2020 07:00,uHbuxQJl8lW7ozc,2402.25,235.575,48.75,7064249.75
17-05-2020 07:00,ZoEaEvLYb1n2sOq,1396.375,136.1375,49.0,7110793.0
03-06-2020 17:30,ZoEaEvLYb1n2sOq,2180.714286,213.8142857,7688.571429,7243415.571
15-06-2020 15:15,adLQvlD726eNBSB,6184.857143,605.9,6039.285714,6511125.286
15-06-2020 01:45,7JYdWkrLSPkdwr4,0.0,0.0,0.0,7828158.0
31-05-2020 23:30,1BY6WEcLGh8j5v7,0.0,0.0,5803.0,6377931.0
08-06-2020 14:15,zVJPv84UY57bAof,11144.85714,1086.971429,6190.428571,7299980.429
11-06-2020 02:00,sjndEbLyjtCKgGv,0.0,0.0,0.0,7215600.0
14-06-2020 14:15,McdE0feGgRqW7Ca,11504.71429,1122.914286,5610.0,7387533.0
29-05-2020 13:30,1IF53ai7Xc0U56Y,11481.85714,1120.985714,5633.857143,6295591.857
27-05-2020 03:15,rGa61gmuvPhdLxV,0.0,0.0,0.0,7199869.0
17-05-2020 21:45,WRmjgnKYAwPKWDb,0.0,0.0,7674.0,7049104.0
09-06-2020 10:15,ZnxXDlPa8U1GXgE,10186.0,993.9,2049.571429,6711747.571
24-05-2020 22:45,zVJPv84UY57bAof,0.0,0.0,7958.0,7188796.0
21-05-2020 08:15,pkci93gMrogZuBj,5613.0,550.125,471.625,7210669.625
27-05-2020 21:30,zVJPv84UY57bAof,0.0,0.0,0.0,7212082.0
26-05-2020 08:15,iCRJl6heRkivqQ3,5828.285714,571.1285714,534.4285714,7260664.429
23-05-2020 16:30,zBIq5rxdHJRwDNY,5323.5,521.925,8201.75,6404008.75
07-06-2020 09:15,z9Y9gH1T5YWrNuG,8165.285714,799.1571429,969.0,7178258.0
05-06-2020 20:00,ZoEaEvLYb1n2sOq,0.0,0.0,7535.0,7259075.0
26-05-2020 08:00,1BY6WEcLGh8j5v7,4779.571429,468.8142857,391.8571429,6336599.857
18-05-2020 22:30,ZoEaEvLYb1n2sOq,0.0,0.0,5319.0,7123527.0
15-06-2020 04:45,1IF53ai7Xc0U56Y,0.0,0.0,0.0,6414368.0
03-06-2020 09:45,iCRJl6heRkivqQ3,5942.625,582.35,1253.75,7319066.75
19-05-2020 00:15,1IF53ai7Xc0U56Y,0.0,0.0,0.0,6209806.0
29-05-2020 12:30,WRmjgnKYAwPKWDb,11756.28571,1147.071429,4293.571429,7137154.571
22-05-2020 18:15,VHMLBKoKgIrUVDU,107.5,10.3875,7358.625,7263719.625
23-05-2020 20:00,7JYdWkrLSPkdwr4,0.0,0.0,8450.0,7667220.0
15-06-2020 20:30,ZoEaEvLYb1n2sOq,0.0,0.0,6639.0,7329691.0
15-06-2020 01:00,YxYtjZvoooNbGkE,0.0,0.0,0.0,7406702.0
21-05-2020 10:00,pkci93gMrogZuBj,6029.428571,589.5142857,1290.714286,7211997.0
13-06-2020 01:00,wCURE6d3bPkepu2,0.0,0.0,0.0,6993908.0
14-06-2020 05:15,YxYtjZvoooNbGkE,0.0,0.0,0.0,7399439.0
11-06-2020 22:00,z9Y9gH1T5YWrNuG,0.0,0.0,5599.0,7211064.0
15-05-2020 11:30,WRmjgnKYAwPKWDb,8600.571429,840.0857143,2217.0,7030890.0
01-06-2020 13:00,adLQvlD726eNBSB,6973.571429,682.4571429,4496.0,6405200.0
07-06-2020 21:45,zBIq5rxdHJRwDNY,0.0,0.0,8183.0,6514911.0
31-05-2020 07:15,3PZuoBAID5Wc2HD,1388.25,135.275,103.875,7109591.875
03-06-2020 18:30,McdE0feGgRqW7Ca,90.28571429,8.714285714,8009.428571,7308368.429
14-06-2020 16:15,zBIq5rxdHJRwDNY,4093.0,401.9142857,6999.285714,6564821.286
14-06-2020 08:30,sjndEbLyjtCKgGv,4795.125,485.4,619.1428571,7236123.143
11-06-2020 01:45,ZoEaEvLYb1n2sOq,0.0,0.0,0.0,7296071.0
09-06-2020 10:30,ZnxXDlPa8U1GXgE,12563.625,1224.9625,2331.875,6712029.875
18-05-2020 08:00,ih0vzX44oOqAx2f,1260.571429,122.6142857,302.8571429,6205503.857
05-06-2020 16:15,zVJPv84UY57bAof,6764.25,662.55,7038.5,7278311.5
07-06-2020 02:30,zVJPv84UY57bAof,0.0,0.0,0.0,7285530.0
29-05-2020 14:45,uHbuxQJl8lW7ozc,9462.142857,925.4142857,6727.0,7150359.0
27-05-2020 17:15,1IF53ai7Xc0U56Y,1858.857143,181.9428571,6752.857143,6281390.857
12-06-2020 22:30,adLQvlD726eNBSB,0.0,0.0,5988.0,6488722.0
17-05-2020 05:30,z9Y9gH1T5YWrNuG,0.0,0.0,0.0,7020740.0
25-05-2020 21:45,YxYtjZvoooNbGkE,0.0,0.0,8813.0,7261464.0
24-05-2020 11:00,sjndEbLyjtCKgGv,10428.14286,1018.357143,2543.857143,7083992.857
07-06-2020 07:15,3PZuoBAID5Wc2HD,1883.875,184.6625,136.875,7159118.875
05-06-2020 08:30,zVJPv84UY57bAof,7298.142857,714.6142857,525.2857143,7271798.286
04-06-2020 05:30,rGa61gmuvPhdLxV,0.0,0.0,0.0,7257137.0
25-05-2020 01:30,1BY6WEcLGh8j5v7,0.0,0.0,0.0,6327940.0
08-06-2020 00:15,z9Y9gH1T5YWrNuG,0.0,0.0,0.0,7183631.0
02-06-2020 15:15,rGa61gmuvPhdLxV,5406.428571,529.9142857,6366.0,7248335.0
16-05-2020 20:00,z9Y9gH1T5YWrNuG,0.0,0.0,6488.0,7020740.0
22-05-2020 07:15,uHbuxQJl8lW7ozc,3504.714286,344.2714286,143.4285714,7088119.429
03-06-2020 15:15,rGa61gmuvPhdLxV,10615.57143,1036.7,6650.142857,7255980.143
08-06-2020 02:45,McdE0feGgRqW7Ca,0.0,0.0,0.0,7338202.0
14-06-2020 10:15,adLQvlD726eNBSB,7985.857143,781.6714286,1940.285714,6499436.286
22-05-2020 20:30,adLQvlD726eNBSB,0.0,0.0,7378.0,6328951.0
23-05-2020 12:30,zVJPv84UY57bAof,11811.71429,1152.771429,4662.0,7176956.0
02-06-2020 04:30,VHMLBKoKgIrUVDU,0.0,0.0,0.0,7340314.0
08-06-2020 14:30,ZnxXDlPa8U1GXgE,11455.75,1118.75,6492.125,6707755.125
17-06-2020 22:00,z9Y9gH1T5YWrNuG,0.0,0.0,5819.0,7251204.0
29-05-2020 06:15,pkci93gMrogZuBj,423.3333333,40.98333333,2.0,7273260.0
30-05-2020 13:00,WRmjgnKYAwPKWDb,9166.0,896.5857143,3657.857143,7144556.857
24-05-2020 19:45,rGa61gmuvPhdLxV,0.0,0.0,8002.0,7183295.0
05-06-2020 13:00,z9Y9gH1T5YWrNuG,7948.571429,778.0428571,4148.0,7167410.0
05-06-2020 00:45,zVJPv84UY57bAof,0.0,0.0,0.0,7271273.0
14-06-2020 12:00,iCRJl6heRkivqQ3,7549.142857,739.0714286,3436.0,7403291.0
09-06-2020 12:00,uHbuxQJl8lW7ozc,7373.75,721.8375,4070.25,7229624.25
08-06-2020 03:15,adLQvlD726eNBSB,0.0,0.0,0.0,6453384.0
15-06-2020 23:00,z9Y9gH1T5YWrNuG,0.0,0.0,6716.0,7239184.0
02-06-2020 21:30,bvBOhCH3iADSZry,0.0,0.0,6842.0,6445487.0
22-05-2020 18:30,VHMLBKoKgIrUVDU,0.0,0.0,7360.0,7263721.0
17-05-2020 14:15,WRmjgnKYAwPKWDb,6641.571429,649.6428571,5904.571429,7047334.571
31-05-2020 21:30,uHbuxQJl8lW7ozc,0.0,0.0,6081.0,7165353.0
30-05-2020 18:15,rGa61gmuvPhdLxV,283.125,27.3625,7359.875,7230433.875
17-05-2020 02:00,wCURE6d3bPkepu2,0.0,0.0,0.0,6795470.0
17-05-2020 01:30,z9Y9gH1T5YWrNuG,0.0,0.0,0.0,7020740.0
27-05-2020 15:00,wCURE6d3bPkepu2,4203.75,412.7875,5570.75,6878055.75
08-06-2020 17:00,uHbuxQJl8lW7ozc,3227.571429,316.5857143,8192.142857,7225341.143
07-06-2020 09:30,rGa61gmuvPhdLxV,6678.285714,654.0857143,1158.285714,7280659.286
16-05-2020 16:00,VHMLBKoKgIrUVDU,3429.5,337.15,6329.0,7218995.0
09-06-2020 00:00,YxYtjZvoooNbGkE,0.0,0.0,0.0,7365310.0
08-06-2020 06:45,zBIq5rxdHJRwDNY,1097.0,106.625,46.375,6514957.375
30-05-2020 19:15,pkci93gMrogZuBj,0.0,0.0,7341.0,7288876.0
06-06-2020 22:00,z9Y9gH1T5YWrNuG,0.0,0.0,0.0,7177289.0
02-06-2020 14:30,uHbuxQJl8lW7ozc,10000.5,976.5125,5865.625,7176807.625
16-05-2020 12:45,1BY6WEcLGh8j5v7,11209.0,1095.285714,3711.857143,6269024.857
04-06-2020 03:15,1IF53ai7Xc0U56Y,0.0,0.0,0.0,6332659.0
30-05-2020 15:45,z9Y9gH1T5YWrNuG,7590.714286,743.1571429,6291.428571,7126746.429
05-06-2020 12:30,VHMLBKoKgIrUVDU,3737.142857,367.3,3887.142857,7367708.143
11-06-2020 13:15,7JYdWkrLSPkdwr4,7251.375,710.0625,3194.125,7804285.125
14-06-2020 07:45,1BY6WEcLGh8j5v7,4105.428571,403.1142857,280.7142857,6463943.714
22-05-2020 21:15,ZnxXDlPa8U1GXgE,0.0,0.0,7275.0,6579139.0
16-06-2020 12:45,McdE0feGgRqW7Ca,7353.428571,719.3428571,3857.428571,7400087.429
03-06-2020 10:15,ZoEaEvLYb1n2sOq,5994.625,587.4,1522.625,7237249.625
04-06-2020 20:45,iCRJl6heRkivqQ3,0.0,0.0,0.0,7334000.0
09-06-2020 15:15,ZnxXDlPa8U1GXgE,8334.25,815.6,6777.125,6716475.125
06-06-2020 05:15,z9Y9gH1T5YWrNuG,0.0,0.0,0.0,7171001.0
24-05-2020 02:15,ih0vzX44oOqAx2f,0.0,0.0,0.0,6248938.0
12-06-2020 05:15,ZnxXDlPa8U1GXgE,0.0,0.0,0.0,6729902.0
06-06-2020 12:15,McdE0feGgRqW7Ca,9348.428571,913.0428571,3715.571429,7328396.571
22-05-2020 14:45,wCURE6d3bPkepu2,10758.0,1051.442857,6062.142857,6838117.143
07-06-2020 16:30,3PZuoBAID5Wc2HD,3209.25,314.8375,7813.25,7166795.25
02-06-2020 18:00,rGa61gmuvPhdLxV,365.4285714,35.34285714,7346.857143,7249315.857
30-05-2020 15:45,bvBOhCH3iADSZry,6826.25,668.6125,5901.25,6426924.25
22-05-2020 11:00,uHbuxQJl8lW7ozc,8452.571429,826.2,2260.142857,7090236.143
07-06-2020 13:15,1BY6WEcLGh8j5v7,0.0,0.0,3634.0,6422116.0
08-06-2020 18:45,uHbuxQJl8lW7ozc,0.0,0.0,8405.0,7225554.0
01-06-2020 05:30,rGa61gmuvPhdLxV,0.0,0.0,0.0,7236332.0
31-05-2020 07:45,wCURE6d3bPkepu2,2331.285714,228.5857143,194.8571429,6903352.857
08-06-2020 20:15,McdE0feGgRqW7Ca,0.0,0.0,8580.0,7346782.0
16-06-2020 09:30,7JYdWkrLSPkdwr4,7643.428571,748.2571429,1201.428571,7836000.429
14-06-2020 00:00,VHMLBKoKgIrUVDU,0.0,0.0,1081.5,7429566.0
25-05-2020 22:00,pkci93gMrogZuBj,0.0,0.0,8812.0,7250519.0
25-05-2020 13:45,rGa61gmuvPhdLxV,11780.625,1149.6375,6264.125,7189559.125
21-05-2020 14:00,bvBOhCH3iADSZry,8111.714286,793.6714286,5467.857143,6360505.857
16-05-2020 18:15,WRmjgnKYAwPKWDb,119.375,11.525,6614.25,7041429.25
27-05-2020 13:15,sjndEbLyjtCKgGv,5104.714286,500.4428571,4687.0,7110576.0
24-05-2020 06:15,ZoEaEvLYb1n2sOq,385.0,37.2,6.875,7162190.875
14-06-2020 04:00,McdE0feGgRqW7Ca,0.0,0.0,0.0,7381923.0
04-06-2020 15:30,ih0vzX44oOqAx2f,8489.625,830.6375,6763.25,6335773.25
16-05-2020 13:30,sjndEbLyjtCKgGv,8671.285714,848.3,4464.857143,7027646.857
15-05-2020 06:15,rGa61gmuvPhdLxV,315.4285714,30.47142857,3.0,7111496.0
17-05-2020 01:45,3PZuoBAID5Wc2HD,0.0,0.0,0.0,7000689.0
19-05-2020 15:00,rGa61gmuvPhdLxV,7616.714286,745.6428571,5703.142857,7142605.143
26-05-2020 08:30,3PZuoBAID5Wc2HD,7143.5,699.5375,759.5,7071395.5
25-05-2020 15:30,ih0vzX44oOqAx2f,8092.571429,792.0285714,7309.142857,6263803.143
24-05-2020 05:30,McdE0feGgRqW7Ca,0.0,0.0,0.0,7224636.0
30-05-2020 11:45,adLQvlD726eNBSB,9280.142857,907.3285714,2392.571429,6389744.571
03-06-2020 05:00,sjndEbLyjtCKgGv,0.0,0.0,0.0,7155447.0
16-06-2020 21:45,wCURE6d3bPkepu2,0.0,0.0,6274.0,7022718.0
08-06-2020 04:15,VHMLBKoKgIrUVDU,0.0,0.0,0.0,7386208.0
08-06-2020 16:15,7JYdWkrLSPkdwr4,3680.375,360.9875,7743.75,7786253.75
14-06-2020 01:00,sjndEbLyjtCKgGv,0.0,0.0,0.0,7235504.0
18-05-2020 23:30,uHbuxQJl8lW7ozc,0.0,0.0,5408.0,7064201.0
31-05-2020 00:15,wCURE6d3bPkepu2,0.0,0.0,0.0,6903158.0
28-05-2020 10:45,sjndEbLyjtCKgGv,8971.25,876.8375,2687.25,7115252.25
02-06-2020 05:00,zBIq5rxdHJRwDNY,0.0,0.0,0.0,6469033.0
22-05-2020 16:45,zBIq5rxdHJRwDNY,1948.285714,190.9857143,7073.428571,6395672.429
04-06-2020 07:15,wCURE6d3bPkepu2,2393.571429,234.7714286,128.7142857,6930904.714
07-06-2020 15:00,YxYtjZvoooNbGkE,8083.75,789.6875,6719.625,7355531.625
29-05-2020 20:45,zBIq5rxdHJRwDNY,0.0,0.0,0.0,6449905.0
30-05-2020 11:45,YxYtjZvoooNbGkE,8580.875,839.2875,2288.625,7294791.625
07-06-2020 09:45,uHbuxQJl8lW7ozc,6147.857143,602.3571429,1312.714286,7210167.714
11-06-2020 22:45,WRmjgnKYAwPKWDb,0.0,0.0,5619.0,7232986.0
25-05-2020 15:00,YxYtjZvoooNbGkE,10230.14286,1000.157143,7599.142857,7260250.143
09-06-2020 23:00,sjndEbLyjtCKgGv,0.0,0.0,8170.0,7209095.0
08-06-2020 00:45,3PZuoBAID5Wc2HD,0.0,0.0,0.0,7167224.0
19-05-2020 15:15,1IF53ai7Xc0U56Y,5900.25,578.2375,5976.375,6215782.375
20-05-2020 21:00,YxYtjZvoooNbGkE,0.0,0.0,8818.0,7221294.0
26-05-2020 20:45,zBIq5rxdHJRwDNY,0.0,0.0,0.0,6427702.0
14-06-2020 22:30,z9Y9gH1T5YWrNuG,0.0,0.0,7238.0,7232468.0
16-06-2020 13:00,zVJPv84UY57bAof,5017.285714,492.1,3920.714286,7355020.714
10-06-2020 20:30,YxYtjZvoooNbGkE,0.0,0.0,6419.0,7379687.0
23-05-2020 08:15,adLQvlD726eNBSB,7061.125,691.35,498.75,6329449.75
16-05-2020 23:30,WRmjgnKYAwPKWDb,0.0,0.0,6615.0,7041430.0
26-05-2020 06:00,z9Y9gH1T5YWrNuG,138.375,13.3375,1.25,7089441.25
09-06-2020 05:00,pkci93gMrogZuBj,0.0,0.0,0.0,7354476.0
22-05-2020 20:45,rGa61gmuvPhdLxV,0.0,0.0,0.0,7167141.0
06-06-2020 23:15,zBIq5rxdHJRwDNY,0.0,0.0,0.0,6506728.0
04-06-2020 02:45,uHbuxQJl8lW7ozc,0.0,0.0,0.0,7186255.0
04-06-2020 11:15,ZoEaEvLYb1n2sOq,10568.375,1031.8625,2784.75,7246285.75
15-05-2020 18:00,sjndEbLyjtCKgGv,291.2857143,28.14285714,6345.142857,7023177.143
28-05-2020 00:30,wCURE6d3bPkepu2,0.0,0.0,0.0,6879195.0
14-06-2020 10:45,pkci93gMrogZuBj,10801.85714,1055.471429,2292.428571,7391453.429
03-06-2020 18:15,ZnxXDlPa8U1GXgE,373.1428571,36.05714286,7909.428571,6670877.429
25-05-2020 04:45,zVJPv84UY57bAof,0.0,0.0,0.0,7188796.0
03-06-2020 05:15,1BY6WEcLGh8j5v7,0.0,0.0,0.0,6390468.0
16-06-2020 06:15,uHbuxQJl8lW7ozc,173.125,16.725,1.125,7274744.125
23-05-2020 13:00,iCRJl6heRkivqQ3,10631.14286,1038.485714,5193.285714,7239786.286
07-06-2020 07:00,1IF53ai7Xc0U56Y,1830.285714,179.4,92.0,6355191.0
01-06-2020 20:30,z9Y9gH1T5YWrNuG,0.0,0.0,5931.0,7139828.0
01-06-2020 03:45,McdE0feGgRqW7Ca,0.0,0.0,0.0,7286760.0
15-05-2020 08:15,pkci93gMrogZuBj,5152.571429,505.2571429,374.4285714,7169476.429
07-06-2020 19:15,iCRJl6heRkivqQ3,0.0,0.0,8277.0,7356511.0
16-06-2020 17:00,wCURE6d3bPkepu2,1930.142857,189.1714286,6118.285714,7022562.286
15-05-2020 06:45,iCRJl6heRkivqQ3,1271.428571,123.8285714,36.42857143,7178028.429
07-06-2020 20:30,ZnxXDlPa8U1GXgE,0.0,0.0,8209.0,6701263.0
04-06-2020 03:15,adLQvlD726eNBSB,0.0,0.0,0.0,6422267.0
15-06-2020 11:00,1IF53ai7Xc0U56Y,12094.5,1180.2625,3056.125,6417424.125
12-06-2020 08:45,rGa61gmuvPhdLxV,4172.125,409.7625,372.0,7316804.0
12-06-2020 08:45,McdE0feGgRqW7Ca,4133.571429,406.0,377.5714286,7367750.571
17-06-2020 08:15,wCURE6d3bPkepu2,3823.0,375.6625,383.5,7023101.5
16-06-2020 23:00,1BY6WEcLGh8j5v7,0.0,0.0,5848.0,6479798.0
13-06-2020 13:15,YxYtjZvoooNbGkE,8487.625,830.0,5428.125,7396487.125
12-06-2020 16:15,WRmjgnKYAwPKWDb,2714.0,266.2,5423.285714,7238409.286
06-06-2020 18:00,pkci93gMrogZuBj,139.0,13.45,6431.0,7337918.0
10-06-2020 15:00,z9Y9gH1T5YWrNuG,2076.875,203.4,5501.875,7204554.875
16-05-2020 18:45,YxYtjZvoooNbGkE,0.0,0.0,6475.0,7192732.0
28-05-2020 15:45,pkci93gMrogZuBj,6207.285714,607.9857143,7582.428571,7272567.429
06-06-2020 03:15,uHbuxQJl8lW7ozc,0.0,0.0,0.0,7202373.0
18-05-2020 22:45,WRmjgnKYAwPKWDb,0.0,0.0,5348.0,7054452.0
15-06-2020 18:15,iCRJl6heRkivqQ3,231.875,22.3875,6774.5,7413998.5
10-06-2020 05:45,wCURE6d3bPkepu2,0.0,0.0,0.0,6975980.0
13-06-2020 01:30,McdE0feGgRqW7Ca,0.0,0.0,0.0,7373328.0
11-06-2020 20:00,zBIq5rxdHJRwDNY,0.0,0.0,5647.0,6543550.0
17-06-2020 01:15,wCURE6d3bPkepu2,0.0,0.0,0.0,7022718.0
13-06-2020 14:15,sjndEbLyjtCKgGv,11739.71429,1145.8,6411.714286,7233512.714
28-05-2020 15:45,wCURE6d3bPkepu2,7095.5,694.775,7833.5,6887028.5
15-06-2020 07:45,7JYdWkrLSPkdwr4,3649.75,358.375,264.375,7828422.375
15-06-2020 00:30,sjndEbLyjtCKgGv,0.0,0.0,0.0,7242811.0
08-06-2020 17:30,sjndEbLyjtCKgGv,2037.0,199.6,8277.857143,7200831.857
03-06-2020 04:45,z9Y9gH1T5YWrNuG,0.0,0.0,0.0,7147274.0
04-06-2020 01:00,zVJPv84UY57bAof,0.0,0.0,0.0,7263053.0
26-05-2020 00:15,WRmjgnKYAwPKWDb,0.0,0.0,0.0,7109996.0
15-06-2020 16:00,VHMLBKoKgIrUVDU,1790.714286,175.2571429,6331.714286,7443386.714
27-05-2020 09:00,7JYdWkrLSPkdwr4,7706.285714,754.3428571,1017.142857,7692929.143
12-06-2020 07:15,McdE0feGgRqW7Ca,1107.428571,107.6428571,66.42857143,7367439.429
15-05-2020 11:30,ih0vzX44oOqAx2f,5802.142857,568.5714286,2316.857143,6187503.8
06-06-2020 16:15,3PZuoBAID5Wc2HD,1513.0,147.8,6349.428571,7158835.429
13-06-2020 11:30,z9Y9gH1T5YWrNuG,13033.5,1270.7875,3437.5,7220304.5
24-05-2020 13:45,uHbuxQJl8lW7ozc,11723.14286,1143.342857,5688.142857,7109434.143
01-06-2020 20:00,McdE0feGgRqW7Ca,0.0,0.0,5992.0,7292752.0
02-06-2020 18:00,3PZuoBAID5Wc2HD,303.75,29.35,7343.5,7128612.5
27-05-2020 02:30,adLQvlD726eNBSB,0.0,0.0,0.0,6363516.0
29-05-2020 14:45,1IF53ai7Xc0U56Y,8923.875,873.0,6708.0,6296666.0
23-05-2020 11:15,bvBOhCH3iADSZry,11383.25,1111.25,2788.375,6371696.375
29-05-2020 15:30,ZoEaEvLYb1n2sOq,7195.25,704.5375,7081.0,7208619.0
09-06-2020 07:15,bvBOhCH3iADSZry,2507.857143,245.9285714,146.2857143,6486132.286
02-06-2020 01:15,z9Y9gH1T5YWrNuG,0.0,0.0,0.0,7139828.0
01-06-2020 07:45,zBIq5rxdHJRwDNY,4877.875,478.3125,351.0,6463590.0
05-06-2020 20:15,zBIq5rxdHJRwDNY,0.0,0.0,7723.0,6500302.0
18-05-2020 02:00,7JYdWkrLSPkdwr4,0.0,0.0,0.0,7623063.0
12-06-2020 23:00,iCRJl6heRkivqQ3,0.0,0.0,5888.0,7391359.0
11-06-2020 14:00,1BY6WEcLGh8j5v7,6583.428571,644.8142857,3420.714286,6448401.714
16-06-2020 08:00,WRmjgnKYAwPKWDb,5016.714286,492.0285714,359.5714286,7261674.571
15-06-2020 02:30,sjndEbLyjtCKgGv,0.0,0.0,0.0,7242811.0
16-05-2020 08:45,wCURE6d3bPkepu2,6435.142857,630.4142857,719.0,6789646.0
16-05-2020 21:15,rGa61gmuvPhdLxV,0.0,0.0,6233.0,7124099.0
28-05-2020 10:15,WRmjgnKYAwPKWDb,10088.125,985.2125,2312.875,7126850.875
09-06-2020 12:15,z9Y9gH1T5YWrNuG,9249.428571,903.4571429,3826.714286,7195250.714
16-06-2020 20:45,pkci93gMrogZuBj,0.0,0.0,6261.0,7409478.0
23-05-2020 17:30,z9Y9gH1T5YWrNuG,2060.714286,202.0285714,8432.571429,7072651.571
06-06-2020 20:30,rGa61gmuvPhdLxV,0.0,0.0,0.0,7279501.0
22-05-2020 21:45,zVJPv84UY57bAof,0.0,0.0,0.0,7172294.0
17-05-2020 13:00,3PZuoBAID5Wc2HD,6893.25,674.8125,5055.125,7005744.125
15-06-2020 02:00,bvBOhCH3iADSZry,0.0,0.0,0.0,6521600.0
04-06-2020 21:30,1IF53ai7Xc0U56Y,0.0,0.0,8196.0,6340855.0
14-06-2020 13:30,VHMLBKoKgIrUVDU,9958.142857,973.6857143,4779.142857,7434345.143
13-06-2020 02:15,bvBOhCH3iADSZry,0.0,0.0,0.0,6509779.0
22-05-2020 21:00,WRmjgnKYAwPKWDb,0.0,0.0,7237.0,7084595.0
31-05-2020 11:45,uHbuxQJl8lW7ozc,8176.0,799.2285714,3243.142857,7162515.143
25-05-2020 15:15,z9Y9gH1T5YWrNuG,8336.625,815.7125,7820.25,7088458.25
18-05-2020 00:30,VHMLBKoKgIrUVDU,0.0,0.0,0.0,7227097.0
16-06-2020 15:15,bvBOhCH3iADSZry,4187.571429,411.1857143,4978.857143,6532770.857
25-05-2020 12:30,McdE0feGgRqW7Ca,12962.125,1263.8125,4929.75,7237620.75
28-05-2020 03:45,adLQvlD726eNBSB,0.0,0.0,0.0,6370373.0
09-06-2020 09:45,z9Y9gH1T5YWrNuG,9343.0,913.2875,1513.625,7192937.625
05-06-2020 22:30,YxYtjZvoooNbGkE,0.0,0.0,7603.0,7342489.0
17-05-2020 16:30,WRmjgnKYAwPKWDb,4414.428571,433.0428571,7372.428571,7048802.429
29-05-2020 15:45,zBIq5rxdHJRwDNY,7483.714286,732.7285714,7082.0,6449076.0
22-05-2020 09:15,VHMLBKoKgIrUVDU,5779.25,566.3375,1044.0,7257405.0
06-06-2020 22:30,bvBOhCH3iADSZry,0.0,0.0,5873.0,6473124.0
07-06-2020 11:30,McdE0feGgRqW7Ca,11833.75,1155.0125,3145.0,7334305.0
11-06-2020 00:15,adLQvlD726eNBSB,0.0,0.0,0.0,6476944.0
14-06-2020 04:15,7JYdWkrLSPkdwr4,0.0,0.0,0.0,7820852.0
01-06-2020 00:00,ZoEaEvLYb1n2sOq,0.0,0.0,0.0,7222644.0
31-05-2020 05:00,1IF53ai7Xc0U56Y,0.0,0.0,0.0,6305543.0
31-05-2020 11:15,7JYdWkrLSPkdwr4,8385.75,819.9375,2460.5,7724438.5
07-06-2020 03:00,pkci93gMrogZuBj,0.0,0.0,0.0,7337918.0
13-06-2020 18:30,wCURE6d3bPkepu2,67.71428571,6.514285714,8460.714286,7002368.714
16-06-2020 20:15,adLQvlD726eNBSB,0.0,0.0,6396.0,6518398.0
15-05-2020 20:45,zBIq5rxdHJRwDNY,0.0,0.0,6396.0,6345776.0
21-05-2020 22:45,1IF53ai7Xc0U56Y,0.0,0.0,0.0,6233247.0
14-06-2020 18:45,1IF53ai7Xc0U56Y,0.0,0.0,7487.0,6414368.0
18-05-2020 09:15,VHMLBKoKgIrUVDU,1771.0,173.6142857,523.1428571,7227620.143
07-06-2020 03:15,ZnxXDlPa8U1GXgE,0.0,0.0,0.0,6693054.0
17-05-2020 19:45,YxYtjZvoooNbGkE,0.0,0.0,7497.0,7200229.0
17-05-2020 04:30,zBIq5rxdHJRwDNY,0.0,0.0,0.0,6352150.0
23-05-2020 04:45,ZoEaEvLYb1n2sOq,0.0,0.0,0.0,7153713.0
20-05-2020 06:15,ih0vzX44oOqAx2f,432.5,41.8375,6.375,6217283.375
13-06-2020 11:00,ZoEaEvLYb1n2sOq,10471.14286,1022.214286,2867.857143,7310252.857
03-06-2020 11:15,wCURE6d3bPkepu2,9308.428571,910.4714286,2465.571429,6925334.571
23-05-2020 21:00,7JYdWkrLSPkdwr4,0.0,0.0,8450.0,7667220.0
01-06-2020 06:15,z9Y9gH1T5YWrNuG,446.625,43.2,6.25,7133903.25
23-05-2020 15:15,ih0vzX44oOqAx2f,7952.571429,778.3714286,7070.714286,6247613.714
14-06-2020 03:00,YxYtjZvoooNbGkE,0.0,0.0,0.0,7399439.0
14-06-2020 01:15,uHbuxQJl8lW7ozc,0.0,0.0,0.0,7260531.0
06-06-2020 08:15,1IF53ai7Xc0U56Y,5409.142857,530.2714286,661.0,6349218.0
27-05-2020 11:45,rGa61gmuvPhdLxV,9830.0,959.8857143,3233.714286,7203102.714
17-06-2020 09:15,WRmjgnKYAwPKWDb,5583.875,547.25,834.625,7268413.625
15-05-2020 15:00,wCURE6d3bPkepu2,7779.0,761.3875,5191.875,6787789.875
15-05-2020 04:45,YxYtjZvoooNbGkE,0.0,0.0,0.0,7179966.0
20-05-2020 02:30,zBIq5rxdHJRwDNY,0.0,0.0,0.0,6371971.0
23-05-2020 14:45,z9Y9gH1T5YWrNuG,7321.857143,716.9142857,6857.428571,7071076.429
21-05-2020 08:15,3PZuoBAID5Wc2HD,6079.75,595.7125,536.125,7030030.125
07-06-2020 21:45,ZnxXDlPa8U1GXgE,0.0,0.0,8209.0,6701263.0
10-06-2020 22:30,iCRJl6heRkivqQ3,0.0,0.0,6559.0,7379779.0
18-05-2020 00:45,ih0vzX44oOqAx2f,0.0,0.0,0.0,6205201.0
04-06-2020 01:30,WRmjgnKYAwPKWDb,0.0,0.0,0.0,7174627.0
03-06-2020 06:15,McdE0feGgRqW7Ca,350.1428571,33.85714286,4.571428571,7300363.571
17-05-2020 20:30,zBIq5rxdHJRwDNY,0.0,0.0,7507.0,6359657.0
13-06-2020 02:30,YxYtjZvoooNbGkE,0.0,0.0,0.0,7391059.0
04-06-2020 09:30,iCRJl6heRkivqQ3,6845.875,670.325,1229.25,7326925.25
01-06-2020 14:45,ih0vzX44oOqAx2f,2882.0,282.95,5243.75,6313475.75
06-06-2020 08:30,pkci93gMrogZuBj,6703.285714,656.5142857,732.8571429,7332219.857
15-06-2020 17:15,bvBOhCH3iADSZry,2082.75,204.1875,6088.375,6527688.375
23-05-2020 21:30,1IF53ai7Xc0U56Y,0.0,0.0,8673.0,6249207.0
05-06-2020 11:00,ZoEaEvLYb1n2sOq,9124.875,891.525,2491.875,7254031.875
03-06-2020 21:15,bvBOhCH3iADSZry,0.0,0.0,7237.0,6452724.0
27-05-2020 06:15,zBIq5rxdHJRwDNY,348.5714286,33.65714286,5.714285714,6427707.714
07-06-2020 22:15,ZnxXDlPa8U1GXgE,0.0,0.0,8209.0,6701263.0
18-05-2020 19:00,adLQvlD726eNBSB,0.0,0.0,5506.0,6297816.0
26-05-2020 02:45,sjndEbLyjtCKgGv,0.0,0.0,0.0,7098111.0
19-05-2020 23:00,ZoEaEvLYb1n2sOq,0.0,0.0,6805.0,7130332.0
31-05-2020 05:00,ZnxXDlPa8U1GXgE,0.0,0.0,0.0,6643383.0
17-06-2020 02:45,YxYtjZvoooNbGkE,0.0,0.0,0.0,7419556.0
19-05-2020 19:00,ZnxXDlPa8U1GXgE,0.0,0.0,6974.0,6555136.0
26-05-2020 18:30,ZoEaEvLYb1n2sOq,0.0,0.0,0.0,7186690.0
17-05-2020 02:00,WRmjgnKYAwPKWDb,0.0,0.0,0.0,7041430.0
16-05-2020 14:30,zVJPv84UY57bAof,7516.857143,735.9142857,5186.285714,7127302.286
15-05-2020 18:45,3PZuoBAID5Wc2HD,0.0,0.0,6274.0,6994033.0
02-06-2020 01:45,bvBOhCH3iADSZry,0.0,0.0,0.0,6438645.0
24-05-2020 23:00,ZnxXDlPa8U1GXgE,0.0,0.0,8028.0,6595756.0
09-06-2020 03:30,WRmjgnKYAwPKWDb,0.0,0.0,0.0,7213001.0
14-06-2020 22:15,z9Y9gH1T5YWrNuG,0.0,0.0,7238.0,7232468.0
22-05-2020 14:00,YxYtjZvoooNbGkE,10120.5,987.3,5285.375,7234319.375
23-05-2020 07:30,VHMLBKoKgIrUVDU,3261.625,320.575,149.125,7263870.125
15-06-2020 20:00,pkci93gMrogZuBj,0.0,0.0,6795.0,7403217.0
16-06-2020 22:00,zBIq5rxdHJRwDNY,0.0,0.0,5719.0,6577552.0
24-05-2020 18:45,ZnxXDlPa8U1GXgE,0.0,0.0,8028.0,6595756.0
02-06-2020 12:30,ZnxXDlPa8U1GXgE,9591.25,937.3125,3918.5,6659361.5
21-05-2020 13:15,ZoEaEvLYb1n2sOq,13170.57143,1284.1,5000.857143,7144068.857
28-05-2020 03:00,zVJPv84UY57bAof,0.0,0.0,0.0,7212082.0
14-06-2020 08:30,ZoEaEvLYb1n2sOq,4894.285714,480.0142857,597.8571429,7316360.857
06-06-2020 15:30,1BY6WEcLGh8j5v7,3932.0,386.3428571,5609.285714,6418151.286
28-05-2020 09:00,1IF53ai7Xc0U56Y,8653.857143,846.8,1165.571429,6282627.571
15-06-2020 23:00,3PZuoBAID5Wc2HD,0.0,0.0,6819.0,7225042.0
28-05-2020 04:45,z9Y9gH1T5YWrNuG,0.0,0.0,0.0,7103885.0
15-06-2020 23:15,rGa61gmuvPhdLxV,0.0,0.0,6732.0,7344704.0
18-05-2020 18:30,wCURE6d3bPkepu2,0.0,0.0,5393.0,6808393.0
30-05-2020 10:30,7JYdWkrLSPkdwr4,5209.375,510.6875,1385.5,7716220.5
07-06-2020 17:15,z9Y9gH1T5YWrNuG,3420.125,336.0375,6193.125,7183482.125
18-05-2020 02:15,7JYdWkrLSPkdwr4,0.0,0.0,0.0,7623063.0
19-05-2020 14:15,uHbuxQJl8lW7ozc,9194.875,899.2375,5107.75,7069308.75
17-05-2020 16:15,YxYtjZvoooNbGkE,4707.857143,461.6571429,7094.142857,7199826.143
28-05-2020 06:15,iCRJl6heRkivqQ3,414.4285714,40.08571429,6.571428571,7274698.571
20-05-2020 04:00,bvBOhCH3iADSZry,0.0,0.0,0.0,6346907.0
13-06-2020 21:30,rGa61gmuvPhdLxV,0.0,0.0,8389.0,7330670.0
21-05-2020 14:45,ih0vzX44oOqAx2f,8151.857143,797.6285714,6409.285714,6232350.286
10-06-2020 04:00,z9Y9gH1T5YWrNuG,0.0,0.0,0.0,7199053.0
06-06-2020 09:15,ih0vzX44oOqAx2f,5341.142857,523.7857143,1140.714286,6345616.714
13-06-2020 19:00,ih0vzX44oOqAx2f,0.0,0.0,8255.0,6400518.0
19-05-2020 05:15,uHbuxQJl8lW7ozc,0.0,0.0,0.0,7064201.0
05-06-2020 14:45,ZoEaEvLYb1n2sOq,10859.125,1061.025,5698.5,7257238.5
16-06-2020 21:15,bvBOhCH3iADSZry,0.0,0.0,5757.0,6533549.0
15-05-2020 16:15,McdE0feGgRqW7Ca,4760.714286,467.0714286,6037.142857,7165001.143
01-06-2020 09:45,rGa61gmuvPhdLxV,7626.714286,746.0428571,1547.428571,7237879.429
29-05-2020 23:15,sjndEbLyjtCKgGv,0.0,0.0,0.0,7129029.0
20-05-2020 10:15,3PZuoBAID5Wc2HD,11336.5,1106.9625,2285.25,7022797.25
15-06-2020 12:15,YxYtjZvoooNbGkE,6191.875,606.675,3953.875,7410655.875
06-06-2020 04:00,adLQvlD726eNBSB,0.0,0.0,0.0,6438428.0
23-05-2020 08:30,iCRJl6heRkivqQ3,7868.25,770.2125,642.75,7235235.75
28-05-2020 07:00,sjndEbLyjtCKgGv,1870.125,183.325,82.625,7112647.625
15-06-2020 23:45,uHbuxQJl8lW7ozc,0.0,0.0,6906.0,7274743.0
21-05-2020 17:30,7JYdWkrLSPkdwr4,585.5,56.6625,7630.625,7651610.625
16-06-2020 11:15,bvBOhCH3iADSZry,8073.0,790.1625,2633.5,6530425.5
04-06-2020 01:45,iCRJl6heRkivqQ3,0.0,0.0,0.0,7325696.0
12-06-2020 04:00,sjndEbLyjtCKgGv,0.0,0.0,0.0,7221254.0
17-05-2020 17:30,sjndEbLyjtCKgGv,1373.875,133.7,7392.25,7037005.25
03-06-2020 00:15,VHMLBKoKgIrUVDU,0.0,0.0,0.0,7347744.0
16-05-2020 13:30,zBIq5rxdHJRwDNY,7938.285714,776.8428571,4409.857143,6350185.857
17-05-2020 01:45,wCURE6d3bPkepu2,0.0,0.0,0.0,6795470.0
17-06-2020 02:00,WRmjgnKYAwPKWDb,0.0,0.0,0.0,7267579.0
06-06-2020 00:30,uHbuxQJl8lW7ozc,0.0,0.0,0.0,7202373.0
18-05-2020 01:15,wCURE6d3bPkepu2,0.0,0.0,0.0,6803000.0
28-05-2020 05:00,3PZuoBAID5Wc2HD,0.0,0.0,0.0,7085451.0
05-06-2020 09:15,1BY6WEcLGh8j5v7,9033.714286,883.6857143,1003.857143,6406383.857
08-06-2020 11:00,pkci93gMrogZuBj,11869.625,1157.675,2958.75,7349090.75
27-05-2020 23:15,wCURE6d3bPkepu2,0.0,0.0,0.0,6879195.0
29-05-2020 14:15,sjndEbLyjtCKgGv,10061.625,983.4,6132.75,7127035.75
15-06-2020 01:15,ZnxXDlPa8U1GXgE,0.0,0.0,0.0,6751747.0
18-05-2020 00:00,adLQvlD726eNBSB,0.0,0.0,0.0,6292310.0
18-05-2020 11:15,iCRJl6heRkivqQ3,7221.142857,707.0714286,1163.714286,7199530.714
22-05-2020 02:30,VHMLBKoKgIrUVDU,0.0,0.0,0.0,7256361.0
23-05-2020 14:45,ZnxXDlPa8U1GXgE,7337.428571,718.4714286,6890.142857,6586029.143
17-05-2020 13:15,1IF53ai7Xc0U56Y,6339.857143,620.2857143,5155.571429,6201749.571
08-06-2020 16:15,z9Y9gH1T5YWrNuG,2424.875,237.875,7305.75,7190936.75
04-06-2020 07:00,YxYtjZvoooNbGkE,1810.75,177.375,77.5,7326833.5
10-06-2020 00:15,z9Y9gH1T5YWrNuG,0.0,0.0,0.0,7199053.0
26-05-2020 21:45,3PZuoBAID5Wc2HD,0.0,0.0,0.0,7078711.0
28-05-2020 09:45,iCRJl6heRkivqQ3,9479.625,926.9875,1721.75,7276413.75
24-05-2020 04:30,3PZuoBAID5Wc2HD,0.0,0.0,0.0,7053268.0
29-05-2020 18:15,sjndEbLyjtCKgGv,93.0,9.0,8125.5,7129028.5
28-05-2020 03:30,rGa61gmuvPhdLxV,0.0,0.0,0.0,7206549.0
15-05-2020 01:00,bvBOhCH3iADSZry,0.0,0.0,0.0,6316803.0
12-06-2020 14:15,zBIq5rxdHJRwDNY,7391.75,723.75,4435.25,6547985.25
17-05-2020 20:15,WRmjgnKYAwPKWDb,0.0,0.0,7674.0,7049104.0
17-05-2020 21:45,z9Y9gH1T5YWrNuG,0.0,0.0,7486.0,7028226.0
17-05-2020 13:00,sjndEbLyjtCKgGv,4975.714286,488.1285714,4768.428571,7034381.429
22-05-2020 02:45,sjndEbLyjtCKgGv,0.0,0.0,0.0,7065886.0
27-05-2020 16:45,3PZuoBAID5Wc2HD,3052.5,299.45,6548.125,7085259.125
26-05-2020 16:00,zVJPv84UY57bAof,4830.714286,473.5285714,7095.142857,7204704.143
18-05-2020 15:00,1BY6WEcLGh8j5v7,7249.75,709.9,3875.25,6282525.25
28-05-2020 12:00,ih0vzX44oOqAx2f,10971.14286,1070.528571,4148.857143,6283002.833
22-05-2020 06:15,adLQvlD726eNBSB,604.0,58.45714286,12.0,6321585.0
06-06-2020 19:45,rGa61gmuvPhdLxV,0.0,0.0,0.0,7279501.0
28-05-2020 11:30,3PZuoBAID5Wc2HD,13294.14286,1296.171429,3746.142857,7089197.143
06-06-2020 03:45,uHbuxQJl8lW7ozc,0.0,0.0,0.0,7202373.0
03-06-2020 17:00,iCRJl6heRkivqQ3,5521.125,541.2,7634.75,7325447.75
06-06-2020 01:15,WRmjgnKYAwPKWDb,0.0,0.0,0.0,7190270.0
15-06-2020 22:00,wCURE6d3bPkepu2,0.0,0.0,6746.0,7016444.0
14-06-2020 06:30,ih0vzX44oOqAx2f,642.625,62.25,15.25,6400533.25
11-06-2020 23:15,WRmjgnKYAwPKWDb,0.0,0.0,5619.0,7232986.0
01-06-2020 20:45,rGa61gmuvPhdLxV,0.0,0.0,5637.0,7241969.0
13-06-2020 17:30,ZnxXDlPa8U1GXgE,1250.714286,121.9571429,8497.285714,6744282.286
27-05-2020 05:45,uHbuxQJl8lW7ozc,0.0,0.0,0.0,7128538.0
12-06-2020 18:30,1IF53ai7Xc0U56Y,78.85714286,7.614285714,5902.285714,6398226.286
28-05-2020 22:15,ih0vzX44oOqAx2f,0.0,0.0,8315.0,6287170.0
13-06-2020 00:30,zBIq5rxdHJRwDNY,0.0,0.0,0.0,6549387.0
06-06-2020 20:45,McdE0feGgRqW7Ca,0.0,0.0,0.0,7331160.0
14-06-2020 06:30,wCURE6d3bPkepu2,662.875,64.175,16.125,7002385.125
15-06-2020 23:15,1BY6WEcLGh8j5v7,0.0,0.0,6275.0,6473950.0
16-05-2020 11:45,sjndEbLyjtCKgGv,8922.0,872.8125,2817.0,7025999.0
16-06-2020 17:30,wCURE6d3bPkepu2,1457.0,142.1142857,6204.857143,7022648.857
04-06-2020 16:45,wCURE6d3bPkepu2,3766.571429,369.9428571,7848.428571,6938624.429
05-06-2020 18:30,ih0vzX44oOqAx2f,108.5,10.45,7456.5,6344475.5
07-06-2020 12:30,YxYtjZvoooNbGkE,13120.75,1279.2625,4246.0,7353058.0
27-05-2020 22:45,iCRJl6heRkivqQ3,0.0,0.0,0.0,7274692.0
27-05-2020 06:15,iCRJl6heRkivqQ3,366.4285714,35.4,6.0,7268002.0
15-06-2020 11:45,rGa61gmuvPhdLxV,9095.0,888.8714286,3543.571429,7341515.571
16-06-2020 23:45,wCURE6d3bPkepu2,0.0,0.0,6274.0,7022718.0
11-06-2020 16:15,uHbuxQJl8lW7ozc,4463.375,438.05,5290.125,7245798.125
03-06-2020 16:45,ZoEaEvLYb1n2sOq,4751.142857,465.6857143,7400.142857,7243127.143
01-06-2020 07:30,wCURE6d3bPkepu2,4031.285714,396.0714286,242.0,6909647.0
11-06-2020 13:45,3PZuoBAID5Wc2HD,6376.125,624.65,3566.0,7194035.0
15-06-2020 21:45,ih0vzX44oOqAx2f,0.0,0.0,6564.0,6414247.0
13-06-2020 03:45,7JYdWkrLSPkdwr4,0.0,0.0,0.0,7812417.0
13-06-2020 21:45,ih0vzX44oOqAx2f,0.0,0.0,8255.0,6400518.0
18-05-2020 00:00,WRmjgnKYAwPKWDb,0.0,0.0,0.0,7049104.0
30-05-2020 21:30,1IF53ai7Xc0U56Y,0.0,0.0,7332.0,6305543.0
16-06-2020 06:15,pkci93gMrogZuBj,173.5,16.75,1.125,7403218.125
18-05-2020 23:30,WRmjgnKYAwPKWDb,0.0,0.0,5348.0,7054452.0
15-06-2020 14:30,ih0vzX44oOqAx2f,9630.428571,941.0,5200.285714,6412883.286
09-06-2020 17:00,uHbuxQJl8lW7ozc,3310.714286,325.4571429,8076.142857,7233630.143
20-05-2020 19:00,7JYdWkrLSPkdwr4,0.0,0.0,8772.0,7643980.0
10-06-2020 04:15,zVJPv84UY57bAof,0.0,0.0,0.0,7310456.0
09-06-2020 08:15,z9Y9gH1T5YWrNuG,5421.5,531.4,452.875,7191876.875
25-05-2020 17:00,1IF53ai7Xc0U56Y,1163.714286,113.1571429,8961.571429,6266441.571
12-06-2020 17:30,sjndEbLyjtCKgGv,2179.125,213.65,5746.25,7227000.25
27-05-2020 16:45,rGa61gmuvPhdLxV,3432.125,336.575,6486.875,7206355.875
12-06-2020 03:15,1BY6WEcLGh8j5v7,0.0,0.0,0.0,6450238.0
19-05-2020 09:15,uHbuxQJl8lW7ozc,5845.625,572.8,831.875,7065032.875
18-05-2020 14:45,ZnxXDlPa8U1GXgE,6377.142857,624.6857143,4017.714286,6546755.714
30-05-2020 00:15,VHMLBKoKgIrUVDU,0.0,0.0,0.0,7321059.0
31-05-2020 19:15,iCRJl6heRkivqQ3,0.0,0.0,5969.0,7304567.0
22-05-2020 04:45,McdE0feGgRqW7Ca,0.0,0.0,0.0,7209055.0
15-06-2020 16:30,z9Y9gH1T5YWrNuG,3486.571429,342.7571429,6365.285714,7238833.286
04-06-2020 22:15,VHMLBKoKgIrUVDU,0.0,0.0,8160.0,7363821.0
18-05-2020 16:30,z9Y9gH1T5YWrNuG,3616.25,355.4625,5072.25,7033298.25
20-05-2020 06:00,adLQvlD726eNBSB,128.25,12.375,0.25,6304513.25
09-06-2020 23:30,ZoEaEvLYb1n2sOq,0.0,0.0,7955.0,7289679.0
17-06-2020 06:45,1BY6WEcLGh8j5v7,355.5,34.45,0.0,6479798.0
30-05-2020 14:15,ZoEaEvLYb1n2sOq,11402.25,1113.0875,5014.5,7214614.5
27-05-2020 17:30,uHbuxQJl8lW7ozc,955.8571429,92.82857143,6689.857143,7135227.857
13-06-2020 09:45,3PZuoBAID5Wc2HD,11053.0,1079.014286,1847.142857,7203933.143
23-05-2020 19:45,ih0vzX44oOqAx2f,0.0,0.0,8395.0,6248938.0
16-06-2020 14:00,1IF53ai7Xc0U56Y,6387.142857,625.7,4706.714286,6425920.714
24-05-2020 00:15,pkci93gMrogZuBj,0.0,0.0,0.0,7233675.0
12-06-2020 20:30,pkci93gMrogZuBj,0.0,0.0,5851.0,7380807.0
24-05-2020 17:30,uHbuxQJl8lW7ozc,1830.0,179.2285714,8029.0,7111775.0
12-06-2020 07:15,ZoEaEvLYb1n2sOq,1036.25,100.7,63.25,7301695.25
17-05-2020 10:00,bvBOhCH3iADSZry,9087.625,888.9375,1652.75,6330300.75
15-05-2020 01:45,z9Y9gH1T5YWrNuG,0.0,0.0,0.0,7007866.0
24-05-2020 00:00,McdE0feGgRqW7Ca,0.0,0.0,0.0,7224636.0
07-06-2020 07:15,7JYdWkrLSPkdwr4,1846.5,181.0,132.625,7770589.625
14-06-2020 18:15,bvBOhCH3iADSZry,226.1428571,21.84285714,3955.142857,6521597.143
26-05-2020 22:00,McdE0feGgRqW7Ca,0.0,0.0,0.0,7249560.0
10-06-2020 12:00,pkci93gMrogZuBj,12897.42857,1258.214286,3038.714286,7365754.714
31-05-2020 08:45,uHbuxQJl8lW7ozc,6531.857143,639.7285714,557.5714286,7159829.571
22-05-2020 02:45,7JYdWkrLSPkdwr4,0.0,0.0,0.0,7651635.0
04-06-2020 21:45,1IF53ai7Xc0U56Y,0.0,0.0,8196.0,6340855.0
26-05-2020 10:45,ZoEaEvLYb1n2sOq,11786.14286,1149.957143,2746.571429,7181660.571
04-06-2020 03:15,sjndEbLyjtCKgGv,0.0,0.0,0.0,7163293.0
10-06-2020 04:30,ZoEaEvLYb1n2sOq,0.0,0.0,0.0,7289679.0
31-05-2020 01:45,rGa61gmuvPhdLxV,0.0,0.0,0.0,7230438.0
11-06-2020 10:45,WRmjgnKYAwPKWDb,6004.142857,588.3285714,1347.857143,7228714.857
27-05-2020 14:15,pkci93gMrogZuBj,4088.714286,401.6142857,5018.142857,7263312.143
27-05-2020 07:15,VHMLBKoKgIrUVDU,2070.428571,202.9857143,145.2857143,7297760.286
15-06-2020 09:30,YxYtjZvoooNbGkE,8965.428571,876.8285714,1498.571429,7408200.571
10-06-2020 04:15,ih0vzX44oOqAx2f,0.0,0.0,0.0,6374755.0
31-05-2020 13:45,3PZuoBAID5Wc2HD,5540.428571,541.9,4424.142857,7113912.143
11-06-2020 14:00,ZnxXDlPa8U1GXgE,6801.571429,666.1,3700.0,6727910.0
21-05-2020 13:45,wCURE6d3bPkepu2,11084.0,1081.7625,5698.875,6829942.875
24-05-2020 20:45,ih0vzX44oOqAx2f,0.0,0.0,7556.0,6256494.0
06-06-2020 19:30,McdE0feGgRqW7Ca,0.0,0.0,0.0,7331160.0
12-06-2020 18:45,pkci93gMrogZuBj,0.0,0.0,5851.0,7380807.0
23-05-2020 01:00,uHbuxQJl8lW7ozc,0.0,0.0,0.0,7095253.0
10-06-2020 21:30,rGa61gmuvPhdLxV,0.0,0.0,6565.0,7310769.0
23-05-2020 10:00,McdE0feGgRqW7Ca,9268.5,906.5625,1933.75,7217885.75
30-05-2020 04:00,zVJPv84UY57bAof,0.0,0.0,0.0,7228687.0
12-06-2020 19:15,WRmjgnKYAwPKWDb,0.0,0.0,5794.0,7238780.0
10-06-2020 13:00,wCURE6d3bPkepu2,10212.28571,997.3142857,4084.0,6980064.0
01-06-2020 18:15,wCURE6d3bPkepu2,268.0,25.88571429,5936.0,6915341.0
12-06-2020 03:45,VHMLBKoKgIrUVDU,0.0,0.0,0.0,7415011.0
21-05-2020 16:15,adLQvlD726eNBSB,3410.285714,335.1428571,7664.142857,6321279.143
24-05-2020 16:45,zVJPv84UY57bAof,4087.0,400.975,7636.25,7188474.25
16-06-2020 10:30,bvBOhCH3iADSZry,7981.0,781.1714286,1969.285714,6529761.286
17-05-2020 01:45,McdE0feGgRqW7Ca,0.0,0.0,0.0,7172021.0
25-05-2020 15:45,1BY6WEcLGh8j5v7,7651.5,749.075,7739.125,6335679.125
27-05-2020 02:30,ZoEaEvLYb1n2sOq,0.0,0.0,0.0,7186690.0
10-06-2020 08:45,1BY6WEcLGh8j5v7,5896.142857,577.8571429,650.7142857,6439720.714
02-06-2020 04:15,pkci93gMrogZuBj,0.0,0.0,0.0,7300300.0
28-05-2020 06:15,WRmjgnKYAwPKWDb,460.4285714,44.54285714,9.0,7124547.0
09-06-2020 07:15,z9Y9gH1T5YWrNuG,2322.714286,227.7428571,138.1428571,7191562.143
10-06-2020 08:45,VHMLBKoKgIrUVDU,6796.142857,665.6571429,734.1428571,7403550.143
15-06-2020 10:00,1IF53ai7Xc0U56Y,9302.285714,909.4571429,2027.428571,6416395.429
03-06-2020 09:15,ih0vzX44oOqAx2f,6228.285714,610.1857143,941.2857143,6322252.286
13-06-2020 10:45,zVJPv84UY57bAof,11171.375,1089.925,2562.0,7331112.0
22-05-2020 23:15,pkci93gMrogZuBj,0.0,0.0,0.0,7225200.0
30-05-2020 21:30,McdE0feGgRqW7Ca,0.0,0.0,7352.0,7280565.0
17-06-2020 01:45,VHMLBKoKgIrUVDU,0.0,0.0,0.0,7450201.0
20-05-2020 11:00,YxYtjZvoooNbGkE,11477.375,1120.2375,2968.75,7215444.75
08-06-2020 17:15,ih0vzX44oOqAx2f,2499.428571,245.1,8075.0,6366767.0
01-06-2020 20:45,3PZuoBAID5Wc2HD,0.0,0.0,5965.0,7121269.0
19-05-2020 20:30,1BY6WEcLGh8j5v7,0.0,0.0,6449.0,6290097.0
16-05-2020 10:30,adLQvlD726eNBSB,9907.0,968.6285714,2016.857143,6279754.857
07-06-2020 21:30,pkci93gMrogZuBj,0.0,0.0,8214.0,7346132.0
26-05-2020 08:30,7JYdWkrLSPkdwr4,6808.0,666.8142857,716.7142857,7684736.714
03-06-2020 15:00,7JYdWkrLSPkdwr4,11444.57143,1117.057143,6364.142857,7747237.143
26-05-2020 20:45,rGa61gmuvPhdLxV,0.0,0.0,0.0,7199869.0
31-05-2020 21:30,iCRJl6heRkivqQ3,0.0,0.0,5969.0,7304567.0
14-06-2020 14:00,ih0vzX44oOqAx2f,14126.42857,1377.314286,5091.285714,6405609.286
05-06-2020 22:00,YxYtjZvoooNbGkE,0.0,0.0,7603.0,7342489.0
15-05-2020 05:15,1BY6WEcLGh8j5v7,0.0,0.0,0.0,6259559.0
10-06-2020 13:15,bvBOhCH3iADSZry,6828.0,668.525,3911.0,6497258.0
12-06-2020 15:30,ih0vzX44oOqAx2f,5707.571429,559.3571429,5050.714286,6391603.714
28-05-2020 19:00,uHbuxQJl8lW7ozc,0.0,0.0,8374.0,7143632.0
24-05-2020 19:30,1BY6WEcLGh8j5v7,0.0,0.0,7537.0,6327940.0
16-05-2020 19:45,VHMLBKoKgIrUVDU,0.0,0.0,6714.0,7219380.0
15-06-2020 05:15,rGa61gmuvPhdLxV,0.0,0.0,0.0,7337972.0
28-05-2020 03:15,ih0vzX44oOqAx2f,0.0,0.0,0.0,6278855.0
25-05-2020 16:45,WRmjgnKYAwPKWDb,1330.375,129.4375,8765.5,7109882.5
16-05-2020 20:30,McdE0feGgRqW7Ca,0.0,0.0,6586.0,7172021.0
24-05-2020 04:00,7JYdWkrLSPkdwr4,0.0,0.0,0.0,7667220.0
30-05-2020 06:45,WRmjgnKYAwPKWDb,1217.625,118.4125,40.25,7140939.25
01-06-2020 08:15,ih0vzX44oOqAx2f,5762.571429,564.7857143,629.5714286,6308861.571
16-06-2020 06:30,wCURE6d3bPkepu2,697.5,67.6,12.625,7016456.625
16-06-2020 09:00,sjndEbLyjtCKgGv,5835.428571,571.8285714,876.5714286,7250415.571
24-05-2020 14:45,zBIq5rxdHJRwDNY,9210.0,900.9142857,6163.285714,6410644.286
24-05-2020 18:00,McdE0feGgRqW7Ca,637.1428571,61.74285714,8035.0,7232671.0
09-06-2020 10:45,zVJPv84UY57bAof,12466.375,1216.15,2722.75,7304889.75
02-06-2020 07:00,VHMLBKoKgIrUVDU,1724.0,168.7285714,61.0,7340375.0
28-05-2020 21:00,zBIq5rxdHJRwDNY,0.0,0.0,7911.0,6441994.0
25-05-2020 23:45,wCURE6d3bPkepu2,0.0,0.0,4429.5,6864650.0
15-05-2020 13:45,YxYtjZvoooNbGkE,7773.875,761.025,4126.0,7184092.0
08-06-2020 14:15,ih0vzX44oOqAx2f,10461.57143,1020.857143,6065.571429,6364757.571
29-05-2020 21:15,adLQvlD726eNBSB,0.0,0.0,8343.0,6387352.0
12-06-2020 18:00,ZoEaEvLYb1n2sOq,823.7142857,79.91428571,5733.428571,7307365.429
17-05-2020 02:00,ZnxXDlPa8U1GXgE,0.0,0.0,0.0,6535152.0
02-06-2020 06:45,zBIq5rxdHJRwDNY,803.625,77.9625,30.625,6469063.625
26-05-2020 13:30,rGa61gmuvPhdLxV,8270.625,808.175,5460.375,7197562.375
31-05-2020 15:00,sjndEbLyjtCKgGv,2067.142857,202.6714286,5364.714286,7141619.714
18-05-2020 03:30,YxYtjZvoooNbGkE,0.0,0.0,0.0,7200229.0
09-06-2020 09:00,iCRJl6heRkivqQ3,8606.285714,842.1428571,1057.428571,7366012.429
02-06-2020 03:15,adLQvlD726eNBSB,0.0,0.0,0.0,6406831.0
27-05-2020 14:45,McdE0feGgRqW7Ca,4642.5,455.6,5560.375,7255120.375
19-05-2020 23:45,ZnxXDlPa8U1GXgE,0.0,0.0,6974.0,6555136.0
13-06-2020 15:45,wCURE6d3bPkepu2,5165.375,506.5625,7835.625,7001743.625
28-05-2020 07:30,1IF53ai7Xc0U56Y,3752.571429,368.7857143,241.5714286,6281703.571
21-05-2020 19:45,zVJPv84UY57bAof,0.0,0.0,7944.0,7165123.0
18-05-2020 08:30,zVJPv84UY57bAof,1839.857143,180.3714286,378.5714286,7136393.571
17-06-2020 15:30,uHbuxQJl8lW7ozc,850.75,82.5625,5528.5,7286563.5
24-05-2020 17:30,3PZuoBAID5Wc2HD,1607.625,157.2125,8230.5,7061498.5
24-05-2020 04:30,YxYtjZvoooNbGkE,0.0,0.0,0.0,7244680.0
19-05-2020 04:45,sjndEbLyjtCKgGv,0.0,0.0,0.0,7042405.0
02-06-2020 23:45,VHMLBKoKgIrUVDU,0.0,0.0,0.0,7347744.0
13-06-2020 19:15,rGa61gmuvPhdLxV,0.0,0.0,8389.0,7330670.0
02-06-2020 02:45,1IF53ai7Xc0U56Y,0.0,0.0,0.0,6317444.0
06-06-2020 00:30,rGa61gmuvPhdLxV,0.0,0.0,0.0,7273090.0
24-05-2020 07:00,sjndEbLyjtCKgGv,1729.5,169.3625,77.625,7081526.625
28-05-2020 14:00,iCRJl6heRkivqQ3,9490.625,927.1375,6305.5,7280997.5
21-05-2020 10:00,bvBOhCH3iADSZry,6167.428571,603.2428571,1236.714286,6356761.286
30-05-2020 16:15,3PZuoBAID5Wc2HD,5450.5,534.25,6813.125,7109002.125
04-06-2020 18:30,McdE0feGgRqW7Ca,48.28571429,4.657142857,8391.714286,7316760.714
09-06-2020 15:45,z9Y9gH1T5YWrNuG,7610.0,745.0571429,6747.285714,7198171.286
08-06-2020 21:15,YxYtjZvoooNbGkE,0.0,0.0,8343.0,7365310.0
14-06-2020 14:15,VHMLBKoKgIrUVDU,12494.71429,1219.014286,5686.142857,7435252.143
08-06-2020 07:15,1IF53ai7Xc0U56Y,2046.625,200.6125,127.625,6363465.625
15-06-2020 00:15,3PZuoBAID5Wc2HD,0.0,0.0,0.0,7218223.0
26-05-2020 15:15,McdE0feGgRqW7Ca,5137.25,503.4625,6751.75,7248400.75
17-05-2020 18:45,7JYdWkrLSPkdwr4,0.0,0.0,7526.0,7623063.0
24-05-2020 19:30,VHMLBKoKgIrUVDU,0.0,0.0,8180.0,7280512.0
02-06-2020 04:30,McdE0feGgRqW7Ca,0.0,0.0,0.0,7292752.0
15-06-2020 22:15,7JYdWkrLSPkdwr4,0.0,0.0,6641.0,7834799.0
17-06-2020 16:00,zBIq5rxdHJRwDNY,3226.875,317.05,5467.625,6583019.625
30-05-2020 22:30,uHbuxQJl8lW7ozc,0.0,0.0,7340.0,7159272.0
27-05-2020 02:45,wCURE6d3bPkepu2,0.0,0.0,0.0,6872485.0
07-06-2020 01:00,iCRJl6heRkivqQ3,0.0,0.0,0.0,7348234.0
01-06-2020 16:30,sjndEbLyjtCKgGv,1735.0,170.0428571,5596.142857,7147838.143
03-06-2020 12:15,pkci93gMrogZuBj,10122.625,989.3875,3493.5,7311143.5
07-06-2020 17:30,z9Y9gH1T5YWrNuG,2170.857143,212.8,6265.428571,7183554.429
10-06-2020 17:30,adLQvlD726eNBSB,1549.6,151.28,6598.8,6476875.8
23-05-2020 18:45,wCURE6d3bPkepu2,0.0,0.0,8605.0,6847830.0
07-06-2020 04:00,1BY6WEcLGh8j5v7,0.0,0.0,0.0,6418482.0
05-06-2020 20:30,zBIq5rxdHJRwDNY,0.0,0.0,7723.0,6500302.0
13-06-2020 22:15,zBIq5rxdHJRwDNY,0.0,0.0,8435.0,6557822.0
05-06-2020 08:45,wCURE6d3bPkepu2,7632.0,747.1571429,672.8571429,6939693.857
05-06-2020 10:00,ZnxXDlPa8U1GXgE,10445.28571,1020.314286,1644.285714,6680706.286
06-06-2020 13:15,1IF53ai7Xc0U56Y,4407.5,431.4,4733.125,6353290.125
25-05-2020 22:15,1IF53ai7Xc0U56Y,0.0,0.0,9048.0,6266528.0
12-06-2020 23:45,YxYtjZvoooNbGkE,0.0,0.0,5780.0,7391059.0
07-06-2020 15:30,iCRJl6heRkivqQ3,7866.0,769.7714286,7144.714286,7355378.714
29-05-2020 11:45,ih0vzX44oOqAx2f,12661.0,1235.157143,3398.428571,6290568.429
17-05-2020 06:30,ZnxXDlPa8U1GXgE,451.875,43.7125,8.0,6535160.0
16-06-2020 01:00,ZoEaEvLYb1n2sOq,0.0,0.0,0.0,7329691.0
16-06-2020 20:15,wCURE6d3bPkepu2,0.0,0.0,6274.0,7022718.0
28-05-2020 01:45,zBIq5rxdHJRwDNY,0.0,0.0,0.0,6434083.0
15-05-2020 15:45,WRmjgnKYAwPKWDb,5468.428571,536.0142857,5511.142857,7034184.143
06-06-2020 22:00,ih0vzX44oOqAx2f,0.0,0.0,6197.0,6350673.0
31-05-2020 17:15,ZoEaEvLYb1n2sOq,1778.571429,174.3428571,5690.857143,7222538.857
02-06-2020 15:30,bvBOhCH3iADSZry,5543.428571,543.2857143,6030.428571,6444675.429
24-05-2020 16:30,uHbuxQJl8lW7ozc,3372.571429,330.6142857,7697.714286,7111443.714
31-05-2020 14:00,z9Y9gH1T5YWrNuG,10396.14286,1014.914286,5258.571429,7132855.571
17-06-2020 01:45,3PZuoBAID5Wc2HD,0.0,0.0,0.0,7231373.0
12-06-2020 02:30,3PZuoBAID5Wc2HD,0.0,0.0,0.0,7196186.0
23-05-2020 20:30,1BY6WEcLGh8j5v7,0.0,0.0,7966.0,6320403.0
16-06-2020 17:45,bvBOhCH3iADSZry,949.8571429,92.25714286,5722.142857,6533514.143
12-06-2020 17:15,WRmjgnKYAwPKWDb,1778.5,174.325,5653.25,7238639.25
27-05-2020 01:00,z9Y9gH1T5YWrNuG,0.0,0.0,0.0,7097183.0
05-06-2020 10:15,zBIq5rxdHJRwDNY,6450.75,631.8875,1885.875,6494464.875
21-05-2020 08:30,iCRJl6heRkivqQ3,6320.428571,619.1857143,623.0,7220228.0
10-06-2020 09:00,YxYtjZvoooNbGkE,6823.142857,668.2285714,866.1428571,7374134.143
25-05-2020 17:15,YxYtjZvoooNbGkE,980.375,95.2375,8755.875,7261406.875
16-06-2020 23:30,uHbuxQJl8lW7ozc,0.0,0.0,6292.0,7281035.0
28-05-2020 13:45,ih0vzX44oOqAx2f,9644.428571,941.6285714,6042.142857,6284897.143
09-06-2020 02:00,7JYdWkrLSPkdwr4,0.0,0.0,0.0,7786793.0
18-05-2020 01:45,iCRJl6heRkivqQ3,0.0,0.0,0.0,7198367.0
04-06-2020 01:15,ZnxXDlPa8U1GXgE,0.0,0.0,0.0,6670884.0
14-06-2020 18:45,uHbuxQJl8lW7ozc,0.0,0.0,7306.0,7267837.0
30-05-2020 22:45,McdE0feGgRqW7Ca,0.0,0.0,7352.0,7280565.0
27-05-2020 22:45,WRmjgnKYAwPKWDb,0.0,0.0,6658.0,7124538.0
10-06-2020 18:45,uHbuxQJl8lW7ozc,0.0,0.0,6645.0,7240508.0
16-06-2020 12:00,ZoEaEvLYb1n2sOq,3356.25,329.7,3312.25,7333003.25
24-05-2020 13:15,1BY6WEcLGh8j5v7,11276.5,1101.85,5051.125,6325454.125
15-05-2020 17:00,pkci93gMrogZuBj,2315.428571,227.0285714,6240.285714,7175342.286
05-06-2020 05:30,rGa61gmuvPhdLxV,0.0,0.0,0.0,7265349.0
17-06-2020 01:00,zBIq5rxdHJRwDNY,0.0,0.0,0.0,6577552.0
05-06-2020 23:45,YxYtjZvoooNbGkE,0.0,0.0,7603.0,7342489.0
31-05-2020 06:00,z9Y9gH1T5YWrNuG,101.375,9.775,0.75,7127597.75
16-06-2020 17:15,3PZuoBAID5Wc2HD,1746.875,171.225,6220.625,7231262.625
13-06-2020 22:15,1IF53ai7Xc0U56Y,0.0,0.0,8654.0,6406881.0
05-06-2020 09:15,ZnxXDlPa8U1GXgE,7904.75,773.3625,1041.5,6680103.5
11-06-2020 23:30,ZnxXDlPa8U1GXgE,0.0,0.0,5692.0,6729902.0
31-05-2020 03:15,McdE0feGgRqW7Ca,0.0,0.0,0.0,7280565.0
17-05-2020 01:45,bvBOhCH3iADSZry,0.0,0.0,0.0,6328648.0
14-06-2020 21:45,3PZuoBAID5Wc2HD,0.0,0.0,7504.0,7218223.0
07-06-2020 21:30,ZnxXDlPa8U1GXgE,0.0,0.0,8209.0,6701263.0
26-05-2020 21:45,iCRJl6heRkivqQ3,0.0,0.0,0.0,7267996.0
10-06-2020 18:45,adLQvlD726eNBSB,0.0,0.0,6667.0,6476944.0
14-06-2020 06:45,1IF53ai7Xc0U56Y,1122.625,109.1375,39.5,6406920.5
12-06-2020 02:45,1IF53ai7Xc0U56Y,0.0,0.0,0.0,6392324.0
11-06-2020 17:30,adLQvlD726eNBSB,1468.0,143.275,5721.625,6482665.625
08-06-2020 10:30,McdE0feGgRqW7Ca,11222.25,1095.2625,2514.875,7340716.875
24-05-2020 15:30,adLQvlD726eNBSB,4255.285714,417.6428571,7585.428571,6345319.429
29-05-2020 22:00,1IF53ai7Xc0U56Y,0.0,0.0,8253.0,6298211.0
04-06-2020 09:30,ZnxXDlPa8U1GXgE,6684.857143,654.2714286,1269.428571,6672153.429
07-06-2020 12:00,McdE0feGgRqW7Ca,13255.75,1292.4375,3737.125,7334897.125
17-05-2020 20:15,ih0vzX44oOqAx2f,0.0,0.0,7391.0,6205201.0
25-05-2020 20:15,McdE0feGgRqW7Ca,0.0,0.0,8958.0,7241649.0
16-06-2020 06:30,rGa61gmuvPhdLxV,703.2857143,68.14285714,11.42857143,7344715.429
29-05-2020 22:00,7JYdWkrLSPkdwr4,0.0,0.0,8007.0,7714835.0
15-06-2020 08:00,1IF53ai7Xc0U56Y,6617.285714,648.2428571,395.7142857,6414763.714
31-05-2020 03:45,ZnxXDlPa8U1GXgE,0.0,0.0,0.0,6643383.0
28-05-2020 16:30,1BY6WEcLGh8j5v7,3550.625,348.2375,7659.75,6357492.75
12-06-2020 03:30,ih0vzX44oOqAx2f,0.0,0.0,0.0,6386553.0
08-06-2020 03:00,zVJPv84UY57bAof,0.0,0.0,0.0,7293790.0
31-05-2020 07:00,zBIq5rxdHJRwDNY,1220.0,118.6571429,73.14285714,6457374.143
16-05-2020 02:45,3PZuoBAID5Wc2HD,0.0,0.0,0.0,6994033.0
20-05-2020 06:30,ZnxXDlPa8U1GXgE,714.4285714,69.21428571,9.571428571,6555145.571
16-05-2020 22:30,3PZuoBAID5Wc2HD,0.0,0.0,6656.0,7000689.0
29-05-2020 21:30,iCRJl6heRkivqQ3,0.0,0.0,0.0,7291253.0
17-06-2020 19:30,iCRJl6heRkivqQ3,0.0,0.0,5957.0,7426263.0
15-06-2020 20:30,wCURE6d3bPkepu2,0.0,0.0,6746.0,7016444.0
22-05-2020 15:15,rGa61gmuvPhdLxV,5471.714286,536.3428571,6170.142857,7166569.143
17-05-2020 21:30,VHMLBKoKgIrUVDU,0.0,0.0,7717.0,7227097.0
30-05-2020 00:15,sjndEbLyjtCKgGv,0.0,0.0,0.0,7129029.0
31-05-2020 21:15,YxYtjZvoooNbGkE,0.0,0.0,5970.0,7305739.0
17-05-2020 10:15,VHMLBKoKgIrUVDU,10075.71429,985.1142857,2100.428571,7221480.429
23-05-2020 03:00,ZoEaEvLYb1n2sOq,0.0,0.0,0.0,7153713.0
26-05-2020 12:00,wCURE6d3bPkepu2,9704.875,948.0375,3994.875,6868644.875
18-05-2020 18:45,7JYdWkrLSPkdwr4,0.0,0.0,5309.0,7628372.0
04-06-2020 12:30,VHMLBKoKgIrUVDU,7708.5,754.075,4168.375,7359829.375
24-05-2020 22:15,McdE0feGgRqW7Ca,0.0,0.0,8055.0,7232691.0
25-05-2020 18:30,wCURE6d3bPkepu2,37.14285714,3.585714286,8859.0,6864650.0
03-06-2020 11:15,ZnxXDlPa8U1GXgE,9527.285714,931.8142857,2471.714286,6665439.714
24-05-2020 01:00,ZnxXDlPa8U1GXgE,0.0,0.0,0.0,6587728.0
12-06-2020 06:15,sjndEbLyjtCKgGv,167.375,16.15,0.875,7221254.875
07-06-2020 10:30,ih0vzX44oOqAx2f,9182.142857,898.1142857,1853.0,6352526.0
15-06-2020 17:45,uHbuxQJl8lW7ozc,1261.142857,122.8571429,6874.0,7274711.0
19-05-2020 22:30,uHbuxQJl8lW7ozc,0.0,0.0,6997.0,7071198.0
01-06-2020 13:15,McdE0feGgRqW7Ca,10404.71429,1016.142857,4615.571429,7291375.571
01-06-2020 06:30,ZnxXDlPa8U1GXgE,977.2857143,94.92857143,24.28571429,6649549.286
19-05-2020 04:00,pkci93gMrogZuBj,0.0,0.0,0.0,7194411.0
15-06-2020 21:45,zBIq5rxdHJRwDNY,0.0,0.0,6696.0,6571833.0
06-06-2020 20:30,zVJPv84UY57bAof,0.0,0.0,0.0,7285530.0
02-06-2020 08:00,VHMLBKoKgIrUVDU,4001.857143,392.9714286,283.5714286,7340597.571
11-06-2020 13:00,pkci93gMrogZuBj,7219.142857,706.9,3039.285714,7372333.286
10-06-2020 23:30,z9Y9gH1T5YWrNuG,0.0,0.0,6412.0,7205465.0
23-05-2020 14:45,zBIq5rxdHJRwDNY,7218.25,706.8375,7002.25,6402809.25
18-05-2020 05:45,sjndEbLyjtCKgGv,0.0,0.0,0.0,7037054.0
23-05-2020 03:45,WRmjgnKYAwPKWDb,0.0,0.0,0.0,7084595.0
20-05-2020 09:30,bvBOhCH3iADSZry,8066.5,789.55,1354.125,6348261.125
18-05-2020 07:45,VHMLBKoKgIrUVDU,1813.0,177.5428571,276.8571429,7227373.857
29-05-2020 21:15,1IF53ai7Xc0U56Y,0.0,0.0,8253.0,6298211.0
19-05-2020 02:45,1IF53ai7Xc0U56Y,0.0,0.0,0.0,6209806.0
17-05-2020 06:30,VHMLBKoKgIrUVDU,448.625,43.3875,6.5,7219386.5
31-05-2020 05:15,rGa61gmuvPhdLxV,0.0,0.0,0.0,7230438.0
09-06-2020 17:30,YxYtjZvoooNbGkE,2110.375,206.8875,7864.875,7373174.875
27-05-2020 07:45,rGa61gmuvPhdLxV,3920.857143,385.2285714,283.0,7200152.0
04-06-2020 04:00,zBIq5rxdHJRwDNY,0.0,0.0,0.0,6484342.0
29-05-2020 21:00,YxYtjZvoooNbGkE,0.0,0.0,0.0,7292503.0
13-06-2020 20:15,wCURE6d3bPkepu2,0.0,0.0,8461.0,7002369.0
14-06-2020 03:45,7JYdWkrLSPkdwr4,0.0,0.0,0.0,7820852.0
11-06-2020 18:15,zBIq5rxdHJRwDNY,292.2857143,28.24285714,5643.285714,6543546.286
14-06-2020 20:30,3PZuoBAID5Wc2HD,0.0,0.0,7504.0,7218223.0
11-06-2020 23:00,adLQvlD726eNBSB,0.0,0.0,5790.0,6482734.0
18-05-2020 19:00,ZnxXDlPa8U1GXgE,0.0,0.0,5424.0,6548162.0
08-06-2020 16:00,1BY6WEcLGh8j5v7,4161.428571,407.2142857,7255.714286,6431005.714
16-06-2020 01:45,7JYdWkrLSPkdwr4,0.0,0.0,0.0,7834799.0
06-06-2020 22:45,McdE0feGgRqW7Ca,0.0,0.0,0.0,7331160.0
09-06-2020 11:30,3PZuoBAID5Wc2HD,8646.75,844.8625,3543.125,7179276.125
08-06-2020 01:15,bvBOhCH3iADSZry,0.0,0.0,0.0,6478293.0
01-06-2020 18:45,ZnxXDlPa8U1GXgE,0.0,0.0,5918.0,6655443.0
26-05-2020 11:00,7JYdWkrLSPkdwr4,13241.42857,1291.028571,3102.142857,7687122.143
12-06-2020 16:15,McdE0feGgRqW7Ca,2801.0,274.7285714,5564.714286,7372937.714
06-06-2020 09:15,iCRJl6heRkivqQ3,5168.875,506.8,1149.125,7342952.125
16-06-2020 20:15,bvBOhCH3iADSZry,0.0,0.0,5757.0,6533549.0
22-05-2020 12:00,z9Y9gH1T5YWrNuG,13012.71429,1268.728571,3250.285714,7060397.286
20-05-2020 11:45,pkci93gMrogZuBj,12143.85714,1184.557143,3849.857143,7205198.857
22-05-2020 16:00,McdE0feGgRqW7Ca,3233.25,317.9375,6570.25,7215625.25
16-05-2020 02:00,rGa61gmuvPhdLxV,0.0,0.0,0.0,7117866.0
06-06-2020 02:15,ZoEaEvLYb1n2sOq,0.0,0.0,0.0,7259075.0
05-06-2020 10:00,iCRJl6heRkivqQ3,11072.42857,1081.2,1688.142857,7335688.143
05-06-2020 05:30,ih0vzX44oOqAx2f,0.0,0.0,0.0,6337019.0
13-06-2020 15:15,bvBOhCH3iADSZry,9038.0,884.0285714,6927.0,6516706.0
16-06-2020 10:45,z9Y9gH1T5YWrNuG,9662.625,944.3875,2337.25,7241521.25
29-05-2020 08:45,rGa61gmuvPhdLxV,5489.571429,538.0571429,659.0,7215474.0
26-05-2020 02:30,ih0vzX44oOqAx2f,0.0,0.0,0.0,6264579.0
22-05-2020 23:30,zVJPv84UY57bAof,0.0,0.0,0.0,7172294.0
01-06-2020 01:30,1BY6WEcLGh8j5v7,0.0,0.0,0.0,6377931.0
15-06-2020 23:00,uHbuxQJl8lW7ozc,0.0,0.0,6906.0,7274743.0
28-05-2020 10:00,iCRJl6heRkivqQ3,9859.142857,963.9142857,1962.142857,7276654.143
05-06-2020 07:45,uHbuxQJl8lW7ozc,2245.875,220.2125,212.25,7194747.25
03-06-2020 07:45,bvBOhCH3iADSZry,3052.5,299.8125,224.875,6445711.875
27-05-2020 23:45,WRmjgnKYAwPKWDb,0.0,0.0,6658.0,7124538.0
17-05-2020 19:00,ZnxXDlPa8U1GXgE,0.0,0.0,7586.0,6542738.0
13-06-2020 16:45,adLQvlD726eNBSB,2104.142857,206.1714286,8583.857143,6497305.857
31-05-2020 10:45,rGa61gmuvPhdLxV,10712.5,1046.2,2149.625,7232587.625
13-06-2020 19:45,adLQvlD726eNBSB,0.0,0.0,8774.0,6497496.0
24-05-2020 00:15,adLQvlD726eNBSB,0.0,0.0,0.0,6337734.0
24-05-2020 21:15,McdE0feGgRqW7Ca,0.0,0.0,8055.0,7232691.0
22-05-2020 21:15,zBIq5rxdHJRwDNY,0.0,0.0,0.0,6395807.0
26-05-2020 19:45,1IF53ai7Xc0U56Y,0.0,0.0,0.0,6274638.0
11-06-2020 03:45,bvBOhCH3iADSZry,0.0,0.0,0.0,6499210.0
08-06-2020 08:30,zVJPv84UY57bAof,5475.857143,536.8428571,530.0,7294320.0
11-06-2020 00:30,ZnxXDlPa8U1GXgE,0.0,0.0,0.0,6724210.0
02-06-2020 13:45,YxYtjZvoooNbGkE,12709.0,1239.514286,5234.142857,7316750.143
04-06-2020 19:00,ZnxXDlPa8U1GXgE,0.0,0.0,8178.0,6679062.0
17-06-2020 22:15,sjndEbLyjtCKgGv,0.0,0.0,5887.0,7261681.0
26-05-2020 16:30,1IF53ai7Xc0U56Y,5446.0,533.775,7733.25,6274261.25
22-05-2020 17:00,WRmjgnKYAwPKWDb,1613.0,158.0142857,7145.714286,7084503.714
08-06-2020 05:45,1IF53ai7Xc0U56Y,0.0,0.0,0.0,6363338.0
26-05-2020 15:30,bvBOhCH3iADSZry,8494.285714,831.1857143,6414.0,6398750.0
06-06-2020 22:45,zVJPv84UY57bAof,0.0,0.0,0.0,7285530.0
19-05-2020 13:45,YxYtjZvoooNbGkE,10106.75,988.1875,4521.125,7210119.125
25-05-2020 19:15,sjndEbLyjtCKgGv,0.0,0.0,8760.0,7098111.0
15-06-2020 06:15,McdE0feGgRqW7Ca,463.75,44.85,7.0,7389365.0
23-05-2020 23:45,bvBOhCH3iADSZry,0.0,0.0,4493.714286,6376772.0
01-06-2020 13:30,WRmjgnKYAwPKWDb,10759.42857,1050.314286,4714.857143,7158580.857
01-06-2020 19:15,1IF53ai7Xc0U56Y,0.0,0.0,6012.0,6317444.0
18-05-2020 12:15,ih0vzX44oOqAx2f,8459.285714,827.8285714,1810.285714,6207011.286
11-06-2020 07:15,7JYdWkrLSPkdwr4,1195.857143,116.2857143,57.57142857,7801148.571
04-06-2020 02:30,VHMLBKoKgIrUVDU,0.0,0.0,0.0,7355661.0
22-05-2020 20:30,zVJPv84UY57bAof,0.0,0.0,0.0,7172294.0
07-06-2020 11:45,adLQvlD726eNBSB,11421.0,1115.357143,3435.714286,6448466.714
08-06-2020 07:00,bvBOhCH3iADSZry,1396.142857,136.1714286,69.71428571,6478362.714
30-05-2020 07:30,zBIq5rxdHJRwDNY,2031.75,199.1875,175.5,6450080.5
20-05-2020 09:30,ZoEaEvLYb1n2sOq,8577.125,839.275,1415.5,7131747.5
24-05-2020 14:15,z9Y9gH1T5YWrNuG,11651.28571,1137.0,6197.714286,7078959.714
30-05-2020 11:30,ZnxXDlPa8U1GXgE,7755.142857,759.1714286,2126.857143,6638192.857
09-06-2020 23:45,WRmjgnKYAwPKWDb,0.0,0.0,7977.0,7220978.0
22-05-2020 12:45,1BY6WEcLGh8j5v7,9144.5,893.3625,3821.0,6309410.0
22-05-2020 02:45,iCRJl6heRkivqQ3,0.0,0.0,0.0,7227442.0
20-05-2020 18:30,rGa61gmuvPhdLxV,52.75,5.1,8820.75,7152632.75
21-05-2020 17:30,1IF53ai7Xc0U56Y,607.125,58.75,7794.0,6233221.0
11-06-2020 12:00,zVJPv84UY57bAof,9306.142857,910.2428571,2295.714286,7319311.714
14-06-2020 13:30,WRmjgnKYAwPKWDb,10108.375,988.2875,4740.0,7251919.0
19-05-2020 18:30,ZoEaEvLYb1n2sOq,0.0,0.0,6805.0,7130332.0
05-06-2020 09:15,1IF53ai7Xc0U56Y,8781.285714,858.4285714,1129.428571,6341984.429
06-06-2020 14:15,bvBOhCH3iADSZry,10003.625,976.725,5019.5,6472270.5
23-05-2020 16:00,WRmjgnKYAwPKWDb,6697.428571,656.0142857,7735.571429,7092330.571
10-06-2020 02:30,zVJPv84UY57bAof,0.0,0.0,0.0,7310456.0
12-06-2020 18:15,uHbuxQJl8lW7ozc,377.5,36.5,5882.5,7252088.5
29-05-2020 13:30,bvBOhCH3iADSZry,10453.875,1021.625,5027.375,6418612.375
16-06-2020 14:30,1BY6WEcLGh8j5v7,8899.0,869.8125,4620.75,6478570.75
30-05-2020 21:45,VHMLBKoKgIrUVDU,0.0,0.0,7270.0,7328329.0
04-06-2020 21:15,3PZuoBAID5Wc2HD,0.0,0.0,8215.0,7144703.0
12-06-2020 20:30,VHMLBKoKgIrUVDU,0.0,0.0,5903.0,7420914.0
12-06-2020 00:00,adLQvlD726eNBSB,0.0,0.0,0.0,6482734.0
27-05-2020 12:15,zBIq5rxdHJRwDNY,7372.714286,721.3428571,3676.857143,6431378.857
30-05-2020 13:30,iCRJl6heRkivqQ3,11102.85714,1084.071429,4198.285714,7295451.286
27-05-2020 06:45,rGa61gmuvPhdLxV,1457.285714,142.1142857,46.28571429,7199915.286
30-05-2020 18:00,7JYdWkrLSPkdwr4,641.0,62.07142857,7128.428571,7721963.429
04-06-2020 06:45,z9Y9gH1T5YWrNuG,1173.857143,114.1428571,40.28571429,7155153.286
14-06-2020 12:30,VHMLBKoKgIrUVDU,6989.142857,684.4714286,3875.285714,7433441.286
17-06-2020 03:30,uHbuxQJl8lW7ozc,0.0,0.0,0.0,7281035.0
15-05-2020 17:00,ZnxXDlPa8U1GXgE,2388.375,234.275,6171.75,6528343.75
01-06-2020 13:00,sjndEbLyjtCKgGv,7642.285714,747.2571429,4223.714286,7146465.714
20-05-2020 10:45,pkci93gMrogZuBj,11047.42857,1079.571429,2671.142857,7204020.143
16-06-2020 09:15,McdE0feGgRqW7Ca,6644.25,650.8,1049.875,7397279.875
23-05-2020 08:00,ZnxXDlPa8U1GXgE,4406.5,432.575,318.5,6579457.5
17-06-2020 10:30,3PZuoBAID5Wc2HD,7344.142857,719.0714286,1638.714286,7233011.714
08-06-2020 08:00,iCRJl6heRkivqQ3,4001.571429,393.0714286,346.2857143,7356857.286
13-06-2020 22:00,McdE0feGgRqW7Ca,0.0,0.0,8595.0,7381923.0
17-05-2020 18:15,ZoEaEvLYb1n2sOq,138.8571429,13.4,7462.857143,7118206.857
12-06-2020 23:15,WRmjgnKYAwPKWDb,0.0,0.0,5794.0,7238780.0
05-06-2020 22:00,VHMLBKoKgIrUVDU,0.0,0.0,0.0,7371554.0
27-05-2020 14:15,3PZuoBAID5Wc2HD,4489.142857,440.7857143,5016.714286,7083727.714
07-06-2020 04:15,bvBOhCH3iADSZry,0.0,0.0,0.0,6473124.0
08-06-2020 10:45,ZnxXDlPa8U1GXgE,11371.625,1109.7875,2755.625,6704018.625
05-06-2020 22:45,WRmjgnKYAwPKWDb,0.0,0.0,0.0,7190270.0
14-06-2020 08:30,7JYdWkrLSPkdwr4,4792.5,484.9285714,615.7142857,7821467.714
10-06-2020 03:15,adLQvlD726eNBSB,0.0,0.0,0.0,6470277.0
02-06-2020 12:45,WRmjgnKYAwPKWDb,11324.71429,1105.671429,3971.571429,7163671.571
15-05-2020 16:00,pkci93gMrogZuBj,5073.25,497.65,5833.0,7174935.0
09-06-2020 22:15,1IF53ai7Xc0U56Y,0.0,0.0,8189.0,6380022.0
10-06-2020 04:45,3PZuoBAID5Wc2HD,0.0,0.0,0.0,7183919.0
06-06-2020 15:00,zVJPv84UY57bAof,4117.75,404.2375,5838.125,7284928.125
11-06-2020 10:30,uHbuxQJl8lW7ozc,5814.875,569.8375,1224.625,7241732.625
08-06-2020 23:30,zVJPv84UY57bAof,0.0,0.0,8377.0,7302167.0
16-06-2020 09:45,ih0vzX44oOqAx2f,8737.875,854.85,1375.25,6415622.25
15-06-2020 12:15,7JYdWkrLSPkdwr4,5716.0,560.2,3986.0,7832144.0
04-06-2020 10:30,7JYdWkrLSPkdwr4,9207.142857,898.9571429,2036.142857,7750658.143
21-05-2020 19:45,pkci93gMrogZuBj,0.0,0.0,7778.0,7217976.0
26-05-2020 03:15,ZoEaEvLYb1n2sOq,0.0,0.0,0.0,7178914.0
04-06-2020 14:15,ZoEaEvLYb1n2sOq,6783.25,663.925,5691.375,7249192.375
10-06-2020 23:30,3PZuoBAID5Wc2HD,0.0,0.0,6550.0,7190469.0
25-05-2020 13:15,1IF53ai7Xc0U56Y,12165.0,1186.116667,5939.166667,6263419.167
26-05-2020 23:15,z9Y9gH1T5YWrNuG,0.0,0.0,0.0,7097183.0
21-05-2020 12:00,rGa61gmuvPhdLxV,9364.714286,915.1285714,3811.285714,7156444.286
07-06-2020 08:00,adLQvlD726eNBSB,3524.714286,346.4857143,321.8571429,6445352.857
15-05-2020 02:30,zBIq5rxdHJRwDNY,0.0,0.0,0.0,6339380.0
14-06-2020 04:45,bvBOhCH3iADSZry,0.0,0.0,0.0,6517642.0
15-06-2020 13:30,zVJPv84UY57bAof,3864.875,379.5,4903.25,7349183.25
17-05-2020 05:00,uHbuxQJl8lW7ozc,0.0,0.0,0.0,7051339.0
22-05-2020 07:30,3PZuoBAID5Wc2HD,4935.0,483.8571429,259.2857143,7037560.286
06-06-2020 15:00,rGa61gmuvPhdLxV,4186.125,410.95,5803.625,7278893.625
21-05-2020 21:15,1BY6WEcLGh8j5v7,0.0,0.0,7243.0,6305589.0
21-05-2020 23:30,1IF53ai7Xc0U56Y,0.0,0.0,0.0,6233247.0
09-06-2020 21:00,bvBOhCH3iADSZry,0.0,0.0,7361.0,6493347.0
10-06-2020 11:00,ih0vzX44oOqAx2f,4599.125,451.25,2124.0,6376879.0
22-05-2020 21:00,rGa61gmuvPhdLxV,0.0,0.0,0.0,7167141.0
16-06-2020 15:30,sjndEbLyjtCKgGv,6647.0,651.075,5534.75,7255073.75
08-06-2020 03:00,wCURE6d3bPkepu2,0.0,0.0,0.0,6959527.0
13-06-2020 20:15,zBIq5rxdHJRwDNY,0.0,0.0,8435.0,6557822.0
31-05-2020 00:00,ZoEaEvLYb1n2sOq,0.0,0.0,0.0,7216848.0
10-06-2020 01:45,3PZuoBAID5Wc2HD,0.0,0.0,0.0,7183919.0
15-06-2020 21:30,zVJPv84UY57bAof,0.0,0.0,6820.0,7351100.0
07-06-2020 22:15,z9Y9gH1T5YWrNuG,0.0,0.0,6342.0,7183631.0
22-05-2020 10:15,adLQvlD726eNBSB,10512.25,1026.4,1722.375,6323295.375
31-05-2020 12:15,7JYdWkrLSPkdwr4,8152.125,797.0125,3310.125,7725288.125
13-06-2020 11:15,ih0vzX44oOqAx2f,12529.5,1221.6125,3140.375,6395403.375
11-06-2020 08:15,ZoEaEvLYb1n2sOq,2849.0,279.5571429,253.1428571,7296324.143
17-05-2020 18:45,sjndEbLyjtCKgGv,0.0,0.0,7441.0,7037054.0
05-06-2020 04:00,sjndEbLyjtCKgGv,0.0,0.0,0.0,7171518.0
12-06-2020 15:00,zVJPv84UY57bAof,5941.142857,582.1428571,4918.428571,7327605.429
08-06-2020 08:15,uHbuxQJl8lW7ozc,3260.75,320.475,434.125,7217583.125
17-06-2020 17:45,McdE0feGgRqW7Ca,969.2857143,94.18571429,5955.857143,7408550.857
10-06-2020 08:15,zVJPv84UY57bAof,2915.875,286.35,491.875,7310947.875
07-06-2020 07:15,ZnxXDlPa8U1GXgE,1867.142857,183.0428571,134.0,6693188.0
13-06-2020 20:00,uHbuxQJl8lW7ozc,0.0,0.0,8437.0,7260531.0
24-05-2020 18:00,1IF53ai7Xc0U56Y,613.1428571,59.37142857,8253.0,6257460.0
16-05-2020 06:15,wCURE6d3bPkepu2,339.5,32.825,4.25,6788931.25
16-06-2020 22:00,ZnxXDlPa8U1GXgE,0.0,0.0,6304.0,6764808.0
16-05-2020 13:30,1IF53ai7Xc0U56Y,8074.75,790.1625,4620.75,6194622.75
28-05-2020 01:15,zBIq5rxdHJRwDNY,0.0,0.0,0.0,6434083.0
03-06-2020 01:30,3PZuoBAID5Wc2HD,0.0,0.0,0.0,7128614.0
11-06-2020 16:15,ih0vzX44oOqAx2f,4399.142857,431.8285714,5116.714286,6386148.714
04-06-2020 19:15,ih0vzX44oOqAx2f,0.0,0.0,8009.0,6337019.0
19-05-2020 23:45,1BY6WEcLGh8j5v7,0.0,0.0,6449.0,6290097.0
22-05-2020 15:15,3PZuoBAID5Wc2HD,6707.875,656.875,6655.875,7043956.875
31-05-2020 14:30,adLQvlD726eNBSB,2170.0,212.75,5159.25,6399930.25
12-06-2020 04:00,1BY6WEcLGh8j5v7,0.0,0.0,0.0,6450238.0
16-05-2020 21:00,pkci93gMrogZuBj,0.0,0.0,6173.0,7181650.0
06-06-2020 06:30,rGa61gmuvPhdLxV,695.625,67.4125,20.125,7273110.125
23-05-2020 09:30,zBIq5rxdHJRwDNY,8485.375,830.3,1454.375,6397261.375
01-06-2020 01:15,wCURE6d3bPkepu2,0.0,0.0,0.0,6909405.0
13-06-2020 10:30,wCURE6d3bPkepu2,11705.5,1141.85,2311.0,6996219.0
23-05-2020 12:00,7JYdWkrLSPkdwr4,12653.28571,1233.685714,3979.0,7662749.0
07-06-2020 13:45,ZoEaEvLYb1n2sOq,6497.428571,636.0,5649.0,7271017.0
28-05-2020 10:00,YxYtjZvoooNbGkE,10503.375,1026.6625,1978.375,7278007.375
11-06-2020 22:15,uHbuxQJl8lW7ozc,0.0,0.0,5698.0,7246206.0
05-06-2020 04:15,McdE0feGgRqW7Ca,0.0,0.0,0.0,7316761.0
31-05-2020 04:15,zBIq5rxdHJRwDNY,0.0,0.0,0.0,6457301.0
10-06-2020 22:00,bvBOhCH3iADSZry,0.0,0.0,5863.0,6499210.0
19-05-2020 01:45,rGa61gmuvPhdLxV,0.0,0.0,0.0,7136902.0
28-05-2020 20:45,McdE0feGgRqW7Ca,0.0,0.0,8567.0,7264956.0
20-05-2020 21:00,ZoEaEvLYb1n2sOq,0.0,0.0,8736.0,7139068.0
07-06-2020 19:15,3PZuoBAID5Wc2HD,0.0,0.0,8242.0,7167224.0
15-05-2020 18:00,ZnxXDlPa8U1GXgE,309.0,29.8625,6297.875,6528469.875
03-06-2020 13:30,1BY6WEcLGh8j5v7,9493.5,928.125,4588.0,6395056.0
23-05-2020 09:30,ih0vzX44oOqAx2f,7675.25,751.2875,1446.625,6241989.625
13-06-2020 03:45,YxYtjZvoooNbGkE,0.0,0.0,0.0,7391059.0
17-06-2020 08:45,sjndEbLyjtCKgGv,3928.75,386.0375,578.125,7256372.125
26-05-2020 06:45,rGa61gmuvPhdLxV,1134.25,110.275,42.5,7192144.5
27-05-2020 10:30,iCRJl6heRkivqQ3,8262.375,808.4625,2146.25,7270142.25
07-06-2020 17:45,7JYdWkrLSPkdwr4,1161.571429,112.9285714,8014.428571,7778471.429
17-05-2020 04:30,zVJPv84UY57bAof,0.0,0.0,0.0,7128535.0
03-06-2020 07:30,VHMLBKoKgIrUVDU,2859.428571,280.5142857,173.4285714,7347917.429
08-06-2020 17:45,YxYtjZvoooNbGkE,1345.125,131.1625,8293.125,7365260.125
24-05-2020 15:30,z9Y9gH1T5YWrNuG,3627.25,355.7625,7179.375,7079941.375
02-06-2020 15:15,1BY6WEcLGh8j5v7,5121.75,502.1,6068.125,6389507.125
08-06-2020 20:45,iCRJl6heRkivqQ3,0.0,0.0,8444.0,7364955.0
16-05-2020 15:30,adLQvlD726eNBSB,5271.0,516.6714286,6110.857143,6283848.857
30-05-2020 04:30,wCURE6d3bPkepu2,0.0,0.0,0.0,6895880.0
19-05-2020 22:15,ih0vzX44oOqAx2f,0.0,0.0,6790.0,6217277.0
03-06-2020 10:45,7JYdWkrLSPkdwr4,10927.57143,1067.8,1963.0,7742836.0
30-05-2020 00:30,1BY6WEcLGh8j5v7,0.0,0.0,0.0,6365374.0
26-05-2020 13:30,zVJPv84UY57bAof,11262.625,1099.55,5466.0,7203075.0
24-05-2020 13:45,ZnxXDlPa8U1GXgE,11966.625,1166.75,5822.5,6593550.5
26-05-2020 07:30,VHMLBKoKgIrUVDU,3511.857143,345.2285714,217.0,7289742.0
17-05-2020 03:15,z9Y9gH1T5YWrNuG,0.0,0.0,0.0,7020740.0
17-06-2020 04:30,ZnxXDlPa8U1GXgE,0.0,0.0,0.0,6764808.0
09-06-2020 02:45,7JYdWkrLSPkdwr4,0.0,0.0,0.0,7786793.0
31-05-2020 11:45,ZnxXDlPa8U1GXgE,9075.25,886.6875,3217.625,6646600.625
02-06-2020 12:30,bvBOhCH3iADSZry,8255.714286,807.4285714,3535.857143,6442180.857
31-05-2020 17:30,7JYdWkrLSPkdwr4,1407.0,137.3857143,5777.857143,7727755.857
14-06-2020 21:45,iCRJl6heRkivqQ3,0.0,0.0,7369.0,7407224.0
22-05-2020 01:15,1BY6WEcLGh8j5v7,0.0,0.0,0.0,6305589.0
14-06-2020 05:15,McdE0feGgRqW7Ca,0.0,0.0,0.0,7381923.0
30-05-2020 02:15,YxYtjZvoooNbGkE,0.0,0.0,0.0,7292503.0
21-05-2020 23:45,iCRJl6heRkivqQ3,0.0,0.0,7837.0,7227442.0
02-06-2020 05:30,adLQvlD726eNBSB,0.0,0.0,0.0,6406831.0
31-05-2020 09:00,ZoEaEvLYb1n2sOq,7005.875,686.0375,727.0,7217575.0
17-06-2020 17:30,sjndEbLyjtCKgGv,1349.4,131.34,5817.2,7261611.2
20-05-2020 21:45,7JYdWkrLSPkdwr4,0.0,0.0,8772.0,7643980.0
13-06-2020 21:30,3PZuoBAID5Wc2HD,0.0,0.0,8633.0,7210719.0
01-06-2020 18:00,1BY6WEcLGh8j5v7,502.375,48.6125,5495.75,6383426.75
04-06-2020 23:15,1BY6WEcLGh8j5v7,0.0,0.0,7571.0,6405380.0
19-05-2020 10:30,z9Y9gH1T5YWrNuG,6218.0,609.1375,1722.625,7035295.625
24-05-2020 17:15,WRmjgnKYAwPKWDb,2345.142857,229.9285714,7974.571429,7101000.571
17-06-2020 01:15,rGa61gmuvPhdLxV,0.0,0.0,0.0,7350947.0
22-05-2020 09:15,zBIq5rxdHJRwDNY,5569.0,545.8285714,997.2857143,6389596.286
04-06-2020 18:30,zVJPv84UY57bAof,44.625,4.3,8219.875,7271272.875
10-06-2020 05:15,pkci93gMrogZuBj,0.0,0.0,0.0,7362716.0
15-06-2020 11:45,YxYtjZvoooNbGkE,9556.875,933.975,3548.125,7410250.125
27-05-2020 08:30,1IF53ai7Xc0U56Y,5898.75,578.0375,710.0,6275348.0
08-06-2020 08:30,1IF53ai7Xc0U56Y,5788.0,567.2428571,574.7142857,6363912.714
11-06-2020 04:30,wCURE6d3bPkepu2,0.0,0.0,0.0,6982403.0
31-05-2020 18:00,pkci93gMrogZuBj,660.1428571,63.94285714,5900.857143,7294776.857
09-06-2020 20:45,7JYdWkrLSPkdwr4,0.0,0.0,7936.0,7794729.0
02-06-2020 22:15,pkci93gMrogZuBj,0.0,0.0,7350.0,7307650.0
13-06-2020 11:15,adLQvlD726eNBSB,13344.75,1301.1125,3461.75,6492183.75
05-06-2020 14:00,zVJPv84UY57bAof,10696.875,1044.7,5224.0,7276497.0
22-05-2020 11:30,1BY6WEcLGh8j5v7,13335.14286,1300.171429,2586.0,6308175.0
21-05-2020 08:00,sjndEbLyjtCKgGv,3865.8,379.08,295.6,7058423.8
23-05-2020 18:30,McdE0feGgRqW7Ca,34.42857143,3.314285714,8684.0,7224636.0
01-06-2020 09:00,adLQvlD726eNBSB,7610.75,745.0375,1208.5,6401912.5
15-05-2020 03:00,iCRJl6heRkivqQ3,0.0,0.0,0.0,7177992.0
16-05-2020 15:30,pkci93gMrogZuBj,5084.142857,498.4142857,5600.857143,7181077.857
15-05-2020 07:30,YxYtjZvoooNbGkE,1970.285714,193.1285714,175.0,7180141.0
29-05-2020 07:15,ih0vzX44oOqAx2f,1972.0,193.275,140.25,6287310.25
12-06-2020 15:45,VHMLBKoKgIrUVDU,4637.5,455.0375,5364.75,7420375.75
28-05-2020 07:30,ih0vzX44oOqAx2f,3356.0,329.9428571,211.0,6279066.0
12-06-2020 20:45,YxYtjZvoooNbGkE,0.0,0.0,5780.0,7391059.0
02-06-2020 03:15,McdE0feGgRqW7Ca,0.0,0.0,0.0,7292752.0
16-06-2020 20:15,rGa61gmuvPhdLxV,0.0,0.0,6243.0,7350947.0
14-06-2020 07:15,pkci93gMrogZuBj,3192.75,313.675,138.125,7389299.125
15-06-2020 07:45,ZoEaEvLYb1n2sOq,3665.0,359.9285714,262.1428571,7323314.143
17-06-2020 17:15,adLQvlD726eNBSB,1613.125,158.0375,6005.0,6524403.0
28-05-2020 10:45,ih0vzX44oOqAx2f,8894.375,868.625,2726.0,6281581.0
03-06-2020 13:15,7JYdWkrLSPkdwr4,9461.625,925.225,4567.875,7745440.875
18-05-2020 06:00,zVJPv84UY57bAof,63.42857143,6.114285714,0.0,7136015.0
15-06-2020 14:00,1IF53ai7Xc0U56Y,4262.125,418.3875,5113.25,6419481.25
03-06-2020 18:30,adLQvlD726eNBSB,91.0,8.785714286,7990.428571,6422266.429
15-06-2020 06:45,7JYdWkrLSPkdwr4,1479.375,144.4,53.125,7828211.125
13-06-2020 10:15,YxYtjZvoooNbGkE,10477.85714,1023.385714,2079.142857,7393138.143
30-05-2020 15:45,1IF53ai7Xc0U56Y,7423.25,726.8125,6505.875,6304716.875
03-06-2020 17:45,3PZuoBAID5Wc2HD,1007.125,97.8375,7836.875,7136450.875
18-05-2020 22:15,wCURE6d3bPkepu2,0.0,0.0,5393.0,6808393.0
15-06-2020 07:15,ZnxXDlPa8U1GXgE,2159.25,211.5,154.25,6751901.25
22-05-2020 22:00,McdE0feGgRqW7Ca,0.0,0.0,0.0,7215952.0
20-05-2020 06:15,McdE0feGgRqW7Ca,444.25,42.9875,7.375,7192105.375
17-05-2020 23:00,z9Y9gH1T5YWrNuG,0.0,0.0,7486.0,7028226.0
17-06-2020 07:00,zBIq5rxdHJRwDNY,1344.75,131.2125,17.25,6577569.25
05-06-2020 11:15,z9Y9gH1T5YWrNuG,12828.0,1251.157143,2812.857143,7166074.857
18-05-2020 13:00,ZoEaEvLYb1n2sOq,8066.875,789.5125,2425.875,7120633.875
17-05-2020 21:45,ih0vzX44oOqAx2f,0.0,0.0,7391.0,6205201.0
19-05-2020 04:00,McdE0feGgRqW7Ca,0.0,0.0,0.0,7185091.0
19-05-2020 01:15,VHMLBKoKgIrUVDU,0.0,0.0,0.0,7232554.0
14-06-2020 13:30,1BY6WEcLGh8j5v7,0.0,0.0,2402.0,6466065.0
09-06-2020 18:45,bvBOhCH3iADSZry,0.0,0.0,7361.0,6493347.0
27-05-2020 03:15,zVJPv84UY57bAof,0.0,0.0,0.0,7205383.0
22-05-2020 14:15,7JYdWkrLSPkdwr4,7924.285714,774.6714286,5554.0,7657189.0
17-05-2020 02:00,ih0vzX44oOqAx2f,0.0,0.0,0.0,6197810.0
21-05-2020 21:30,adLQvlD726eNBSB,0.0,0.0,0.0,6321573.0
17-06-2020 22:45,McdE0feGgRqW7Ca,0.0,0.0,5992.0,7408587.0
23-05-2020 21:15,z9Y9gH1T5YWrNuG,0.0,0.0,8543.0,7072762.0
01-06-2020 09:00,z9Y9gH1T5YWrNuG,6111.714286,598.8571429,1099.714286,7134996.714
14-06-2020 23:45,ZnxXDlPa8U1GXgE,0.0,0.0,7404.0,6751747.0
19-05-2020 05:30,ZnxXDlPa8U1GXgE,0.0,0.0,0.0,6548162.0
05-06-2020 06:30,1BY6WEcLGh8j5v7,557.5,53.975,14.875,6405394.875
15-05-2020 23:00,iCRJl6heRkivqQ3,0.0,0.0,6418.0,7184410.0
24-05-2020 16:45,VHMLBKoKgIrUVDU,4097.875,402.3,7876.75,7280208.75
01-06-2020 17:15,z9Y9gH1T5YWrNuG,974.1428571,94.65714286,5865.571429,7139762.571
16-05-2020 15:30,bvBOhCH3iADSZry,4673.0,458.5857143,5606.714286,6328116.714
12-06-2020 02:00,WRmjgnKYAwPKWDb,0.0,0.0,0.0,7232986.0
07-06-2020 21:45,rGa61gmuvPhdLxV,0.0,0.0,8172.0,7287673.0
06-06-2020 12:30,zBIq5rxdHJRwDNY,10512.28571,1026.257143,3863.285714,6504165.286
29-05-2020 20:15,7JYdWkrLSPkdwr4,0.0,0.0,8007.0,7714835.0
14-06-2020 23:30,1BY6WEcLGh8j5v7,0.0,0.0,4012.0,6467675.0
29-05-2020 07:15,adLQvlD726eNBSB,2063.0,202.2428571,143.5714286,6379152.571
08-06-2020 02:15,YxYtjZvoooNbGkE,0.0,0.0,0.0,7356967.0
01-06-2020 08:30,YxYtjZvoooNbGkE,5678.571429,556.6571429,787.1428571,7306526.143
01-06-2020 18:00,ZnxXDlPa8U1GXgE,554.5,53.6375,5904.5,6655429.5
23-05-2020 18:30,1BY6WEcLGh8j5v7,21.0,2.014285714,7965.857143,6320402.857
29-05-2020 20:45,sjndEbLyjtCKgGv,0.0,0.0,0.0,7129029.0
25-05-2020 14:30,ih0vzX44oOqAx2f,9704.714286,948.9142857,6433.142857,6262927.143
10-06-2020 10:00,iCRJl6heRkivqQ3,4696.375,460.8875,1537.0,7374757.0
23-05-2020 22:15,1BY6WEcLGh8j5v7,0.0,0.0,7966.0,6320403.0
26-05-2020 08:15,ZoEaEvLYb1n2sOq,5748.25,563.325,528.125,7179442.125
16-05-2020 18:45,z9Y9gH1T5YWrNuG,0.0,0.0,6488.0,7020740.0
18-05-2020 21:30,1BY6WEcLGh8j5v7,0.0,0.0,4998.0,6283648.0
14-06-2020 01:30,WRmjgnKYAwPKWDb,0.0,0.0,0.0,7247179.0
05-06-2020 20:30,ih0vzX44oOqAx2f,0.0,0.0,0.0,6344476.0
10-06-2020 08:15,sjndEbLyjtCKgGv,2951.714286,289.8142857,491.1428571,7209586.143
20-05-2020 20:15,pkci93gMrogZuBj,0.0,0.0,8849.0,7210198.0
18-05-2020 13:00,wCURE6d3bPkepu2,8123.857143,795.0714286,2446.285714,6805446.286
01-06-2020 05:45,1IF53ai7Xc0U56Y,0.0,0.0,0.0,6311432.0
28-05-2020 01:45,YxYtjZvoooNbGkE,0.0,0.0,0.0,7276029.0
03-06-2020 15:15,adLQvlD726eNBSB,11614.25,1133.4,6862.75,6421138.75
29-05-2020 11:45,ZnxXDlPa8U1GXgE,12996.42857,1267.485714,3464.142857,6631380.143
01-06-2020 10:45,ih0vzX44oOqAx2f,11021.71429,1075.857143,2475.285714,6310707.286
26-05-2020 06:00,sjndEbLyjtCKgGv,137.0,13.225,1.0,7098112.0
15-05-2020 12:00,7JYdWkrLSPkdwr4,6910.714286,676.5428571,2612.857143,7605572.857
04-06-2020 03:45,bvBOhCH3iADSZry,0.0,0.0,0.0,6452724.0
14-06-2020 09:30,rGa61gmuvPhdLxV,7881.75,771.525,1243.0,7331913.0
30-05-2020 18:15,WRmjgnKYAwPKWDb,286.5714286,27.65714286,7127.142857,7148026.143
31-05-2020 11:15,uHbuxQJl8lW7ozc,12387.71429,1208.157143,2729.714286,7162001.714
08-06-2020 16:15,ZnxXDlPa8U1GXgE,3156.142857,309.7,7870.428571,6709133.429
22-05-2020 01:45,1IF53ai7Xc0U56Y,0.0,0.0,0.0,6233247.0
15-06-2020 20:45,YxYtjZvoooNbGkE,0.0,0.0,6633.0,7413335.0
24-05-2020 04:15,pkci93gMrogZuBj,0.0,0.0,0.0,7233675.0
24-05-2020 02:45,1BY6WEcLGh8j5v7,0.0,0.0,0.0,6320403.0
22-05-2020 11:30,pkci93gMrogZuBj,10988.71429,1073.028571,2637.714286,7220613.714
10-06-2020 06:15,pkci93gMrogZuBj,415.1428571,40.14285714,5.714285714,7362721.714
30-05-2020 06:15,zBIq5rxdHJRwDNY,312.8571429,30.21428571,3.857142857,6449908.857
16-06-2020 10:00,rGa61gmuvPhdLxV,10948.625,1068.8375,1646.875,7346350.875
08-06-2020 12:45,rGa61gmuvPhdLxV,8532.428571,834.3428571,4746.714286,7292419.714
16-06-2020 16:45,WRmjgnKYAwPKWDb,2142.375,210.0375,6060.0,7267375.0
01-06-2020 04:30,wCURE6d3bPkepu2,0.0,0.0,0.0,6909405.0
06-06-2020 21:30,zVJPv84UY57bAof,0.0,0.0,0.0,7285530.0
25-05-2020 23:15,ih0vzX44oOqAx2f,0.0,0.0,8085.0,6264579.0
17-05-2020 05:00,z9Y9gH1T5YWrNuG,0.0,0.0,0.0,7020740.0
27-05-2020 13:15,adLQvlD726eNBSB,5021.857143,492.4428571,4672.857143,6368188.857
25-05-2020 05:15,pkci93gMrogZuBj,0.0,0.0,0.0,7241707.0
22-05-2020 12:45,z9Y9gH1T5YWrNuG,11367.25,1109.025,4003.25,7061150.25
28-05-2020 10:00,WRmjgnKYAwPKWDb,10823.28571,1057.785714,2055.428571,7126593.429
16-05-2020 13:45,rGa61gmuvPhdLxV,6821.875,668.075,4454.0,7122320.0
09-06-2020 00:30,ih0vzX44oOqAx2f,0.0,0.0,0.0,6366909.0
09-06-2020 04:45,WRmjgnKYAwPKWDb,0.0,0.0,0.0,7213001.0
27-05-2020 23:30,YxYtjZvoooNbGkE,0.0,0.0,0.0,7276029.0
26-05-2020 03:45,1IF53ai7Xc0U56Y,0.0,0.0,0.0,6266528.0
16-06-2020 00:00,1BY6WEcLGh8j5v7,0.0,0.0,896.4285714,6473950.0
23-05-2020 12:15,sjndEbLyjtCKgGv,12820.375,1250.0,4302.375,7077264.375
27-05-2020 08:15,uHbuxQJl8lW7ozc,5600.25,548.8875,520.75,7129058.75
28-05-2020 06:30,adLQvlD726eNBSB,902.7142857,87.64285714,25.42857143,6370398.429
16-06-2020 19:30,zBIq5rxdHJRwDNY,0.0,0.0,5719.0,6577552.0
03-06-2020 17:45,1BY6WEcLGh8j5v7,1040.125,101.0875,7303.25,6397771.25
07-06-2020 21:15,ih0vzX44oOqAx2f,0.0,0.0,8019.0,6358692.0
13-06-2020 07:00,rGa61gmuvPhdLxV,1674.375,163.6875,67.375,7322348.375
11-06-2020 04:45,sjndEbLyjtCKgGv,0.0,0.0,0.0,7215600.0
31-05-2020 10:00,pkci93gMrogZuBj,5349.125,524.3875,1412.125,7290288.125
04-06-2020 07:15,ih0vzX44oOqAx2f,2443.25,239.675,127.875,6329137.875
10-06-2020 14:00,adLQvlD726eNBSB,6756.571429,661.7,5213.714286,6475490.714
15-06-2020 17:30,iCRJl6heRkivqQ3,1445.857143,140.9,6709.857143,7413933.857
14-06-2020 08:15,1IF53ai7Xc0U56Y,3726.285714,366.1142857,524.5714286,6407405.571
21-05-2020 23:45,ZoEaEvLYb1n2sOq,0.0,0.0,7617.0,7146685.0
31-05-2020 09:15,zBIq5rxdHJRwDNY,5069.285714,497.1714286,891.5714286,6458192.571
08-06-2020 23:30,iCRJl6heRkivqQ3,0.0,0.0,8444.0,7364955.0
11-06-2020 11:30,VHMLBKoKgIrUVDU,7378.285714,722.4428571,1903.428571,7411198.429
26-05-2020 06:00,1BY6WEcLGh8j5v7,130.875,12.65,1.375,6336209.375
19-05-2020 06:15,ih0vzX44oOqAx2f,110.1428571,10.62857143,1.285714286,6210488.286
11-06-2020 05:00,uHbuxQJl8lW7ozc,0.0,0.0,0.0,7240508.0
10-06-2020 19:30,uHbuxQJl8lW7ozc,0.0,0.0,6645.0,7240508.0
16-06-2020 23:45,uHbuxQJl8lW7ozc,0.0,0.0,5505.5,7281035.0
12-06-2020 17:00,rGa61gmuvPhdLxV,1963.571429,192.4714286,5653.428571,7322085.429
23-05-2020 14:15,rGa61gmuvPhdLxV,7937.75,776.975,6125.25,7173266.25
07-06-2020 17:45,bvBOhCH3iADSZry,1060.125,103.025,5134.625,6478258.625
30-05-2020 07:30,pkci93gMrogZuBj,2015.375,197.575,172.25,7281707.25
03-06-2020 04:30,ZoEaEvLYb1n2sOq,0.0,0.0,0.0,7235727.0
18-05-2020 14:00,VHMLBKoKgIrUVDU,9362.0,914.8857143,3590.714286,7230687.714
03-06-2020 03:45,7JYdWkrLSPkdwr4,0.0,0.0,0.0,7740873.0
15-05-2020 09:45,pkci93gMrogZuBj,7194.75,704.3875,1180.375,7170282.375
13-06-2020 11:45,wCURE6d3bPkepu2,13522.42857,1318.442857,3777.0,6997685.0
19-05-2020 16:45,bvBOhCH3iADSZry,3426.428571,336.8428571,6184.714286,6346722.714
22-05-2020 03:30,ZnxXDlPa8U1GXgE,0.0,0.0,0.0,6571864.0
05-06-2020 14:00,ZnxXDlPa8U1GXgE,12721.0,1240.6875,5068.125,6684130.125
30-05-2020 21:15,uHbuxQJl8lW7ozc,0.0,0.0,7340.0,7159272.0
11-06-2020 05:45,zVJPv84UY57bAof,0.0,0.0,0.0,7317016.0
31-05-2020 04:45,wCURE6d3bPkepu2,0.0,0.0,0.0,6903158.0
08-06-2020 12:15,ZoEaEvLYb1n2sOq,8276.0,809.7285714,4226.571429,7277679.571
26-05-2020 07:15,3PZuoBAID5Wc2HD,2836.428571,278.4142857,149.2857143,7070785.286
25-05-2020 03:30,zBIq5rxdHJRwDNY,0.0,0.0,0.0,6411758.0
19-05-2020 16:00,ZnxXDlPa8U1GXgE,6634.142857,649.8714286,6400.857143,6554562.857
31-05-2020 18:15,WRmjgnKYAwPKWDb,260.25,25.15,5834.125,7153863.125
14-06-2020 23:45,iCRJl6heRkivqQ3,0.0,0.0,7369.0,7407224.0
09-06-2020 14:45,YxYtjZvoooNbGkE,7838.125,767.0875,6272.0,7371582.0
08-06-2020 18:45,iCRJl6heRkivqQ3,0.0,0.0,8444.0,7364955.0
14-06-2020 19:00,zVJPv84UY57bAof,0.0,0.0,7320.0,7344280.0
07-06-2020 09:00,bvBOhCH3iADSZry,8777.571429,858.8,707.4285714,6473831.429
15-06-2020 08:15,ih0vzX44oOqAx2f,7241.375,709.075,553.875,6408236.875
16-05-2020 06:30,7JYdWkrLSPkdwr4,717.5714286,69.57142857,16.42857143,7609092.429
08-06-2020 22:15,1BY6WEcLGh8j5v7,0.0,0.0,7864.0,6431614.0
09-06-2020 20:00,zVJPv84UY57bAof,0.0,0.0,8289.0,7310456.0
27-05-2020 08:15,rGa61gmuvPhdLxV,5674.142857,556.1285714,515.4285714,7200384.429
02-06-2020 05:15,bvBOhCH3iADSZry,0.0,0.0,0.0,6438645.0
27-05-2020 08:15,VHMLBKoKgIrUVDU,6113.875,599.05,551.125,7298166.125
05-06-2020 16:30,iCRJl6heRkivqQ3,6566.285714,643.1714286,7198.285714,7341198.286
14-06-2020 05:45,WRmjgnKYAwPKWDb,0.0,0.0,0.0,7247179.0
27-05-2020 04:30,uHbuxQJl8lW7ozc,0.0,0.0,0.0,7128538.0
10-06-2020 03:15,1BY6WEcLGh8j5v7,0.0,0.0,0.0,6439070.0
30-05-2020 03:30,McdE0feGgRqW7Ca,0.0,0.0,0.0,7273213.0
31-05-2020 09:30,uHbuxQJl8lW7ozc,10216.25,997.8875,1083.875,7160355.875
10-06-2020 07:15,ZoEaEvLYb1n2sOq,2465.75,241.8,139.5,7289818.5
14-06-2020 20:30,WRmjgnKYAwPKWDb,0.0,0.0,7405.0,7254584.0
03-06-2020 06:45,1BY6WEcLGh8j5v7,857.75,83.2375,32.75,6390500.75
30-05-2020 07:30,iCRJl6heRkivqQ3,2024.875,198.5,173.75,7291426.75
15-06-2020 09:45,z9Y9gH1T5YWrNuG,9227.571429,902.2571429,1789.142857,7234257.143
05-06-2020 20:15,YxYtjZvoooNbGkE,0.0,0.0,7603.0,7342489.0
23-05-2020 13:15,wCURE6d3bPkepu2,12265.14286,1196.2,5398.571429,6844623.571
15-06-2020 14:45,z9Y9gH1T5YWrNuG,6726.0,658.5875,5552.75,7238020.75
20-05-2020 20:00,pkci93gMrogZuBj,0.0,0.0,8849.0,7210198.0
28-05-2020 02:30,bvBOhCH3iADSZry,0.0,0.0,0.0,6405833.0
15-06-2020 17:30,McdE0feGgRqW7Ca,1445.0,140.8142857,6804.571429,7396162.571
10-06-2020 23:15,ih0vzX44oOqAx2f,0.0,0.0,6277.0,6381032.0
19-05-2020 10:45,1IF53ai7Xc0U56Y,9152.142857,894.0142857,1963.857143,6211769.857
08-06-2020 09:45,ih0vzX44oOqAx2f,11116.0,1085.7,1577.0,6360269.0
23-05-2020 14:45,WRmjgnKYAwPKWDb,7032.25,688.675,6824.5,7091419.5
01-06-2020 17:30,z9Y9gH1T5YWrNuG,690.875,66.925,5885.625,7139782.625
10-06-2020 14:00,ZoEaEvLYb1n2sOq,7176.0,702.5285714,4968.285714,7294647.286
25-05-2020 00:15,adLQvlD726eNBSB,0.0,0.0,0.0,6346131.0
24-05-2020 12:45,uHbuxQJl8lW7ozc,11985.57143,1169.357143,4524.285714,7108270.286
12-06-2020 12:30,z9Y9gH1T5YWrNuG,7061.142857,691.5142857,3004.857143,7214068.857
22-05-2020 06:15,wCURE6d3bPkepu2,558.1428571,53.98571429,11.57142857,6832066.571
04-06-2020 06:30,adLQvlD726eNBSB,790.0,76.625,20.375,6422287.375
23-05-2020 07:15,VHMLBKoKgIrUVDU,2120.571429,207.8,80.28571429,7263801.286
10-06-2020 12:15,ih0vzX44oOqAx2f,9854.142857,962.0285714,3213.428571,6377968.429
31-05-2020 05:45,VHMLBKoKgIrUVDU,0.0,0.0,0.0,7328329.0
26-05-2020 23:15,YxYtjZvoooNbGkE,0.0,0.0,0.0,7269333.0
13-06-2020 23:45,ZoEaEvLYb1n2sOq,0.0,0.0,8378.0,7315763.0
08-06-2020 17:45,7JYdWkrLSPkdwr4,1220.285714,118.8285714,8236.285714,7786746.286
15-06-2020 04:15,zVJPv84UY57bAof,0.0,0.0,0.0,7344280.0
14-06-2020 04:15,uHbuxQJl8lW7ozc,0.0,0.0,0.0,7260531.0
19-05-2020 19:00,ih0vzX44oOqAx2f,0.0,0.0,6790.0,6217277.0
08-06-2020 12:30,uHbuxQJl8lW7ozc,11605.625,1132.95,4555.625,7221704.625
23-05-2020 06:45,1BY6WEcLGh8j5v7,611.5,59.2,23.16666667,6312460.167
17-05-2020 09:45,7JYdWkrLSPkdwr4,10323.28571,1009.2,1550.0,7617087.0
28-05-2020 06:00,adLQvlD726eNBSB,168.1428571,16.21428571,1.285714286,6370374.286
25-05-2020 11:45,rGa61gmuvPhdLxV,12486.0,1217.371429,3871.714286,7187166.714
28-05-2020 12:45,z9Y9gH1T5YWrNuG,13101.42857,1277.4,5075.142857,7108960.143
28-05-2020 03:00,ZoEaEvLYb1n2sOq,0.0,0.0,0.0,7193291.0
09-06-2020 10:30,bvBOhCH3iADSZry,11336.57143,1106.242857,2095.0,6488081.0
09-06-2020 16:15,3PZuoBAID5Wc2HD,5507.125,539.75,7630.625,7183363.625
03-06-2020 23:45,VHMLBKoKgIrUVDU,0.0,0.0,7917.0,7355661.0
15-06-2020 01:45,z9Y9gH1T5YWrNuG,0.0,0.0,0.0,7232468.0
01-06-2020 02:30,ZoEaEvLYb1n2sOq,0.0,0.0,0.0,7222644.0
21-05-2020 17:15,iCRJl6heRkivqQ3,759.4285714,73.65714286,7791.857143,7227396.857
06-06-2020 18:15,3PZuoBAID5Wc2HD,103.375,9.95,6495.125,7158981.125
27-05-2020 23:45,sjndEbLyjtCKgGv,0.0,0.0,0.0,7112565.0
11-06-2020 21:45,iCRJl6heRkivqQ3,0.0,0.0,5692.0,7385471.0
03-06-2020 01:15,zBIq5rxdHJRwDNY,0.0,0.0,0.0,6476454.0
12-06-2020 19:30,ih0vzX44oOqAx2f,0.0,0.0,5710.0,6392263.0
12-06-2020 00:45,1BY6WEcLGh8j5v7,0.0,0.0,0.0,6450238.0
11-06-2020 20:45,zVJPv84UY57bAof,0.0,0.0,5671.0,7322687.0
01-06-2020 04:15,zVJPv84UY57bAof,0.0,0.0,0.0,7242024.0
13-06-2020 09:15,bvBOhCH3iADSZry,8524.125,834.0375,1206.5,6510985.5
10-06-2020 07:15,WRmjgnKYAwPKWDb,2798.285714,274.6285714,155.0,7221133.0
15-06-2020 07:30,McdE0feGgRqW7Ca,1960.714286,192.1,200.4285714,7389558.429
19-05-2020 23:00,WRmjgnKYAwPKWDb,0.0,0.0,0.0,7060932.0
10-06-2020 15:30,wCURE6d3bPkepu2,4636.375,454.95,5681.625,6981661.625
20-05-2020 06:30,1BY6WEcLGh8j5v7,674.2857143,65.28571429,20.0,6290117.0
03-06-2020 18:45,bvBOhCH3iADSZry,0.0,0.0,7237.0,6452724.0
10-06-2020 21:15,7JYdWkrLSPkdwr4,0.0,0.0,6362.0,7801091.0
08-06-2020 23:15,VHMLBKoKgIrUVDU,0.0,0.0,8488.0,7394696.0
07-06-2020 11:15,zVJPv84UY57bAof,13868.85714,1352.185714,2753.142857,7288283.143
08-06-2020 05:45,7JYdWkrLSPkdwr4,0.0,0.0,0.0,7778510.0
05-06-2020 21:00,YxYtjZvoooNbGkE,0.0,0.0,7603.0,7342489.0
22-05-2020 06:00,WRmjgnKYAwPKWDb,223.625,21.6375,1.0,7077359.0
30-05-2020 22:45,z9Y9gH1T5YWrNuG,0.0,0.0,7142.0,7127597.0
30-05-2020 15:30,sjndEbLyjtCKgGv,8266.0,808.9714286,6170.142857,7135199.143
16-06-2020 02:15,adLQvlD726eNBSB,0.0,0.0,0.0,6512002.0
17-05-2020 05:15,ih0vzX44oOqAx2f,0.0,0.0,0.0,6197810.0
28-05-2020 08:15,ih0vzX44oOqAx2f,5771.5,565.6,549.5,6279404.5
26-05-2020 16:45,ZnxXDlPa8U1GXgE,6009.0,588.7875,7738.125,6612404.125
06-06-2020 23:15,VHMLBKoKgIrUVDU,0.0,0.0,6435.0,7377989.0
07-06-2020 14:15,zBIq5rxdHJRwDNY,8551.571429,836.1857143,6205.0,6512933.0
18-05-2020 03:30,7JYdWkrLSPkdwr4,0.0,0.0,0.0,7623063.0
07-06-2020 20:15,sjndEbLyjtCKgGv,0.0,0.0,6898.0,7192554.0
04-06-2020 12:45,ZnxXDlPa8U1GXgE,7983.428571,780.4428571,4297.714286,6675181.714
31-05-2020 16:45,ZoEaEvLYb1n2sOq,1800.75,176.5375,5601.5,7222449.5
13-06-2020 09:00,rGa61gmuvPhdLxV,6679.875,654.275,1037.125,7323318.125
07-06-2020 01:30,7JYdWkrLSPkdwr4,0.0,0.0,0.0,7770457.0
19-05-2020 02:45,7JYdWkrLSPkdwr4,0.0,0.0,0.0,7628372.0
11-06-2020 07:45,bvBOhCH3iADSZry,1864.428571,182.7571429,120.8571429,6499330.857
30-05-2020 20:30,z9Y9gH1T5YWrNuG,0.0,0.0,7142.0,7127597.0
05-06-2020 04:00,YxYtjZvoooNbGkE,0.0,0.0,0.0,7334886.0
29-05-2020 12:30,zVJPv84UY57bAof,12231.85714,1192.985714,4386.714286,7224859.714
17-06-2020 04:00,ih0vzX44oOqAx2f,0.0,0.0,0.0,6420371.0
17-05-2020 14:00,VHMLBKoKgIrUVDU,8569.428571,837.6285714,5795.428571,7225175.429
25-05-2020 20:30,bvBOhCH3iADSZry,0.0,0.0,8124.0,6392336.0
11-06-2020 13:45,uHbuxQJl8lW7ozc,6726.125,658.8,3535.25,7244043.25
03-06-2020 13:00,z9Y9gH1T5YWrNuG,11741.25,1146.0625,4360.125,7151634.125
28-05-2020 07:15,ZnxXDlPa8U1GXgE,2743.571429,269.1714286,148.0,6619524.0
18-05-2020 04:00,zVJPv84UY57bAof,0.0,0.0,0.0,7136015.0
21-05-2020 10:30,z9Y9gH1T5YWrNuG,9810.0,957.7428571,2218.428571,7051479.429
29-05-2020 10:00,ZoEaEvLYb1n2sOq,7667.0,750.5166667,1540.0,7203078.0
24-05-2020 04:45,ih0vzX44oOqAx2f,0.0,0.0,0.0,6248938.0
08-06-2020 06:15,bvBOhCH3iADSZry,423.8571429,40.97142857,6.571428571,6478299.571
28-05-2020 07:45,wCURE6d3bPkepu2,4144.142857,407.1285714,298.0,6879493.0
06-06-2020 04:30,1IF53ai7Xc0U56Y,0.0,0.0,0.0,6348557.0
16-06-2020 16:00,WRmjgnKYAwPKWDb,5104.285714,500.5,5824.857143,7267139.857
25-05-2020 19:00,adLQvlD726eNBSB,0.0,0.0,9163.0,6355294.0
25-05-2020 11:00,McdE0feGgRqW7Ca,12196.0,1189.1,3066.5,7235757.5
30-05-2020 17:00,1BY6WEcLGh8j5v7,3089.0,303.4875,6571.25,6371945.25
01-06-2020 07:30,VHMLBKoKgIrUVDU,4402.125,432.125,260.25,7334665.25
02-06-2020 19:15,zVJPv84UY57bAof,0.0,0.0,7451.0,7255217.0
02-06-2020 00:00,3PZuoBAID5Wc2HD,0.0,0.0,0.0,7121269.0
30-05-2020 08:00,zBIq5rxdHJRwDNY,3167.0,311.025,293.75,6450198.75
26-05-2020 21:45,ih0vzX44oOqAx2f,0.0,0.0,0.0,6272291.0
25-05-2020 14:45,pkci93gMrogZuBj,10702.28571,1046.085714,7310.857143,7249017.857
18-05-2020 18:30,YxYtjZvoooNbGkE,0.0,0.0,5369.0,7205598.0
08-06-2020 17:45,1IF53ai7Xc0U56Y,1194.5,116.2875,8449.0,6371787.0
26-05-2020 04:30,ZnxXDlPa8U1GXgE,0.0,0.0,0.0,6604666.0
27-05-2020 12:15,ZnxXDlPa8U1GXgE,8220.857143,804.0,3952.428571,6616601.429
23-05-2020 07:15,zVJPv84UY57bAof,2138.0,209.4875,80.375,7172374.375
26-05-2020 22:45,1BY6WEcLGh8j5v7,0.0,0.0,0.0,6343669.0
22-05-2020 03:45,VHMLBKoKgIrUVDU,0.0,0.0,0.0,7256361.0
11-06-2020 19:15,rGa61gmuvPhdLxV,0.0,0.0,5663.0,7316432.0
30-05-2020 09:00,rGa61gmuvPhdLxV,3837.285714,377.0857143,657.5714286,7223731.571
25-05-2020 19:45,wCURE6d3bPkepu2,0.0,0.0,8859.0,6864650.0
02-06-2020 10:00,uHbuxQJl8lW7ozc,9773.0,955.6285714,1946.285714,7172888.286
11-06-2020 22:45,sjndEbLyjtCKgGv,0.0,0.0,5654.0,7221254.0
28-05-2020 18:45,adLQvlD726eNBSB,0.0,0.0,8636.0,6379009.0
09-06-2020 09:15,adLQvlD726eNBSB,7438.625,728.05,1373.5,6463377.5
25-05-2020 05:15,ZoEaEvLYb1n2sOq,0.0,0.0,0.0,7170169.0
30-05-2020 06:45,iCRJl6heRkivqQ3,1205.857143,117.2571429,39.0,7291292.0
16-06-2020 12:30,1BY6WEcLGh8j5v7,6979.285714,683.4285714,3423.857143,6477373.857
01-06-2020 05:00,ih0vzX44oOqAx2f,0.0,0.0,0.0,6308232.0
03-06-2020 21:45,3PZuoBAID5Wc2HD,0.0,0.0,7874.0,7136488.0
09-06-2020 01:45,zBIq5rxdHJRwDNY,0.0,0.0,0.0,6523269.0
02-06-2020 11:45,wCURE6d3bPkepu2,6220.428571,609.4571429,3262.142857,6918606.143
31-05-2020 17:30,z9Y9gH1T5YWrNuG,1392.125,135.85,6236.0,7133833.0
29-05-2020 13:15,zBIq5rxdHJRwDNY,11179.25,1091.1,5035.75,6447029.75
13-06-2020 03:15,7JYdWkrLSPkdwr4,0.0,0.0,0.0,7812417.0
20-05-2020 20:45,rGa61gmuvPhdLxV,0.0,0.0,8821.0,7152633.0
16-06-2020 14:30,sjndEbLyjtCKgGv,9997.375,976.2125,4918.875,7254457.875
15-05-2020 16:00,1BY6WEcLGh8j5v7,4551.142857,446.5714286,5275.285714,6264834.286
17-05-2020 04:15,7JYdWkrLSPkdwr4,0.0,0.0,0.0,7615537.0
13-06-2020 14:00,adLQvlD726eNBSB,12059.5,1177.0875,6473.0,6495195.0
07-06-2020 01:30,adLQvlD726eNBSB,0.0,0.0,0.0,6445031.0
12-06-2020 21:15,7JYdWkrLSPkdwr4,0.0,0.0,5753.0,7812417.0
08-06-2020 02:15,z9Y9gH1T5YWrNuG,0.0,0.0,0.0,7183631.0
21-05-2020 14:15,sjndEbLyjtCKgGv,7306.0,714.5,6211.285714,7064272.286
04-06-2020 18:00,rGa61gmuvPhdLxV,930.75,90.3875,8193.875,7265330.875
03-06-2020 21:45,ih0vzX44oOqAx2f,0.0,0.0,7699.0,6329010.0
13-06-2020 22:15,rGa61gmuvPhdLxV,0.0,0.0,8389.0,7330670.0
28-05-2020 15:15,pkci93gMrogZuBj,8832.571429,864.1428571,7196.285714,7272181.286
23-05-2020 15:15,McdE0feGgRqW7Ca,8122.571429,794.8571429,7314.714286,7223266.714
19-05-2020 17:00,bvBOhCH3iADSZry,2459.5,241.175,6257.75,6346795.75
17-06-2020 09:15,rGa61gmuvPhdLxV,5461.25,535.275,811.625,7351758.625
08-06-2020 21:15,VHMLBKoKgIrUVDU,0.0,0.0,8488.0,7394696.0
11-06-2020 06:15,wCURE6d3bPkepu2,148.4285714,14.3,1.285714286,6982404.286
04-06-2020 16:30,1IF53ai7Xc0U56Y,5757.25,564.2,7705.5,6340364.5
17-05-2020 06:30,1IF53ai7Xc0U56Y,475.25,45.975,8.25,6196602.25
13-06-2020 14:15,YxYtjZvoooNbGkE,11478.125,1120.25,6392.25,7397451.25
13-06-2020 12:00,sjndEbLyjtCKgGv,12266.875,1196.7125,4096.125,7231197.125
05-06-2020 05:30,adLQvlD726eNBSB,0.0,0.0,0.0,6430581.0
30-05-2020 23:00,VHMLBKoKgIrUVDU,0.0,0.0,7270.0,7328329.0
09-06-2020 14:30,pkci93gMrogZuBj,9720.25,949.5125,6283.5,7360759.5
20-05-2020 10:30,3PZuoBAID5Wc2HD,11242.28571,1098.042857,2563.714286,7023075.714
05-06-2020 06:15,iCRJl6heRkivqQ3,301.7142857,29.17142857,4.571428571,7334004.571
19-05-2020 10:30,ih0vzX44oOqAx2f,7039.714286,688.8857143,1684.428571,6212171.429
04-06-2020 21:45,wCURE6d3bPkepu2,0.0,0.0,0.0,6939021.0
08-06-2020 05:15,1IF53ai7Xc0U56Y,0.0,0.0,0.0,6363338.0
14-06-2020 10:45,wCURE6d3bPkepu2,11289.625,1102.425,2293.0,7004662.0
10-06-2020 07:00,WRmjgnKYAwPKWDb,2140.375,209.825,95.25,7221073.25
01-06-2020 16:00,wCURE6d3bPkepu2,1685.857143,164.9857143,5678.714286,6915083.714
14-06-2020 16:45,YxYtjZvoooNbGkE,2170.375,212.775,7098.625,7406537.625
07-06-2020 15:00,pkci93gMrogZuBj,10063.71429,982.6285714,6713.714286,7344631.714
24-05-2020 18:30,ZoEaEvLYb1n2sOq,142.7142857,13.78571429,7984.0,7170168.0
11-06-2020 15:00,7JYdWkrLSPkdwr4,7548.375,738.8875,4421.375,7805512.375
31-05-2020 15:00,iCRJl6heRkivqQ3,2116.571429,207.4857143,5344.571429,7303942.571
11-06-2020 18:30,rGa61gmuvPhdLxV,48.625,4.6875,5662.75,7316431.75
26-05-2020 11:15,VHMLBKoKgIrUVDU,7590.285714,742.1,3418.571429,7292943.571
04-06-2020 00:00,1BY6WEcLGh8j5v7,0.0,0.0,1048.714286,6397809.0
07-06-2020 16:15,zBIq5rxdHJRwDNY,6561.375,642.7125,7602.25,6514330.25
16-05-2020 13:15,rGa61gmuvPhdLxV,10191.375,996.1375,4065.125,7121931.125
21-05-2020 13:00,zVJPv84UY57bAof,11985.71429,1169.385714,4983.142857,7162162.143
11-06-2020 04:15,ZoEaEvLYb1n2sOq,0.0,0.0,0.0,7296071.0
11-06-2020 04:45,3PZuoBAID5Wc2HD,0.0,0.0,0.0,7190469.0
16-06-2020 06:30,z9Y9gH1T5YWrNuG,697.25,67.5875,12.25,7239196.25
01-06-2020 04:00,z9Y9gH1T5YWrNuG,0.0,0.0,0.0,7133897.0
04-06-2020 04:00,z9Y9gH1T5YWrNuG,0.0,0.0,0.0,7155113.0
02-06-2020 06:30,YxYtjZvoooNbGkE,477.5714286,46.17142857,18.28571429,7311534.286
05-06-2020 04:30,ih0vzX44oOqAx2f,0.0,0.0,0.0,6337019.0
12-06-2020 20:00,rGa61gmuvPhdLxV,0.0,0.0,5849.0,7322281.0
24-05-2020 04:45,ZoEaEvLYb1n2sOq,0.0,0.0,0.0,7162184.0
27-05-2020 06:45,adLQvlD726eNBSB,1651.142857,161.5714286,51.85714286,6363567.857
08-06-2020 21:00,ZnxXDlPa8U1GXgE,0.0,0.0,8435.0,6709698.0
16-05-2020 22:45,1BY6WEcLGh8j5v7,0.0,0.0,6292.0,6271605.0
31-05-2020 13:15,pkci93gMrogZuBj,7690.428571,751.9,4419.0,7293295.0
17-05-2020 08:15,McdE0feGgRqW7Ca,5240.0,513.6571429,490.4285714,7172511.429
28-05-2020 10:30,ZnxXDlPa8U1GXgE,10974.85714,1071.614286,2556.857143,6621932.857
15-06-2020 09:30,zBIq5rxdHJRwDNY,8531.428571,834.6571429,1510.0,6566647.0
23-05-2020 04:45,pkci93gMrogZuBj,0.0,0.0,0.0,7225200.0
24-05-2020 10:45,zBIq5rxdHJRwDNY,10781.875,1052.425,2185.75,6406666.75
09-06-2020 15:00,YxYtjZvoooNbGkE,8245.142857,806.9142857,6481.0,7371791.0
16-05-2020 07:15,7JYdWkrLSPkdwr4,1965.285714,192.6428571,112.2857143,7609188.286
21-05-2020 15:45,zBIq5rxdHJRwDNY,5311.857143,520.8428571,7237.857143,6388099.857
27-05-2020 07:45,pkci93gMrogZuBj,3939.375,386.9625,281.75,7258575.75
27-05-2020 11:15,pkci93gMrogZuBj,10730.375,1047.275,2658.125,7260952.125
02-06-2020 23:00,WRmjgnKYAwPKWDb,0.0,0.0,0.0,7166917.0
12-06-2020 22:30,3PZuoBAID5Wc2HD,0.0,0.0,5900.0,7202086.0
30-05-2020 21:30,ih0vzX44oOqAx2f,0.0,0.0,7146.0,6302267.0
25-05-2020 19:15,YxYtjZvoooNbGkE,0.0,0.0,8813.0,7261464.0
04-06-2020 15:30,z9Y9gH1T5YWrNuG,8867.5,867.4625,6884.5,7161997.5
22-05-2020 05:00,bvBOhCH3iADSZry,0.0,0.0,0.0,6362148.0
15-05-2020 13:45,McdE0feGgRqW7Ca,7763.142857,759.9571429,4254.857143,7163218.857
11-06-2020 07:45,zVJPv84UY57bAof,2032.0,199.1857143,132.1428571,7317148.143
03-06-2020 14:30,ih0vzX44oOqAx2f,9881.428571,965.8571429,5790.857143,6327101.857
19-05-2020 10:45,YxYtjZvoooNbGkE,8150.125,797.05,1894.625,7207492.625
21-05-2020 21:00,zVJPv84UY57bAof,0.0,0.0,7944.0,7165123.0
29-05-2020 19:45,1BY6WEcLGh8j5v7,0.0,0.0,7564.0,6365374.0
16-05-2020 18:15,bvBOhCH3iADSZry,120.7142857,11.64285714,6137.285714,6328647.286
06-06-2020 19:15,1IF53ai7Xc0U56Y,0.0,0.0,6542.0,6355099.0
01-06-2020 12:00,WRmjgnKYAwPKWDb,5464.142857,535.5142857,3723.571429,7157589.571
02-06-2020 10:30,1IF53ai7Xc0U56Y,7200.714286,705.0,2212.285714,6319656.286
02-06-2020 13:00,McdE0feGgRqW7Ca,12320.0,1201.5625,4517.5,7297269.5
25-05-2020 18:45,WRmjgnKYAwPKWDb,0.0,0.0,8879.0,7109996.0
10-06-2020 14:30,1IF53ai7Xc0U56Y,5842.714286,572.2285714,5580.0,6385602.0
30-05-2020 02:15,pkci93gMrogZuBj,0.0,0.0,0.0,7281535.0
31-05-2020 00:15,ZoEaEvLYb1n2sOq,0.0,0.0,0.0,7216848.0
17-06-2020 14:00,VHMLBKoKgIrUVDU,6125.5,600.1375,4764.25,7454965.25
04-06-2020 07:45,wCURE6d3bPkepu2,3460.0,339.5,255.5714286,6931031.571
09-06-2020 06:00,ZnxXDlPa8U1GXgE,174.1428571,16.8,1.0,6709699.0
20-05-2020 22:30,pkci93gMrogZuBj,0.0,0.0,8849.0,7210198.0
14-06-2020 21:45,bvBOhCH3iADSZry,0.0,0.0,3958.0,6521600.0
07-06-2020 18:30,zBIq5rxdHJRwDNY,66.0,6.375,8182.875,6514910.875
08-06-2020 15:00,1IF53ai7Xc0U56Y,10248.0,1001.914286,7103.857143,6370441.857
17-06-2020 05:45,ZoEaEvLYb1n2sOq,0.0,0.0,0.0,7335882.0
13-06-2020 09:00,bvBOhCH3iADSZry,8345.857143,816.7285714,1004.0,6510783.0
01-06-2020 15:45,adLQvlD726eNBSB,1509.625,147.525,5816.25,6406520.25
10-06-2020 04:30,rGa61gmuvPhdLxV,0.0,0.0,0.0,7304204.0
23-05-2020 14:15,ZnxXDlPa8U1GXgE,8185.125,801.1,6522.0,6585661.0
30-05-2020 13:30,1BY6WEcLGh8j5v7,9501.571429,929.2571429,3913.571429,6369287.571
11-06-2020 22:45,iCRJl6heRkivqQ3,0.0,0.0,5692.0,7385471.0
30-05-2020 19:45,rGa61gmuvPhdLxV,0.0,0.0,7364.0,7230438.0
26-05-2020 04:00,McdE0feGgRqW7Ca,0.0,0.0,0.0,7241649.0
09-06-2020 04:45,ih0vzX44oOqAx2f,0.0,0.0,0.0,6366909.0
29-05-2020 12:45,zBIq5rxdHJRwDNY,11860.875,1156.45,4451.875,6446445.875
15-05-2020 14:30,VHMLBKoKgIrUVDU,6612.142857,647.2571429,4800.0,7211208.0
06-06-2020 15:00,7JYdWkrLSPkdwr4,4010.0,393.8125,5721.875,7769861.875
10-06-2020 18:45,ZnxXDlPa8U1GXgE,0.0,0.0,6438.0,6724210.0
27-05-2020 19:30,uHbuxQJl8lW7ozc,0.0,0.0,0.0,7135258.0
06-06-2020 02:30,1IF53ai7Xc0U56Y,0.0,0.0,0.0,6348557.0
20-05-2020 12:45,rGa61gmuvPhdLxV,12802.42857,1248.257143,5083.142857,7148895.143
08-06-2020 22:30,sjndEbLyjtCKgGv,0.0,0.0,8371.0,7200925.0
25-05-2020 12:00,uHbuxQJl8lW7ozc,12545.375,1223.15,4204.75,7116056.75
17-06-2020 01:45,ZoEaEvLYb1n2sOq,0.0,0.0,0.0,7335882.0
27-05-2020 11:30,YxYtjZvoooNbGkE,12828.85714,1250.814286,3115.857143,7272448.857
26-05-2020 02:15,WRmjgnKYAwPKWDb,0.0,0.0,0.0,7109996.0
13-06-2020 08:30,bvBOhCH3iADSZry,6447.142857,631.5571429,656.7142857,6510435.714
16-06-2020 14:00,sjndEbLyjtCKgGv,6738.875,659.975,4623.625,7254162.625
07-06-2020 22:30,iCRJl6heRkivqQ3,0.0,0.0,8277.0,7356511.0
13-06-2020 04:30,adLQvlD726eNBSB,0.0,0.0,0.0,6488722.0
10-06-2020 12:45,zBIq5rxdHJRwDNY,11431.75,1115.325,3878.25,6535283.25
15-06-2020 19:15,ZnxXDlPa8U1GXgE,0.0,0.0,6757.0,6758504.0
17-06-2020 14:15,sjndEbLyjtCKgGv,6164.571429,603.9571429,4800.857143,7260594.857
07-06-2020 02:45,iCRJl6heRkivqQ3,0.0,0.0,0.0,7348234.0
18-05-2020 19:45,pkci93gMrogZuBj,0.0,0.0,5364.0,7194411.0
30-05-2020 10:30,1BY6WEcLGh8j5v7,5001.75,490.3625,1306.25,6366680.25
11-06-2020 23:00,bvBOhCH3iADSZry,0.0,0.0,5197.0,6504407.0
28-05-2020 13:15,z9Y9gH1T5YWrNuG,11709.14286,1142.442857,5716.285714,7109601.286
23-05-2020 16:30,YxYtjZvoooNbGkE,5492.0,538.3125,8093.75,7244214.75
10-06-2020 19:00,ZnxXDlPa8U1GXgE,0.0,0.0,6438.0,6724210.0
22-05-2020 16:00,iCRJl6heRkivqQ3,3202.75,314.95,6828.125,7234270.125
04-06-2020 12:00,VHMLBKoKgIrUVDU,11685.75,1140.5,3621.875,7359282.875
06-06-2020 02:15,ih0vzX44oOqAx2f,0.0,0.0,0.0,6344476.0
15-05-2020 19:15,1BY6WEcLGh8j5v7,0.0,0.0,5754.0,6265313.0
15-05-2020 13:30,1IF53ai7Xc0U56Y,8212.0,803.725,3935.875,6187580.875
16-05-2020 11:15,iCRJl6heRkivqQ3,7477.285714,732.0714286,2467.285714,7186877.286
19-05-2020 01:30,ih0vzX44oOqAx2f,0.0,0.0,0.0,6210487.0
03-06-2020 13:30,adLQvlD726eNBSB,10372.25,1013.7,5006.5,6419282.5
10-06-2020 22:15,1IF53ai7Xc0U56Y,0.0,0.0,6598.0,6386620.0
18-05-2020 20:30,McdE0feGgRqW7Ca,0.0,0.0,5464.0,7185091.0
17-06-2020 12:15,1IF53ai7Xc0U56Y,13797.14286,1345.242857,3182.571429,6430714.571
16-05-2020 13:45,adLQvlD726eNBSB,6833.285714,669.2285714,4902.428571,6282640.429
28-05-2020 00:15,ZoEaEvLYb1n2sOq,0.0,0.0,0.0,7193291.0
17-05-2020 14:15,uHbuxQJl8lW7ozc,6028.0,590.525,5716.125,7057055.125
26-05-2020 11:45,VHMLBKoKgIrUVDU,12073.71429,1177.985714,3924.142857,7293449.143
17-05-2020 21:15,pkci93gMrogZuBj,0.0,0.0,7397.0,7189047.0
16-05-2020 09:45,1IF53ai7Xc0U56Y,8083.0,791.075,1397.875,6191399.875
23-05-2020 12:15,ih0vzX44oOqAx2f,13004.25,1267.95,4239.125,6244782.125
17-06-2020 05:45,iCRJl6heRkivqQ3,0.0,0.0,0.0,7420306.0
24-05-2020 09:00,ih0vzX44oOqAx2f,7957.125,778.8,949.5,6249887.5
02-06-2020 21:15,sjndEbLyjtCKgGv,0.0,0.0,7439.0,7155447.0
05-06-2020 23:45,rGa61gmuvPhdLxV,0.0,0.0,7741.0,7273090.0
08-06-2020 00:45,sjndEbLyjtCKgGv,0.0,0.0,0.0,7192554.0
26-05-2020 19:30,1IF53ai7Xc0U56Y,0.0,0.0,0.0,6274638.0
28-05-2020 11:30,sjndEbLyjtCKgGv,12926.71429,1260.328571,3508.428571,7116073.429
29-05-2020 14:00,adLQvlD726eNBSB,6827.714286,668.7,6133.428571,6385142.429
14-06-2020 20:30,zBIq5rxdHJRwDNY,0.0,0.0,7315.0,6565137.0
08-06-2020 19:15,uHbuxQJl8lW7ozc,0.0,0.0,8405.0,7225554.0
25-05-2020 00:00,1IF53ai7Xc0U56Y,0.0,0.0,0.0,6257480.0
18-05-2020 16:45,ih0vzX44oOqAx2f,2910.25,285.65,5097.0,6210298.0
12-06-2020 22:30,ih0vzX44oOqAx2f,0.0,0.0,5710.0,6392263.0
25-05-2020 04:30,sjndEbLyjtCKgGv,0.0,0.0,0.0,7089351.0
18-05-2020 04:00,ZoEaEvLYb1n2sOq,0.0,0.0,0.0,7118208.0
29-05-2020 09:45,wCURE6d3bPkepu2,8460.714286,827.7428571,1372.142857,6889081.143
23-05-2020 11:15,3PZuoBAID5Wc2HD,12275.0,1197.414286,3161.0,7047777.0
17-05-2020 11:00,zVJPv84UY57bAof,9471.875,924.925,2772.125,7131307.125
27-05-2020 10:45,1IF53ai7Xc0U56Y,9012.285714,881.0285714,2436.0,6277074.0
18-05-2020 22:30,1IF53ai7Xc0U56Y,0.0,0.0,5453.0,6209806.0
11-06-2020 00:15,rGa61gmuvPhdLxV,0.0,0.0,0.0,7310769.0
05-06-2020 21:30,3PZuoBAID5Wc2HD,0.0,0.0,0.0,7152486.0
31-05-2020 22:15,ih0vzX44oOqAx2f,0.0,0.0,5965.0,6308232.0
11-06-2020 21:15,1IF53ai7Xc0U56Y,0.0,0.0,5704.0,6392324.0
20-05-2020 12:00,adLQvlD726eNBSB,12996.625,1267.5125,4377.0,6308890.0
12-06-2020 18:00,rGa61gmuvPhdLxV,828.1428571,80.35714286,5829.285714,7322261.286
07-06-2020 19:45,1IF53ai7Xc0U56Y,0.0,0.0,8239.0,6363338.0
29-05-2020 14:15,ZoEaEvLYb1n2sOq,9511.125,929.8625,6082.375,7207620.375
13-06-2020 10:15,zVJPv84UY57bAof,10050.0,981.1625,2009.625,7330559.625
17-06-2020 09:45,adLQvlD726eNBSB,5954.75,583.475,1170.0,6519568.0
03-06-2020 03:45,1BY6WEcLGh8j5v7,0.0,0.0,0.0,6390468.0
07-06-2020 07:00,sjndEbLyjtCKgGv,1759.428571,172.4285714,88.0,7185744.0
15-06-2020 14:30,1BY6WEcLGh8j5v7,8455.571429,827.2714286,4988.714286,6472663.714
01-06-2020 02:15,1BY6WEcLGh8j5v7,0.0,0.0,0.0,6377931.0
19-05-2020 16:15,ZoEaEvLYb1n2sOq,5311.571429,520.7428571,6380.285714,7129907.286
01-06-2020 20:00,3PZuoBAID5Wc2HD,0.0,0.0,5965.0,7121269.0
27-05-2020 22:00,z9Y9gH1T5YWrNuG,0.0,0.0,0.0,7103885.0
06-06-2020 18:00,McdE0feGgRqW7Ca,276.0,26.6,6479.0,7331160.0
14-06-2020 20:15,1BY6WEcLGh8j5v7,0.0,0.0,4012.0,6467675.0
23-05-2020 12:30,pkci93gMrogZuBj,12225.42857,1193.042857,4606.285714,7229806.286
31-05-2020 17:45,McdE0feGgRqW7Ca,1061.0,103.125,6158.625,7286723.625
22-05-2020 13:00,adLQvlD726eNBSB,11439.5,1093.771429,4435.0,6326008.0
15-05-2020 13:00,pkci93gMrogZuBj,5131.857143,503.1285714,3674.142857,7172776.143
26-05-2020 10:00,zVJPv84UY57bAof,10542.71429,1030.514286,1974.857143,7199583.857
29-05-2020 10:45,pkci93gMrogZuBj,11443.375,1117.0875,2457.875,7275715.875
06-06-2020 03:45,zVJPv84UY57bAof,0.0,0.0,0.0,7279090.0
04-06-2020 17:15,1BY6WEcLGh8j5v7,3499.125,343.975,7390.75,6405199.75
04-06-2020 06:15,WRmjgnKYAwPKWDb,394.0,38.07142857,5.428571429,7174632.429
15-05-2020 03:45,WRmjgnKYAwPKWDb,0.0,0.0,0.0,7028673.0
10-06-2020 09:00,z9Y9gH1T5YWrNuG,7211.0,706.1,865.375,7199918.375
09-06-2020 09:30,sjndEbLyjtCKgGv,8967.428571,876.3285714,1485.571429,7202410.571
16-06-2020 21:00,pkci93gMrogZuBj,0.0,0.0,6261.0,7409478.0
18-05-2020 09:45,ih0vzX44oOqAx2f,1537.5,150.2375,583.875,6205784.875
05-06-2020 01:15,pkci93gMrogZuBj,0.0,0.0,0.0,7323691.0
19-05-2020 07:00,ih0vzX44oOqAx2f,2423.75,237.7,52.5,6210539.5
05-06-2020 12:30,z9Y9gH1T5YWrNuG,3578.142857,351.7,3881.142857,7167143.143
04-06-2020 02:00,YxYtjZvoooNbGkE,0.0,0.0,0.0,7326756.0
22-05-2020 22:45,YxYtjZvoooNbGkE,0.0,0.0,0.0,7236121.0
30-05-2020 00:30,zVJPv84UY57bAof,0.0,0.0,0.0,7228687.0
18-05-2020 13:45,VHMLBKoKgIrUVDU,13382.75,1304.825,3285.875,7230382.875
02-06-2020 22:00,ZnxXDlPa8U1GXgE,0.0,0.0,0.0,6662968.0
10-06-2020 15:45,ih0vzX44oOqAx2f,3712.875,364.9125,5650.25,6380405.25
14-06-2020 05:30,uHbuxQJl8lW7ozc,0.0,0.0,0.0,7260531.0
13-06-2020 22:30,uHbuxQJl8lW7ozc,0.0,0.0,8437.0,7260531.0
19-05-2020 22:15,7JYdWkrLSPkdwr4,0.0,0.0,6836.0,7635208.0
10-06-2020 06:30,VHMLBKoKgIrUVDU,935.25,90.8125,22.75,7402838.75
20-05-2020 07:45,z9Y9gH1T5YWrNuG,4241.857143,416.6714286,279.8571429,7040744.857
04-06-2020 09:15,uHbuxQJl8lW7ozc,7413.571429,725.7285714,1077.142857,7187332.143
09-06-2020 10:45,McdE0feGgRqW7Ca,12434.75,1212.725,2752.125,7349534.125
03-06-2020 05:45,rGa61gmuvPhdLxV,0.0,0.0,0.0,7249330.0
31-05-2020 19:45,wCURE6d3bPkepu2,0.0,0.0,6247.0,6909405.0
30-05-2020 13:00,iCRJl6heRkivqQ3,9011.571429,881.1285714,3662.571429,7294915.571
11-06-2020 22:15,rGa61gmuvPhdLxV,0.0,0.0,5663.0,7316432.0
10-06-2020 03:15,z9Y9gH1T5YWrNuG,0.0,0.0,0.0,7199053.0
05-06-2020 20:30,WRmjgnKYAwPKWDb,0.0,0.0,0.0,7190270.0
17-05-2020 22:15,iCRJl6heRkivqQ3,0.0,0.0,7519.0,7198367.0
15-05-2020 11:00,ZoEaEvLYb1n2sOq,7970.875,779.3375,1983.375,7100082.375
31-05-2020 21:00,uHbuxQJl8lW7ozc,0.0,0.0,6081.0,7165353.0
03-06-2020 17:00,uHbuxQJl8lW7ozc,5765.25,565.0,7601.125,7186006.125
15-05-2020 14:45,7JYdWkrLSPkdwr4,6871.714286,672.2714286,4843.285714,7607803.286
16-06-2020 02:45,rGa61gmuvPhdLxV,0.0,0.0,0.0,7344704.0
06-06-2020 08:15,adLQvlD726eNBSB,5444.142857,533.6857143,670.7142857,6439098.714
17-05-2020 10:00,uHbuxQJl8lW7ozc,9375.375,916.9375,1811.75,7053150.75
13-06-2020 15:45,YxYtjZvoooNbGkE,6113.714286,599.0714286,7763.0,7398822.0
05-06-2020 15:30,YxYtjZvoooNbGkE,3612.0,354.0285714,6312.285714,7341198.286
06-06-2020 07:00,uHbuxQJl8lW7ozc,2634.625,258.475,92.875,7202465.875
16-05-2020 20:15,iCRJl6heRkivqQ3,0.0,0.0,6438.0,7190848.0
12-06-2020 14:30,rGa61gmuvPhdLxV,6369.0,623.925,4613.375,7321045.375
15-05-2020 19:45,bvBOhCH3iADSZry,0.0,0.0,5707.0,6322510.0
06-06-2020 11:15,adLQvlD726eNBSB,11898.57143,1160.942857,3069.142857,6441497.143
29-05-2020 10:15,bvBOhCH3iADSZry,11125.375,1085.4875,1676.0,6415261.0
26-05-2020 06:00,ZoEaEvLYb1n2sOq,121.125,11.675,0.75,7178914.75
07-06-2020 11:30,sjndEbLyjtCKgGv,11601.875,1132.425,3078.0,7188734.0
05-06-2020 12:30,McdE0feGgRqW7Ca,3674.285714,361.1571429,3961.0,7320722.0
06-06-2020 12:45,zBIq5rxdHJRwDNY,10009.625,977.6125,4115.625,6504417.625
08-06-2020 22:30,wCURE6d3bPkepu2,0.0,0.0,8443.0,6967970.0
06-06-2020 14:45,z9Y9gH1T5YWrNuG,2411.857143,236.5,5630.0,7176631.0
03-06-2020 23:00,WRmjgnKYAwPKWDb,0.0,0.0,7710.0,7174627.0
26-05-2020 06:45,iCRJl6heRkivqQ3,1164.714286,113.2571429,42.71428571,7260172.714
06-06-2020 22:30,McdE0feGgRqW7Ca,0.0,0.0,0.0,7331160.0
16-06-2020 10:30,ih0vzX44oOqAx2f,8404.571429,822.4571429,2099.285714,6416346.286
04-06-2020 06:30,WRmjgnKYAwPKWDb,766.25,74.3375,19.25,7174646.25
21-05-2020 19:45,bvBOhCH3iADSZry,0.0,0.0,7110.0,6362148.0
18-05-2020 04:30,z9Y9gH1T5YWrNuG,0.0,0.0,0.0,7028226.0
24-05-2020 21:15,wCURE6d3bPkepu2,0.0,0.0,7961.0,6855791.0
17-05-2020 03:45,1IF53ai7Xc0U56Y,0.0,0.0,0.0,6196594.0
08-06-2020 17:00,zBIq5rxdHJRwDNY,3351.285714,328.8857143,8146.857143,6523057.857
09-06-2020 13:00,ZoEaEvLYb1n2sOq,10233.0,999.3142857,4843.0,7286567.0
02-06-2020 00:45,z9Y9gH1T5YWrNuG,0.0,0.0,0.0,7139828.0
10-06-2020 14:15,zBIq5rxdHJRwDNY,9813.375,959.6125,5262.375,6536667.375
18-05-2020 19:45,z9Y9gH1T5YWrNuG,0.0,0.0,5347.0,7033573.0
30-05-2020 12:15,zVJPv84UY57bAof,9276.714286,906.6,2866.285714,7231553.286
12-06-2020 05:45,7JYdWkrLSPkdwr4,0.0,0.0,0.0,7806664.0
29-05-2020 11:45,iCRJl6heRkivqQ3,12758.625,1244.4875,3538.5,7286575.5
17-06-2020 19:00,pkci93gMrogZuBj,0.0,0.0,5952.0,7415430.0
21-05-2020 09:30,z9Y9gH1T5YWrNuG,9803.625,958.675,1428.25,7050689.25
24-05-2020 17:00,VHMLBKoKgIrUVDU,3949.428571,388.0714286,7977.571429,7280309.571
28-05-2020 21:00,bvBOhCH3iADSZry,0.0,0.0,7752.0,6413585.0
14-06-2020 14:45,sjndEbLyjtCKgGv,6511.857143,637.8714286,5944.0,7241448.0
20-05-2020 20:15,rGa61gmuvPhdLxV,0.0,0.0,8821.0,7152633.0
22-05-2020 09:00,uHbuxQJl8lW7ozc,4876.5,478.3125,860.875,7088836.875
11-06-2020 13:45,bvBOhCH3iADSZry,5750.625,563.575,3238.5,6502448.5
27-05-2020 07:15,7JYdWkrLSPkdwr4,2063.714286,202.1857143,141.7142857,7692053.714
10-06-2020 00:15,WRmjgnKYAwPKWDb,0.0,0.0,0.0,7220978.0
30-05-2020 16:00,1IF53ai7Xc0U56Y,6679.0,654.2142857,6679.571429,6304890.571
16-06-2020 22:30,1BY6WEcLGh8j5v7,0.0,0.0,5848.0,6479798.0
06-06-2020 02:15,iCRJl6heRkivqQ3,0.0,0.0,0.0,7341803.0
15-05-2020 05:30,VHMLBKoKgIrUVDU,0.0,0.0,0.0,7206408.0
29-05-2020 14:00,zVJPv84UY57bAof,6599.142857,646.4142857,6010.428571,7226483.429
22-05-2020 23:45,uHbuxQJl8lW7ozc,0.0,0.0,0.0,7095253.0
03-06-2020 05:45,ih0vzX44oOqAx2f,0.0,0.0,0.0,6321311.0
28-05-2020 14:15,ZoEaEvLYb1n2sOq,5491.142857,538.3142857,6386.857143,7199677.857
18-05-2020 11:00,WRmjgnKYAwPKWDb,6419.571429,628.8857143,1007.0,7050111.0
15-06-2020 02:45,pkci93gMrogZuBj,0.0,0.0,0.0,7396422.0
19-05-2020 04:00,adLQvlD726eNBSB,0.0,0.0,0.0,6297816.0
16-05-2020 22:45,3PZuoBAID5Wc2HD,0.0,0.0,6656.0,7000689.0
30-05-2020 08:15,sjndEbLyjtCKgGv,4170.0,409.5714286,377.4285714,7129406.429
26-05-2020 22:30,adLQvlD726eNBSB,0.0,0.0,0.0,6363516.0
09-06-2020 20:45,VHMLBKoKgIrUVDU,0.0,0.0,8120.0,7402816.0
14-06-2020 10:00,adLQvlD726eNBSB,8624.875,843.8625,1744.625,6499240.625
26-05-2020 17:00,z9Y9gH1T5YWrNuG,4339.0,425.4857143,7636.142857,7097076.143
03-06-2020 08:15,sjndEbLyjtCKgGv,4480.25,439.875,440.25,7155887.25
17-05-2020 09:00,ZoEaEvLYb1n2sOq,7602.25,744.25,953.0,7111697.0
02-06-2020 11:45,uHbuxQJl8lW7ozc,6346.714286,621.8,3269.857143,7174211.857
07-06-2020 07:45,bvBOhCH3iADSZry,2289.875,224.5125,216.0,6473340.0
19-05-2020 00:45,3PZuoBAID5Wc2HD,0.0,0.0,0.0,7013918.0
02-06-2020 03:00,ih0vzX44oOqAx2f,0.0,0.0,0.0,6313983.0
31-05-2020 14:30,zBIq5rxdHJRwDNY,2301.142857,225.6142857,5182.0,6462483.0
19-05-2020 02:45,zVJPv84UY57bAof,0.0,0.0,0.0,7141405.0
11-06-2020 23:30,1IF53ai7Xc0U56Y,0.0,0.0,5704.0,6392324.0
16-06-2020 16:15,z9Y9gH1T5YWrNuG,3479.25,341.8,5860.25,7245044.25
15-05-2020 06:15,bvBOhCH3iADSZry,279.625,27.0125,3.0,6316806.0
10-06-2020 00:30,WRmjgnKYAwPKWDb,0.0,0.0,0.0,7220978.0
04-06-2020 15:45,z9Y9gH1T5YWrNuG,8456.571429,827.4428571,7100.571429,7162213.571
31-05-2020 06:15,zVJPv84UY57bAof,458.5714286,44.35714286,6.714285714,7235983.714
20-05-2020 09:15,ZoEaEvLYb1n2sOq,8286.285714,810.8857143,1212.714286,7131544.714
17-05-2020 14:45,rGa61gmuvPhdLxV,8505.375,831.4375,5964.375,7130063.375
19-05-2020 09:15,ZoEaEvLYb1n2sOq,6607.5,647.225,795.625,7124322.625
19-05-2020 01:15,uHbuxQJl8lW7ozc,0.0,0.0,0.0,7064201.0
04-06-2020 15:45,VHMLBKoKgIrUVDU,7417.625,726.2375,7146.5,7362807.5
15-05-2020 10:30,ZoEaEvLYb1n2sOq,6197.875,606.7875,1692.625,7099791.625
29-05-2020 10:45,ZoEaEvLYb1n2sOq,11282.5,1101.8875,2395.75,7203933.75
14-06-2020 02:30,adLQvlD726eNBSB,0.0,0.0,0.0,6497496.0
16-05-2020 09:30,adLQvlD726eNBSB,6174.428571,604.9428571,1242.0,6278980.0
16-06-2020 04:30,WRmjgnKYAwPKWDb,0.0,0.0,0.0,7261315.0
03-06-2020 02:00,ZoEaEvLYb1n2sOq,0.0,0.0,0.0,7235727.0
13-06-2020 01:15,sjndEbLyjtCKgGv,0.0,0.0,0.0,7227101.0
30-05-2020 22:45,wCURE6d3bPkepu2,0.0,0.0,7278.0,6903158.0
23-05-2020 15:15,z9Y9gH1T5YWrNuG,8575.285714,839.1,7210.285714,7071429.286
04-06-2020 02:30,3PZuoBAID5Wc2HD,0.0,0.0,0.0,7136488.0
20-05-2020 22:30,z9Y9gH1T5YWrNuG,0.0,0.0,8796.0,7049261.0
27-05-2020 18:00,1IF53ai7Xc0U56Y,307.875,29.7375,6816.375,6281454.375
29-05-2020 15:30,wCURE6d3bPkepu2,6817.714286,667.7714286,7183.857143,6894892.857
30-05-2020 19:45,wCURE6d3bPkepu2,0.0,0.0,7278.0,6903158.0
03-06-2020 23:45,ZnxXDlPa8U1GXgE,0.0,0.0,7916.0,6670884.0
12-06-2020 11:15,wCURE6d3bPkepu2,8174.375,800.0375,1907.125,6989961.125
18-05-2020 16:15,bvBOhCH3iADSZry,3827.714286,376.1571429,4629.285714,6340205.286
10-06-2020 07:00,iCRJl6heRkivqQ3,1982.285714,194.3428571,88.14285714,7373308.143
16-06-2020 04:30,1BY6WEcLGh8j5v7,0.0,0.0,0.0,6473950.0
27-05-2020 11:00,McdE0feGgRqW7Ca,8128.625,795.4125,2616.5,7252176.5
14-06-2020 01:30,7JYdWkrLSPkdwr4,0.0,0.0,0.0,7820852.0
12-06-2020 22:15,WRmjgnKYAwPKWDb,0.0,0.0,5794.0,7238780.0
02-06-2020 11:45,zBIq5rxdHJRwDNY,6241.428571,611.5142857,3214.428571,6472247.429
24-05-2020 16:30,bvBOhCH3iADSZry,3356.0,329.1285714,7068.857143,6383840.857
18-05-2020 03:30,VHMLBKoKgIrUVDU,0.0,0.0,0.0,7227097.0
16-05-2020 12:00,McdE0feGgRqW7Ca,8935.857143,874.0857143,3107.857143,7168542.857
08-06-2020 13:00,VHMLBKoKgIrUVDU,8871.428571,866.9714286,5106.714286,7391314.714
01-06-2020 10:00,7JYdWkrLSPkdwr4,8032.625,785.8375,1795.875,7729616.875
27-05-2020 22:30,McdE0feGgRqW7Ca,0.0,0.0,0.0,7256389.0
23-05-2020 04:15,zBIq5rxdHJRwDNY,0.0,0.0,0.0,6395807.0
21-05-2020 08:00,7JYdWkrLSPkdwr4,5006.8,490.86,316.8,7644368.2
08-06-2020 00:00,ZoEaEvLYb1n2sOq,0.0,0.0,0.0,7273453.0
16-05-2020 14:45,WRmjgnKYAwPKWDb,7123.428571,697.5428571,5576.0,7040391.0
12-06-2020 10:00,sjndEbLyjtCKgGv,5867.125,574.9125,1056.875,7222310.875
26-05-2020 17:15,pkci93gMrogZuBj,1071.5,104.2875,7727.125,7258246.125
30-05-2020 01:00,pkci93gMrogZuBj,0.0,0.0,0.0,7281535.0
02-06-2020 12:30,zBIq5rxdHJRwDNY,8787.375,859.3,3825.125,6472858.125
03-06-2020 21:00,pkci93gMrogZuBj,0.0,0.0,7786.0,7315436.0
02-06-2020 00:15,WRmjgnKYAwPKWDb,0.0,0.0,0.0,7159700.0
13-06-2020 05:45,zVJPv84UY57bAof,0.0,0.0,0.0,7328550.0
01-06-2020 10:45,ZnxXDlPa8U1GXgE,11202.14286,1093.5,2525.571429,6652050.571
15-06-2020 00:45,McdE0feGgRqW7Ca,0.0,0.0,0.0,7389358.0
04-06-2020 23:00,zVJPv84UY57bAof,0.0,0.0,0.0,7271273.0
14-06-2020 08:15,wCURE6d3bPkepu2,3557.714286,349.5285714,512.1428571,7002881.143
08-06-2020 06:00,zVJPv84UY57bAof,96.75,9.3375,0.25,7293790.25
24-05-2020 19:30,sjndEbLyjtCKgGv,0.0,0.0,7902.0,7089351.0
01-06-2020 12:00,YxYtjZvoooNbGkE,4894.875,480.0875,3640.625,7309379.625
13-06-2020 22:45,iCRJl6heRkivqQ3,0.0,0.0,8496.0,7399855.0
07-06-2020 13:15,sjndEbLyjtCKgGv,0.0,0.0,4526.0,7190182.0
29-05-2020 06:45,uHbuxQJl8lW7ozc,1541.285714,150.6,48.85714286,7143680.857
31-05-2020 22:15,1BY6WEcLGh8j5v7,0.0,0.0,5803.0,6377931.0
18-05-2020 10:00,YxYtjZvoooNbGkE,1750.0,171.5375,625.125,7200854.125
30-05-2020 21:30,pkci93gMrogZuBj,0.0,0.0,7341.0,7288876.0
26-05-2020 01:45,1BY6WEcLGh8j5v7,0.0,0.0,0.0,6336208.0
27-05-2020 02:45,7JYdWkrLSPkdwr4,0.0,0.0,0.0,7691912.0
29-05-2020 17:15,3PZuoBAID5Wc2HD,2335.285714,228.9714286,8116.428571,7102095.429
28-05-2020 11:15,3PZuoBAID5Wc2HD,12856.0,1253.475,3427.875,7088878.875
21-05-2020 15:00,3PZuoBAID5Wc2HD,9430.857143,922.0285714,6821.714286,7036315.714
16-06-2020 14:45,3PZuoBAID5Wc2HD,7340.75,718.45,5251.5,7230293.5
03-06-2020 07:30,YxYtjZvoooNbGkE,2788.375,273.5,168.75,7319097.75
12-06-2020 00:00,sjndEbLyjtCKgGv,0.0,0.0,0.0,7221254.0
05-06-2020 04:00,ZnxXDlPa8U1GXgE,0.0,0.0,0.0,6679062.0
11-06-2020 09:30,YxYtjZvoooNbGkE,4421.75,434.25,695.5,7380382.5
31-05-2020 14:30,1BY6WEcLGh8j5v7,1868.142857,182.8571429,5109.0,6377237.0
11-06-2020 16:45,iCRJl6heRkivqQ3,3187.571429,313.3285714,5460.857143,7385239.857
30-05-2020 01:15,ih0vzX44oOqAx2f,0.0,0.0,0.0,6295121.0
07-06-2020 12:15,iCRJl6heRkivqQ3,13305.14286,1297.242857,3980.714286,7352214.714
17-05-2020 21:00,7JYdWkrLSPkdwr4,0.0,0.0,7526.0,7623063.0
13-06-2020 22:30,sjndEbLyjtCKgGv,0.0,0.0,8403.0,7235504.0
11-06-2020 01:45,3PZuoBAID5Wc2HD,0.0,0.0,0.0,7190469.0
11-06-2020 05:30,sjndEbLyjtCKgGv,0.0,0.0,0.0,7215600.0
04-06-2020 10:45,7JYdWkrLSPkdwr4,11254.625,1098.1125,2319.25,7750941.25
15-05-2020 19:00,uHbuxQJl8lW7ozc,0.0,0.0,6387.0,7045068.0
03-06-2020 14:15,3PZuoBAID5Wc2HD,9945.25,972.0875,5726.125,7134340.125
04-06-2020 19:45,7JYdWkrLSPkdwr4,0.0,0.0,7999.0,7756621.0
24-05-2020 20:00,VHMLBKoKgIrUVDU,0.0,0.0,8180.0,7280512.0
02-06-2020 09:45,1IF53ai7Xc0U56Y,10530.5,1028.425,1597.875,6319041.875
23-05-2020 01:00,sjndEbLyjtCKgGv,0.0,0.0,0.0,7072962.0
16-06-2020 21:45,uHbuxQJl8lW7ozc,0.0,0.0,6292.0,7281035.0
08-06-2020 01:30,rGa61gmuvPhdLxV,0.0,0.0,0.0,7287673.0
28-05-2020 06:15,sjndEbLyjtCKgGv,410.0,39.64285714,6.571428571,7112571.571
03-06-2020 01:30,YxYtjZvoooNbGkE,0.0,0.0,0.0,7318929.0
13-06-2020 06:00,McdE0feGgRqW7Ca,84.14285714,8.128571429,0.285714286,7373328.286
07-06-2020 01:45,wCURE6d3bPkepu2,0.0,0.0,0.0,6953094.0
16-06-2020 14:30,zBIq5rxdHJRwDNY,9366.375,915.55,4409.5,6576242.5
22-05-2020 10:15,1BY6WEcLGh8j5v7,11312.28571,1103.528571,1563.857143,6307152.857
04-06-2020 14:45,iCRJl6heRkivqQ3,11287.375,1101.5625,6279.25,7331975.25
07-06-2020 15:45,McdE0feGgRqW7Ca,6425.75,629.2,6134.125,7337294.125
30-05-2020 22:45,pkci93gMrogZuBj,0.0,0.0,7341.0,7288876.0
06-06-2020 11:00,VHMLBKoKgIrUVDU,9878.857143,964.8142857,2708.0,7374262.0
15-05-2020 07:45,3PZuoBAID5Wc2HD,2122.857143,208.1142857,231.2857143,6987990.286
15-06-2020 14:45,1BY6WEcLGh8j5v7,6677.75,653.9,5179.75,6472854.75
25-05-2020 23:15,zVJPv84UY57bAof,0.0,0.0,8813.0,7197609.0
05-06-2020 14:30,7JYdWkrLSPkdwr4,10992.75,1073.575,5494.0,7762115.0
12-06-2020 20:15,iCRJl6heRkivqQ3,0.0,0.0,5888.0,7391359.0
29-05-2020 10:45,zBIq5rxdHJRwDNY,10876.375,1062.9875,2309.5,6444303.5
02-06-2020 14:00,rGa61gmuvPhdLxV,6812.5,667.2125,5420.125,7247389.125
16-05-2020 08:15,iCRJl6heRkivqQ3,4719.571429,462.8571429,436.1428571,7184846.143
03-06-2020 10:00,ZoEaEvLYb1n2sOq,5817.571429,570.0857143,1381.0,7237108.0
03-06-2020 08:15,iCRJl6heRkivqQ3,4457.857143,437.7142857,446.5714286,7318259.571
29-05-2020 17:30,VHMLBKoKgIrUVDU,1262.25,122.9,8121.0,7321008.0
22-05-2020 09:30,pkci93gMrogZuBj,6679.5,654.2375,1129.0,7219105.0
04-06-2020 07:45,z9Y9gH1T5YWrNuG,3430.428571,336.4428571,256.4285714,7155369.429
31-05-2020 05:00,McdE0feGgRqW7Ca,0.0,0.0,0.0,7280565.0
19-05-2020 15:45,z9Y9gH1T5YWrNuG,5458.285714,535.0857143,6163.142857,7039736.143
20-05-2020 19:30,uHbuxQJl8lW7ozc,0.0,0.0,8913.0,7080111.0
05-06-2020 01:15,bvBOhCH3iADSZry,0.0,0.0,0.0,6460186.0
02-06-2020 17:15,adLQvlD726eNBSB,1594.75,155.8625,7382.0,6414213.0
08-06-2020 01:45,WRmjgnKYAwPKWDb,0.0,0.0,0.0,7204682.0
06-06-2020 00:45,ZoEaEvLYb1n2sOq,0.0,0.0,0.0,7259075.0
19-05-2020 23:00,zBIq5rxdHJRwDNY,0.0,0.0,6924.0,6371971.0
05-06-2020 11:30,z9Y9gH1T5YWrNuG,11552.375,1127.4125,3110.375,7166372.375
05-06-2020 08:15,sjndEbLyjtCKgGv,3954.714286,387.5,375.4285714,7171893.429
08-06-2020 12:15,z9Y9gH1T5YWrNuG,7321.0,716.7428571,4180.571429,7187811.571
12-06-2020 16:15,rGa61gmuvPhdLxV,2729.5,267.725,5459.375,7321891.375
15-06-2020 03:00,WRmjgnKYAwPKWDb,0.0,0.0,0.0,7254584.0
23-05-2020 11:30,1BY6WEcLGh8j5v7,12360.0,1205.1,3119.428571,6315556.429
11-06-2020 19:30,bvBOhCH3iADSZry,0.0,0.0,5197.0,6504407.0
02-06-2020 17:30,zVJPv84UY57bAof,944.2857143,91.71428571,7407.0,7255173.0
23-05-2020 23:45,ZoEaEvLYb1n2sOq,0.0,0.0,8471.0,7162184.0
17-05-2020 21:00,rGa61gmuvPhdLxV,0.0,0.0,7438.0,7131537.0
27-05-2020 09:15,z9Y9gH1T5YWrNuG,9430.25,922.3375,1236.75,7098419.75
20-05-2020 12:15,1IF53ai7Xc0U56Y,13076.85714,1274.985714,4638.142857,6221068.143
10-06-2020 02:30,ih0vzX44oOqAx2f,0.0,0.0,0.0,6374755.0
17-06-2020 04:15,3PZuoBAID5Wc2HD,0.0,0.0,0.0,7231373.0
23-05-2020 08:15,3PZuoBAID5Wc2HD,6992.75,684.7,483.375,7045099.375
25-05-2020 17:30,YxYtjZvoooNbGkE,704.5714286,68.28571429,8776.428571,7261427.429
04-06-2020 01:45,3PZuoBAID5Wc2HD,0.0,0.0,0.0,7136488.0
16-05-2020 20:45,wCURE6d3bPkepu2,0.0,0.0,6543.0,6795470.0
30-05-2020 06:45,3PZuoBAID5Wc2HD,1228.0,119.45,41.0,7102230.0
01-06-2020 06:00,YxYtjZvoooNbGkE,87.75,8.475,0.125,7305739.125
30-05-2020 02:30,ih0vzX44oOqAx2f,0.0,0.0,0.0,6295121.0
01-06-2020 09:45,WRmjgnKYAwPKWDb,8453.714286,826.3142857,1634.857143,7155500.857
15-06-2020 15:45,pkci93gMrogZuBj,5901.142857,578.0,6226.857143,7402648.857
13-06-2020 22:30,bvBOhCH3iADSZry,0.0,0.0,7863.0,6517642.0
28-05-2020 18:00,rGa61gmuvPhdLxV,488.0,47.1875,8250.75,7214799.75
12-06-2020 08:30,YxYtjZvoooNbGkE,3137.714286,308.4571429,280.1428571,7385559.143
15-05-2020 03:15,wCURE6d3bPkepu2,0.0,0.0,0.0,6782598.0
15-06-2020 09:00,uHbuxQJl8lW7ozc,7090.0,694.1142857,1100.285714,7268937.286
07-06-2020 02:30,7JYdWkrLSPkdwr4,0.0,0.0,0.0,7770457.0
29-05-2020 21:30,McdE0feGgRqW7Ca,0.0,0.0,0.0,7273213.0
27-05-2020 23:15,WRmjgnKYAwPKWDb,0.0,0.0,6658.0,7124538.0
22-05-2020 15:45,rGa61gmuvPhdLxV,3850.714286,377.9142857,6380.857143,7166779.857
29-05-2020 11:00,sjndEbLyjtCKgGv,11704.71429,1141.628571,2691.142857,7123594.143
17-06-2020 08:00,1IF53ai7Xc0U56Y,3535.857143,347.5857143,311.4285714,6427843.429
12-06-2020 00:30,WRmjgnKYAwPKWDb,0.0,0.0,0.0,7232986.0
25-05-2020 00:45,rGa61gmuvPhdLxV,0.0,0.0,0.0,7183295.0
18-05-2020 11:00,wCURE6d3bPkepu2,6426.0,629.525,1003.75,6804003.75
24-05-2020 01:45,uHbuxQJl8lW7ozc,0.0,0.0,0.0,7103746.0
15-05-2020 16:30,WRmjgnKYAwPKWDb,4358.875,428.0375,5862.625,7034535.625
01-06-2020 14:15,wCURE6d3bPkepu2,3200.375,313.7375,5231.375,6914636.375
14-06-2020 06:45,pkci93gMrogZuBj,1060.875,103.1,37.75,7389198.75
08-06-2020 00:30,3PZuoBAID5Wc2HD,0.0,0.0,0.0,7167224.0
10-06-2020 08:45,pkci93gMrogZuBj,6544.857143,641.1714286,681.5714286,7363397.571
01-06-2020 11:00,z9Y9gH1T5YWrNuG,9428.25,920.725,2748.125,7136645.125
31-05-2020 15:15,uHbuxQJl8lW7ozc,2150.0,210.775,5500.125,7164772.125
19-05-2020 20:45,zBIq5rxdHJRwDNY,0.0,0.0,6924.0,6371971.0
31-05-2020 05:15,1IF53ai7Xc0U56Y,0.0,0.0,0.0,6305543.0
06-06-2020 04:45,VHMLBKoKgIrUVDU,0.0,0.0,0.0,7371554.0
09-06-2020 16:45,1IF53ai7Xc0U56Y,4098.0,402.6285714,7878.142857,6379711.143
21-05-2020 16:45,McdE0feGgRqW7Ca,2442.571429,239.6142857,7887.142857,7208949.143
01-06-2020 00:15,7JYdWkrLSPkdwr4,0.0,0.0,0.0,7727821.0
18-05-2020 10:00,7JYdWkrLSPkdwr4,1747.625,171.2875,626.75,7623689.75
10-06-2020 05:30,ZoEaEvLYb1n2sOq,0.0,0.0,0.0,7289679.0
07-06-2020 23:00,zVJPv84UY57bAof,0.0,0.0,8260.0,7293790.0
03-06-2020 07:45,pkci93gMrogZuBj,3303.0,324.7571429,242.0,7307892.0
16-06-2020 18:30,pkci93gMrogZuBj,65.125,6.2875,6260.5,7409477.5
06-06-2020 16:00,7JYdWkrLSPkdwr4,2647.875,259.75,6118.5,7770258.5
03-06-2020 12:00,YxYtjZvoooNbGkE,9355.714286,915.0571429,3261.142857,7322190.143
27-05-2020 03:00,wCURE6d3bPkepu2,0.0,0.0,0.0,6872485.0
21-05-2020 17:45,pkci93gMrogZuBj,438.8571429,42.42857143,7762.428571,7217960.429
31-05-2020 21:30,adLQvlD726eNBSB,0.0,0.0,5933.0,6400704.0
04-06-2020 13:45,ZnxXDlPa8U1GXgE,11179.28571,1091.185714,5387.571429,6676271.571
17-06-2020 08:15,sjndEbLyjtCKgGv,3788.875,372.3625,384.5,7256178.5
14-06-2020 11:15,3PZuoBAID5Wc2HD,9893.0,966.9714286,2941.285714,7213660.286
05-06-2020 15:15,YxYtjZvoooNbGkE,8163.0,797.9875,6195.5,7341081.5
12-06-2020 11:30,3PZuoBAID5Wc2HD,9749.571429,953.0571429,2208.142857,7198394.143
06-06-2020 09:00,3PZuoBAID5Wc2HD,3819.285714,375.1857143,1104.285714,7153590.286
14-06-2020 11:00,YxYtjZvoooNbGkE,9039.625,883.6625,2561.875,7402000.875
21-05-2020 12:00,zVJPv84UY57bAof,11076.42857,1081.2,3893.285714,7161072.286
11-06-2020 17:30,rGa61gmuvPhdLxV,1445.25,140.9375,5596.625,7316365.625
07-06-2020 03:30,zVJPv84UY57bAof,0.0,0.0,0.0,7285530.0
17-06-2020 21:45,1BY6WEcLGh8j5v7,0.0,0.0,5521.0,6485319.0
15-05-2020 12:30,sjndEbLyjtCKgGv,8004.714286,782.5571429,3254.285714,7020086.286
16-05-2020 10:45,zBIq5rxdHJRwDNY,8408.142857,822.6857143,2075.285714,6347851.286
02-06-2020 00:15,pkci93gMrogZuBj,0.0,0.0,0.0,7300300.0
28-05-2020 01:15,ZoEaEvLYb1n2sOq,0.0,0.0,0.0,7193291.0
27-05-2020 03:30,adLQvlD726eNBSB,0.0,0.0,0.0,6363516.0
25-05-2020 23:00,1BY6WEcLGh8j5v7,0.0,0.0,8268.0,6336208.0
01-06-2020 15:30,rGa61gmuvPhdLxV,1796.857143,176.1142857,5292.714286,7241624.714
11-06-2020 01:00,uHbuxQJl8lW7ozc,0.0,0.0,0.0,7240508.0
14-06-2020 01:45,ih0vzX44oOqAx2f,0.0,0.0,0.0,6400518.0
15-06-2020 07:45,pkci93gMrogZuBj,3723.0,365.6571429,267.7142857,7396689.714
22-05-2020 01:30,VHMLBKoKgIrUVDU,0.0,0.0,0.0,7256361.0
09-06-2020 19:45,bvBOhCH3iADSZry,0.0,0.0,7361.0,6493347.0
21-05-2020 14:30,7JYdWkrLSPkdwr4,6727.875,658.725,6290.375,7650270.375
16-06-2020 10:45,wCURE6d3bPkepu2,9721.75,950.1375,2348.625,7018792.625
09-06-2020 17:45,WRmjgnKYAwPKWDb,1373.0,133.8625,7928.125,7220929.125
14-06-2020 11:30,zVJPv84UY57bAof,9458.75,924.6625,3055.0,7340015.0
17-06-2020 08:45,pkci93gMrogZuBj,3929.25,386.0875,572.75,7410050.75
22-05-2020 11:00,7JYdWkrLSPkdwr4,7267.625,711.075,2200.625,7653835.625
29-05-2020 12:00,YxYtjZvoooNbGkE,12069.42857,1177.557143,3753.0,7288157.0
19-05-2020 07:00,bvBOhCH3iADSZry,2285.25,224.075,45.875,6340583.875
07-06-2020 20:00,1IF53ai7Xc0U56Y,0.0,0.0,8239.0,6363338.0
30-05-2020 06:00,wCURE6d3bPkepu2,81.625,7.8875,0.0,6895880.0
28-05-2020 00:45,3PZuoBAID5Wc2HD,0.0,0.0,0.0,7085451.0
16-06-2020 09:00,rGa61gmuvPhdLxV,5834.625,571.7625,875.625,7345579.625
11-06-2020 22:00,WRmjgnKYAwPKWDb,0.0,0.0,5619.0,7232986.0
05-06-2020 14:45,adLQvlD726eNBSB,10955.25,1070.6125,6059.25,6436640.25
16-06-2020 12:15,rGa61gmuvPhdLxV,6401.375,627.1125,3417.25,7348121.25
06-06-2020 20:30,wCURE6d3bPkepu2,0.0,0.0,0.0,6953094.0
10-06-2020 22:15,McdE0feGgRqW7Ca,0.0,0.0,6606.0,7361623.0
09-06-2020 14:15,pkci93gMrogZuBj,6983.285714,683.8428571,6060.857143,7360536.857
05-06-2020 06:00,iCRJl6heRkivqQ3,95.0,9.1625,0.125,7334000.125
10-06-2020 02:00,1IF53ai7Xc0U56Y,0.0,0.0,0.0,6380022.0
30-05-2020 21:45,ZoEaEvLYb1n2sOq,0.0,0.0,7248.0,7216848.0
29-05-2020 07:45,iCRJl6heRkivqQ3,2719.857143,266.7857143,253.2857143,7283290.286
05-06-2020 19:45,3PZuoBAID5Wc2HD,0.0,0.0,0.0,7152486.0
07-06-2020 01:45,3PZuoBAID5Wc2HD,0.0,0.0,0.0,7158982.0
02-06-2020 00:00,ZnxXDlPa8U1GXgE,0.0,0.0,0.0,6655443.0
11-06-2020 07:00,zBIq5rxdHJRwDNY,786.0,76.25,33.0,6537936.0
14-06-2020 22:00,1BY6WEcLGh8j5v7,0.0,0.0,4012.0,6467675.0
15-05-2020 09:15,wCURE6d3bPkepu2,5680.0,556.675,909.625,6783507.625
24-05-2020 06:45,zBIq5rxdHJRwDNY,1138.285714,110.6571429,42.42857143,6404523.429
10-06-2020 23:00,ZoEaEvLYb1n2sOq,0.0,0.0,6392.0,7296071.0
11-06-2020 01:00,bvBOhCH3iADSZry,0.0,0.0,0.0,6499210.0
11-06-2020 11:15,zVJPv84UY57bAof,7905.285714,773.8428571,1711.857143,7318727.857
26-05-2020 01:30,McdE0feGgRqW7Ca,0.0,0.0,0.0,7241649.0
03-06-2020 07:30,zBIq5rxdHJRwDNY,2788.25,273.475,168.875,6476622.875
12-06-2020 00:45,pkci93gMrogZuBj,0.0,0.0,0.0,7374956.0
18-05-2020 22:00,VHMLBKoKgIrUVDU,0.0,0.0,5457.0,7232554.0
20-05-2020 03:45,ZoEaEvLYb1n2sOq,0.0,0.0,0.0,7130332.0
15-06-2020 04:45,bvBOhCH3iADSZry,0.0,0.0,0.0,6521600.0
06-06-2020 22:30,iCRJl6heRkivqQ3,0.0,0.0,0.0,7348234.0
28-05-2020 10:15,ZoEaEvLYb1n2sOq,10847.42857,1059.628571,2204.857143,7195495.857
13-06-2020 12:30,adLQvlD726eNBSB,13579.14286,1324.314286,5002.714286,6493724.714
17-05-2020 10:45,3PZuoBAID5Wc2HD,11162.125,1088.9875,2691.875,7003380.875
11-06-2020 01:00,sjndEbLyjtCKgGv,0.0,0.0,0.0,7215600.0
29-05-2020 20:15,rGa61gmuvPhdLxV,0.0,0.0,0.0,7223074.0
14-06-2020 06:45,3PZuoBAID5Wc2HD,1106.857143,107.6142857,38.71428571,7210757.714
24-05-2020 19:45,VHMLBKoKgIrUVDU,0.0,0.0,8180.0,7280512.0
15-05-2020 14:30,sjndEbLyjtCKgGv,6043.125,591.7875,4907.75,7021739.75
15-06-2020 05:00,adLQvlD726eNBSB,0.0,0.0,0.0,6505086.0
25-05-2020 13:00,z9Y9gH1T5YWrNuG,12353.0,1204.425,5460.5,7086098.5
19-05-2020 23:45,iCRJl6heRkivqQ3,0.0,0.0,6951.0,7210718.0
05-06-2020 20:30,pkci93gMrogZuBj,0.0,0.0,7796.0,7331487.0
23-05-2020 16:45,3PZuoBAID5Wc2HD,3866.25,379.9375,8331.75,7052947.75
15-05-2020 17:00,ih0vzX44oOqAx2f,2350.125,230.525,6047.0,6191232.429
12-06-2020 11:30,McdE0feGgRqW7Ca,10813.14286,1056.271429,2180.0,7369553.0
16-06-2020 14:30,ZnxXDlPa8U1GXgE,9586.5,936.425,4973.5,6763477.5
07-06-2020 21:45,zVJPv84UY57bAof,0.0,0.0,8260.0,7293790.0
12-06-2020 21:30,7JYdWkrLSPkdwr4,0.0,0.0,5753.0,7812417.0
12-06-2020 06:45,zBIq5rxdHJRwDNY,696.5,67.5,20.625,6543570.625
09-06-2020 02:30,1BY6WEcLGh8j5v7,0.0,0.0,0.0,6431614.0
07-06-2020 17:15,ih0vzX44oOqAx2f,3350.0,329.15,7870.875,6358543.875
03-06-2020 19:30,1BY6WEcLGh8j5v7,0.0,0.0,7341.0,6397809.0
25-05-2020 07:45,zBIq5rxdHJRwDNY,3552.625,348.75,251.25,6412009.25
16-06-2020 03:45,1BY6WEcLGh8j5v7,0.0,0.0,0.0,6473950.0
26-05-2020 18:15,VHMLBKoKgIrUVDU,305.0,29.5,8090.0,7297615.0
11-06-2020 05:30,pkci93gMrogZuBj,0.0,0.0,0.0,7369294.0
25-05-2020 11:15,zBIq5rxdHJRwDNY,11520.5,1124.425,3152.875,6414910.875
05-06-2020 01:45,1IF53ai7Xc0U56Y,0.0,0.0,0.0,6340855.0
12-06-2020 06:15,wCURE6d3bPkepu2,168.5,16.2625,1.5,6988055.5
21-05-2020 20:30,ih0vzX44oOqAx2f,0.0,0.0,0.0,6233543.0
16-06-2020 10:45,McdE0feGgRqW7Ca,9733.375,951.25,2393.75,7398623.75
03-06-2020 08:00,McdE0feGgRqW7Ca,4398.285714,431.6714286,337.0,7300696.0
17-05-2020 17:00,bvBOhCH3iADSZry,1873.857143,183.7,6807.142857,6335455.143
16-05-2020 03:15,YxYtjZvoooNbGkE,0.0,0.0,0.0,7186257.0
17-06-2020 00:00,7JYdWkrLSPkdwr4,0.0,0.0,770.75,7840965.0
21-05-2020 15:45,7JYdWkrLSPkdwr4,5273.285714,517.0,7173.714286,7651153.714
04-06-2020 15:30,WRmjgnKYAwPKWDb,8118.125,794.3625,6890.375,7181517.375
06-06-2020 07:00,1IF53ai7Xc0U56Y,2951.0,289.8142857,111.1428571,6348668.143
15-06-2020 07:00,uHbuxQJl8lW7ozc,2091.25,205.0125,96.0,7267933.0
30-05-2020 08:45,z9Y9gH1T5YWrNuG,3384.5,332.7625,561.375,7121016.375
10-06-2020 12:45,iCRJl6heRkivqQ3,11520.25,1123.975,3913.625,7377133.625
23-05-2020 02:00,wCURE6d3bPkepu2,0.0,0.0,0.0,6839225.0
12-06-2020 04:30,WRmjgnKYAwPKWDb,0.0,0.0,0.0,7232986.0
14-06-2020 08:15,WRmjgnKYAwPKWDb,3470.25,340.95,520.875,7247699.875
31-05-2020 15:45,wCURE6d3bPkepu2,3060.714286,300.7142857,5816.428571,6908974.429
17-05-2020 23:45,7JYdWkrLSPkdwr4,0.0,0.0,7526.0,7623063.0
06-06-2020 07:15,YxYtjZvoooNbGkE,3406.571429,334.6428571,169.2857143,7342658.286
06-06-2020 19:00,3PZuoBAID5Wc2HD,0.0,0.0,6496.0,7158982.0
24-05-2020 19:45,ZoEaEvLYb1n2sOq,0.0,0.0,7985.0,7170169.0
13-06-2020 23:45,z9Y9gH1T5YWrNuG,0.0,0.0,8363.0,7225230.0
25-05-2020 02:30,ZoEaEvLYb1n2sOq,0.0,0.0,0.0,7170169.0
03-06-2020 23:00,bvBOhCH3iADSZry,0.0,0.0,7237.0,6452724.0
01-06-2020 09:30,YxYtjZvoooNbGkE,6267.857143,614.0714286,1400.428571,7307139.429
09-06-2020 22:15,uHbuxQJl8lW7ozc,0.0,0.0,8309.0,7233863.0
17-06-2020 06:45,YxYtjZvoooNbGkE,462.5,44.95,0.0,7419557.0
12-06-2020 08:30,1BY6WEcLGh8j5v7,3008.0,295.2428571,263.7142857,6450501.714
18-05-2020 10:45,ZnxXDlPa8U1GXgE,5742.25,562.8125,862.125,6543600.125
31-05-2020 15:15,sjndEbLyjtCKgGv,2030.125,198.8625,5409.875,7141664.875
08-06-2020 08:00,wCURE6d3bPkepu2,4072.714286,400.0428571,347.7142857,6959874.714
12-06-2020 10:00,McdE0feGgRqW7Ca,5961.375,584.1125,1073.0,7368446.0
23-05-2020 22:45,ZnxXDlPa8U1GXgE,0.0,0.0,8589.0,6587728.0
17-05-2020 15:45,adLQvlD726eNBSB,4160.428571,408.5,7161.285714,6291604.286
17-06-2020 04:00,1BY6WEcLGh8j5v7,0.0,0.0,0.0,6479798.0
08-06-2020 13:30,WRmjgnKYAwPKWDb,8676.0,847.5142857,5455.714286,7210137.714
23-05-2020 20:15,zBIq5rxdHJRwDNY,0.0,0.0,8674.0,6404481.0
23-05-2020 20:30,bvBOhCH3iADSZry,0.0,0.0,7864.0,6376772.0
30-05-2020 20:30,3PZuoBAID5Wc2HD,0.0,0.0,7299.0,7109488.0
18-05-2020 20:15,YxYtjZvoooNbGkE,0.0,0.0,5369.0,7205598.0
16-06-2020 05:00,YxYtjZvoooNbGkE,0.0,0.0,0.0,7413335.0
14-06-2020 12:15,1IF53ai7Xc0U56Y,7192.875,704.35,3720.5,6410601.5
13-06-2020 01:45,1IF53ai7Xc0U56Y,0.0,0.0,0.0,6398227.0
26-05-2020 10:30,7JYdWkrLSPkdwr4,12040.71429,1174.385714,2518.142857,7686538.143
21-05-2020 18:00,3PZuoBAID5Wc2HD,282.75,27.3125,7804.5,7037298.5
08-06-2020 13:00,sjndEbLyjtCKgGv,9457.5,923.525,4987.375,7197541.375
17-06-2020 16:45,YxYtjZvoooNbGkE,1134.25,110.275,5722.375,7425278.375
31-05-2020 04:45,1BY6WEcLGh8j5v7,0.0,0.0,0.0,6372128.0
06-06-2020 23:45,1IF53ai7Xc0U56Y,0.0,0.0,5724.25,6355099.0
04-06-2020 02:45,bvBOhCH3iADSZry,0.0,0.0,0.0,6452724.0
24-05-2020 07:00,3PZuoBAID5Wc2HD,1942.5,190.425,86.75,7053354.75
07-06-2020 17:00,wCURE6d3bPkepu2,3283.857143,322.2857143,6202.0,6959296.0
13-06-2020 00:15,uHbuxQJl8lW7ozc,0.0,0.0,0.0,7252094.0
16-06-2020 00:30,1IF53ai7Xc0U56Y,0.0,0.0,0.0,6421214.0
03-06-2020 09:00,zBIq5rxdHJRwDNY,6370.142857,624.0285714,809.2857143,6477263.286
26-05-2020 14:30,pkci93gMrogZuBj,5738.375,562.375,6222.625,7256741.625
16-06-2020 08:15,z9Y9gH1T5YWrNuG,4753.375,466.45,468.75,7239652.75
09-06-2020 06:00,uHbuxQJl8lW7ozc,171.75,16.5875,0.875,7225554.875
20-05-2020 20:45,wCURE6d3bPkepu2,0.0,0.0,8895.0,6824244.0
06-06-2020 08:45,1IF53ai7Xc0U56Y,6217.142857,609.0857143,987.2857143,6349544.286
06-06-2020 14:00,adLQvlD726eNBSB,8882.571429,867.7428571,5375.571429,6443803.571
19-05-2020 14:00,WRmjgnKYAwPKWDb,8160.0,798.6,4758.714286,7059210.714
06-06-2020 16:00,ZoEaEvLYb1n2sOq,2638.5,258.8375,6102.5,7265177.5
16-06-2020 13:45,1IF53ai7Xc0U56Y,6151.875,602.625,4529.0,6425743.0
10-06-2020 02:00,wCURE6d3bPkepu2,0.0,0.0,0.0,6975980.0
21-05-2020 09:15,ih0vzX44oOqAx2f,8703.75,851.55,1167.375,6227108.375
24-05-2020 08:15,WRmjgnKYAwPKWDb,6082.428571,596.0142857,538.8571429,7093564.857
19-05-2020 21:30,adLQvlD726eNBSB,0.0,0.0,0.0,6304513.0
06-06-2020 08:00,WRmjgnKYAwPKWDb,5545.5,543.5,512.25,7190782.25
26-05-2020 09:45,iCRJl6heRkivqQ3,10201.14286,997.3428571,1729.857143,7261859.857
27-05-2020 05:30,ZnxXDlPa8U1GXgE,0.0,0.0,0.0,6612649.0
06-06-2020 03:00,uHbuxQJl8lW7ozc,0.0,0.0,0.0,7202373.0
10-06-2020 06:30,adLQvlD726eNBSB,991.7142857,96.35714286,26.28571429,6470303.286
13-06-2020 01:45,wCURE6d3bPkepu2,0.0,0.0,0.0,6993908.0
05-06-2020 19:30,zVJPv84UY57bAof,0.0,0.0,7817.0,7279090.0
11-06-2020 01:15,ZoEaEvLYb1n2sOq,0.0,0.0,0.0,7296071.0
26-05-2020 12:30,ZnxXDlPa8U1GXgE,8254.875,806.7625,4575.625,6609241.625
21-05-2020 22:30,ZoEaEvLYb1n2sOq,0.0,0.0,7617.0,7146685.0
07-06-2020 17:00,WRmjgnKYAwPKWDb,3297.125,323.4125,7855.25,7204466.25
06-06-2020 13:00,bvBOhCH3iADSZry,12267.85714,1196.542857,4010.714286,6471261.714
22-05-2020 15:45,sjndEbLyjtCKgGv,4638.142857,455.1714286,6668.428571,7072554.429
09-06-2020 16:00,adLQvlD726eNBSB,6413.0,628.2375,7566.375,6469570.375
02-06-2020 23:00,ih0vzX44oOqAx2f,0.0,0.0,0.0,6321311.0
14-06-2020 12:00,ZoEaEvLYb1n2sOq,7185.5,703.625,3404.375,7319167.375
02-06-2020 13:00,bvBOhCH3iADSZry,11663.57143,1138.328571,4042.428571,6442687.429
16-06-2020 03:15,wCURE6d3bPkepu2,0.0,0.0,0.0,7016444.0
31-05-2020 19:30,rGa61gmuvPhdLxV,0.0,0.0,5894.0,7236332.0
09-06-2020 07:15,ih0vzX44oOqAx2f,2614.571429,256.4285714,152.8571429,6367061.857
16-06-2020 18:45,McdE0feGgRqW7Ca,0.0,0.0,6365.0,7402595.0
30-05-2020 08:15,1BY6WEcLGh8j5v7,4076.857143,400.4428571,360.0,6365734.0
23-05-2020 14:00,1IF53ai7Xc0U56Y,10630.85714,1038.142857,6445.285714,6246979.286
02-06-2020 00:45,7JYdWkrLSPkdwr4,0.0,0.0,0.0,7733624.0
17-06-2020 05:30,uHbuxQJl8lW7ozc,0.0,0.0,0.0,7281035.0
01-06-2020 16:15,iCRJl6heRkivqQ3,1966.25,192.725,5563.75,7310130.75
09-06-2020 03:45,1IF53ai7Xc0U56Y,0.0,0.0,0.0,6371833.0
12-06-2020 03:15,7JYdWkrLSPkdwr4,0.0,0.0,0.0,7806664.0
18-05-2020 06:45,YxYtjZvoooNbGkE,1139.625,110.8,41.75,7200270.75
07-06-2020 10:45,zVJPv84UY57bAof,13080.71429,1275.371429,2141.857143,7287671.857
09-06-2020 15:30,pkci93gMrogZuBj,8679.571429,849.2571429,7116.285714,7361592.286
17-05-2020 14:45,1BY6WEcLGh8j5v7,9126.625,892.575,5698.375,6277303.375
28-05-2020 11:00,McdE0feGgRqW7Ca,9225.571429,900.5285714,2996.714286,7259385.714
29-05-2020 11:30,adLQvlD726eNBSB,9583.5,936.4125,3343.5,6382352.5
21-05-2020 13:45,zBIq5rxdHJRwDNY,11344.0,1107.1125,5650.0,6386512.0
14-06-2020 00:30,wCURE6d3bPkepu2,0.0,0.0,0.0,7002369.0
17-06-2020 15:15,iCRJl6heRkivqQ3,1587.0,155.2142857,5493.142857,7425799.143
27-05-2020 16:30,McdE0feGgRqW7Ca,5048.571429,494.9857143,6540.142857,7256100.143
12-06-2020 22:00,adLQvlD726eNBSB,0.0,0.0,5988.0,6488722.0
10-06-2020 06:45,1IF53ai7Xc0U56Y,1358.125,132.4125,54.0,6380076.0
11-06-2020 15:15,YxYtjZvoooNbGkE,6284.875,615.7875,4613.375,7384300.375
02-06-2020 06:15,McdE0feGgRqW7Ca,415.5,40.15,6.25,7292758.25
22-05-2020 06:45,zVJPv84UY57bAof,1171.125,113.85,54.25,7165177.25
03-06-2020 17:15,ZoEaEvLYb1n2sOq,2967.25,291.325,7630.0,7243357.0
26-05-2020 07:15,rGa61gmuvPhdLxV,2434.5,238.725,126.875,7192228.875
11-06-2020 14:30,WRmjgnKYAwPKWDb,11141.0,1087.757143,4119.285714,7231486.286
28-05-2020 13:00,wCURE6d3bPkepu2,12926.125,1260.325,5428.625,6884623.625
02-06-2020 09:15,zBIq5rxdHJRwDNY,8364.0,818.125,1170.5,6470203.5
28-05-2020 14:30,ih0vzX44oOqAx2f,7861.428571,769.3142857,6624.428571,6285479.429
17-05-2020 11:45,uHbuxQJl8lW7ozc,8649.571429,845.7142857,3640.571429,7054979.571
08-06-2020 10:30,1BY6WEcLGh8j5v7,10967.85714,1070.314286,2297.0,6426047.0
16-05-2020 09:15,7JYdWkrLSPkdwr4,5668.0,555.4857143,1033.857143,7610109.857
31-05-2020 05:15,1BY6WEcLGh8j5v7,0.0,0.0,0.0,6372128.0
10-06-2020 11:00,ZoEaEvLYb1n2sOq,4771.875,468.1125,2116.875,7291795.875
07-06-2020 19:00,bvBOhCH3iADSZry,0.0,0.0,5169.0,6478293.0
16-06-2020 20:00,VHMLBKoKgIrUVDU,0.0,0.0,6332.0,7450201.0
16-05-2020 14:00,rGa61gmuvPhdLxV,6230.714286,610.4142857,4611.857143,7122477.857
07-06-2020 00:30,z9Y9gH1T5YWrNuG,0.0,0.0,0.0,7177289.0
24-05-2020 16:15,wCURE6d3bPkepu2,3984.857143,390.6142857,7470.285714,6855300.286
30-05-2020 11:00,YxYtjZvoooNbGkE,6267.142857,613.9857143,1650.142857,7294153.143
19-05-2020 16:00,ZoEaEvLYb1n2sOq,6496.875,636.425,6229.125,7129756.125
24-05-2020 08:00,pkci93gMrogZuBj,4940.142857,484.4142857,377.1428571,7234052.143
16-06-2020 08:15,3PZuoBAID5Wc2HD,4671.375,458.475,490.375,7225532.375
28-05-2020 02:15,zVJPv84UY57bAof,0.0,0.0,0.0,7212082.0
07-06-2020 01:15,z9Y9gH1T5YWrNuG,0.0,0.0,0.0,7177289.0
15-06-2020 02:45,zVJPv84UY57bAof,0.0,0.0,0.0,7344280.0
31-05-2020 01:15,McdE0feGgRqW7Ca,0.0,0.0,0.0,7280565.0
24-05-2020 16:00,pkci93gMrogZuBj,4118.142857,403.8,7442.285714,7241117.286
17-06-2020 12:30,1IF53ai7Xc0U56Y,10214.375,998.05,3491.75,6431023.75
17-06-2020 10:15,pkci93gMrogZuBj,6713.125,657.5375,1426.75,7410904.75
16-05-2020 14:00,uHbuxQJl8lW7ozc,6783.142857,664.3428571,4635.714286,7049703.714
04-06-2020 05:00,ZoEaEvLYb1n2sOq,0.0,0.0,0.0,7243501.0
15-05-2020 02:15,7JYdWkrLSPkdwr4,0.0,0.0,0.0,7602960.0
16-05-2020 19:30,sjndEbLyjtCKgGv,0.0,0.0,6431.0,7029613.0
23-05-2020 12:45,McdE0feGgRqW7Ca,9047.5,885.075,4962.625,7220914.625
16-05-2020 08:30,ZnxXDlPa8U1GXgE,5857.428571,573.9714286,575.8571429,6529051.857
16-05-2020 10:30,WRmjgnKYAwPKWDb,10567.14286,1032.914286,1979.285714,7036794.286
15-06-2020 23:15,YxYtjZvoooNbGkE,0.0,0.0,6633.0,7413335.0
27-05-2020 00:00,ZoEaEvLYb1n2sOq,0.0,0.0,0.0,7186690.0
04-06-2020 14:15,wCURE6d3bPkepu2,8073.428571,789.1857143,5834.714286,6936610.714
01-06-2020 12:15,z9Y9gH1T5YWrNuG,7442.714286,728.1714286,3859.0,7137756.0
12-06-2020 20:15,uHbuxQJl8lW7ozc,0.0,0.0,5888.0,7252094.0
17-06-2020 21:45,ZoEaEvLYb1n2sOq,0.0,0.0,5871.0,7341753.0
28-05-2020 20:45,uHbuxQJl8lW7ozc,0.0,0.0,8374.0,7143632.0
02-06-2020 19:45,wCURE6d3bPkepu2,0.0,0.0,7525.0,6922869.0
15-05-2020 22:15,bvBOhCH3iADSZry,0.0,0.0,5707.0,6322510.0
04-06-2020 18:45,1BY6WEcLGh8j5v7,0.0,0.0,7571.0,6405380.0
06-06-2020 12:45,VHMLBKoKgIrUVDU,7388.75,722.5375,4181.75,7375735.75
31-05-2020 18:00,rGa61gmuvPhdLxV,685.8571429,66.45714286,5878.714286,7236316.714
05-06-2020 02:45,WRmjgnKYAwPKWDb,0.0,0.0,0.0,7182665.0
26-05-2020 05:45,3PZuoBAID5Wc2HD,0.0,0.0,0.0,7070636.0
01-06-2020 09:00,7JYdWkrLSPkdwr4,7068.375,692.1625,1127.0,7728948.0
11-06-2020 12:45,iCRJl6heRkivqQ3,5790.0,567.3375,2906.875,7382685.875
17-05-2020 07:45,7JYdWkrLSPkdwr4,4335.285714,425.5571429,249.1428571,7615786.143
17-06-2020 15:30,1IF53ai7Xc0U56Y,952.5714286,92.48571429,5579.0,6433111.0
31-05-2020 20:30,WRmjgnKYAwPKWDb,0.0,0.0,5837.0,7153866.0
19-05-2020 21:45,zBIq5rxdHJRwDNY,0.0,0.0,6924.0,6371971.0
15-06-2020 02:15,ZnxXDlPa8U1GXgE,0.0,0.0,0.0,6751747.0
16-06-2020 05:30,YxYtjZvoooNbGkE,0.0,0.0,0.0,7413335.0
17-06-2020 00:45,bvBOhCH3iADSZry,0.0,0.0,0.0,6533549.0
01-06-2020 09:30,uHbuxQJl8lW7ozc,6088.428571,596.5571429,1409.428571,7166762.429
22-05-2020 21:00,zBIq5rxdHJRwDNY,0.0,0.0,0.0,6395807.0
03-06-2020 04:00,sjndEbLyjtCKgGv,0.0,0.0,0.0,7155447.0
05-06-2020 01:15,zBIq5rxdHJRwDNY,0.0,0.0,0.0,6492579.0
25-05-2020 02:00,iCRJl6heRkivqQ3,0.0,0.0,0.0,7251261.0
10-06-2020 05:30,McdE0feGgRqW7Ca,0.0,0.0,0.0,7355017.0
13-06-2020 14:45,YxYtjZvoooNbGkE,10878.42857,1063.171429,6868.142857,7397927.143
14-06-2020 15:45,1BY6WEcLGh8j5v7,5337.285714,523.1714286,3470.142857,6467133.143
31-05-2020 11:00,McdE0feGgRqW7Ca,5413.875,530.55,2435.375,7283000.375
16-06-2020 20:45,uHbuxQJl8lW7ozc,0.0,0.0,6292.0,7281035.0
06-06-2020 15:45,ih0vzX44oOqAx2f,3208.5,315.175,5925.75,6350401.75
22-05-2020 01:00,uHbuxQJl8lW7ozc,0.0,0.0,0.0,7087976.0
14-06-2020 14:45,McdE0feGgRqW7Ca,6618.714286,648.3142857,6043.285714,7387966.286
12-06-2020 15:15,wCURE6d3bPkepu2,4967.0,487.025,5056.625,6993110.625
09-06-2020 11:45,McdE0feGgRqW7Ca,12892.14286,1257.4,3820.142857,7350602.143
27-05-2020 09:15,sjndEbLyjtCKgGv,8525.25,834.1125,1204.25,7107093.25
26-05-2020 18:15,3PZuoBAID5Wc2HD,153.0,14.8,8074.5,7078710.5
12-06-2020 00:00,uHbuxQJl8lW7ozc,0.0,0.0,0.0,7246206.0
25-05-2020 03:15,adLQvlD726eNBSB,0.0,0.0,0.0,6346131.0
10-06-2020 11:00,YxYtjZvoooNbGkE,4609.0,452.2375,2137.25,7375405.25
20-05-2020 21:30,sjndEbLyjtCKgGv,0.0,0.0,8777.0,7058061.0
17-05-2020 11:45,wCURE6d3bPkepu2,11546.57143,1126.614286,3739.0,6799209.0
23-05-2020 03:30,VHMLBKoKgIrUVDU,0.0,0.0,0.0,7263721.0
10-06-2020 14:00,1BY6WEcLGh8j5v7,6583.285714,644.7142857,4626.857143,6443696.857
17-05-2020 18:30,WRmjgnKYAwPKWDb,0.0,0.0,7674.0,7049104.0
13-06-2020 10:00,YxYtjZvoooNbGkE,7574.0,740.6875,1865.375,7392924.375
24-05-2020 22:45,3PZuoBAID5Wc2HD,0.0,0.0,8300.0,7061568.0
03-06-2020 05:15,iCRJl6heRkivqQ3,0.0,0.0,0.0,7317813.0
22-05-2020 00:30,uHbuxQJl8lW7ozc,0.0,0.0,0.0,7087976.0
22-05-2020 22:45,pkci93gMrogZuBj,0.0,0.0,0.0,7225200.0
29-05-2020 22:15,McdE0feGgRqW7Ca,0.0,0.0,0.0,7273213.0
06-06-2020 08:15,WRmjgnKYAwPKWDb,5625.142857,551.3285714,647.8571429,7190917.857
15-06-2020 06:45,1BY6WEcLGh8j5v7,1375.125,134.0875,48.875,6467723.875
07-06-2020 22:00,ZoEaEvLYb1n2sOq,0.0,0.0,8085.0,7273453.0
11-06-2020 16:15,VHMLBKoKgIrUVDU,4508.571429,442.5142857,5302.285714,7414597.286
26-05-2020 01:15,zBIq5rxdHJRwDNY,0.0,0.0,0.0,6420201.0
16-06-2020 17:15,zVJPv84UY57bAof,1749.428571,171.4857143,6152.571429,7357252.571
20-05-2020 08:45,bvBOhCH3iADSZry,6509.714286,637.6857143,802.8571429,6347709.857
14-06-2020 04:15,bvBOhCH3iADSZry,0.0,0.0,0.0,6517642.0
18-05-2020 04:30,McdE0feGgRqW7Ca,0.0,0.0,0.0,7179627.0
10-06-2020 23:30,ih0vzX44oOqAx2f,0.0,0.0,6277.0,6381032.0
17-05-2020 09:30,zVJPv84UY57bAof,8334.125,815.5625,1317.5,7129852.5
16-06-2020 06:45,zVJPv84UY57bAof,994.4285714,96.58571429,30.14285714,7351130.143
21-05-2020 12:00,pkci93gMrogZuBj,10327.71429,1008.214286,3798.571429,7213996.571
24-05-2020 23:30,rGa61gmuvPhdLxV,0.0,0.0,8002.0,7183295.0
07-06-2020 01:15,sjndEbLyjtCKgGv,0.0,0.0,0.0,7185656.0
16-05-2020 03:15,7JYdWkrLSPkdwr4,0.0,0.0,0.0,7609076.0
09-06-2020 03:45,uHbuxQJl8lW7ozc,0.0,0.0,0.0,7225554.0
16-06-2020 09:00,WRmjgnKYAwPKWDb,5982.142857,586.1428571,909.8571429,7262224.857
04-06-2020 23:30,z9Y9gH1T5YWrNuG,0.0,0.0,0.0,7163262.0
10-06-2020 18:45,zVJPv84UY57bAof,0.0,0.0,6560.0,7317016.0
18-05-2020 04:45,1BY6WEcLGh8j5v7,0.0,0.0,0.0,6278650.0
29-05-2020 07:30,zBIq5rxdHJRwDNY,2110.125,206.875,182.125,6442176.125
15-05-2020 22:00,3PZuoBAID5Wc2HD,0.0,0.0,0.0,6994033.0
17-06-2020 04:30,zVJPv84UY57bAof,0.0,0.0,0.0,7357362.0
26-05-2020 20:15,sjndEbLyjtCKgGv,0.0,0.0,0.0,7105889.0
25-05-2020 05:00,3PZuoBAID5Wc2HD,0.0,0.0,0.0,7061568.0
28-05-2020 16:45,adLQvlD726eNBSB,4158.428571,408.5285714,8375.428571,6378748.429
19-05-2020 23:15,ih0vzX44oOqAx2f,0.0,0.0,6790.0,6217277.0
14-06-2020 02:00,zBIq5rxdHJRwDNY,0.0,0.0,0.0,6557822.0
16-06-2020 16:00,adLQvlD726eNBSB,5095.375,499.6,5940.125,6517942.125
18-05-2020 08:00,7JYdWkrLSPkdwr4,1264.75,123.0375,306.125,7623369.125
24-05-2020 21:15,zBIq5rxdHJRwDNY,0.0,0.0,7277.0,6411758.0
28-05-2020 06:30,VHMLBKoKgIrUVDU,861.5714286,83.6,24.14285714,7304402.143
21-05-2020 09:30,VHMLBKoKgIrUVDU,10063.375,983.9625,1491.125,7250015.125
23-05-2020 22:15,ih0vzX44oOqAx2f,0.0,0.0,8395.0,6248938.0
19-05-2020 10:15,bvBOhCH3iADSZry,6982.428571,683.6428571,1368.428571,6341906.429
02-06-2020 15:45,adLQvlD726eNBSB,5968.857143,584.7857143,6748.285714,6413579.286
17-06-2020 22:45,pkci93gMrogZuBj,0.0,0.0,5952.0,7415430.0
11-06-2020 23:45,ih0vzX44oOqAx2f,0.0,0.0,5521.0,6386553.0
31-05-2020 12:30,VHMLBKoKgIrUVDU,7738.571429,756.4857143,3694.428571,7332023.429
28-05-2020 05:15,ZoEaEvLYb1n2sOq,0.0,0.0,0.0,7193291.0
18-05-2020 10:45,adLQvlD726eNBSB,5857.5,574.05,880.875,6293190.875
15-05-2020 21:15,rGa61gmuvPhdLxV,0.0,0.0,6373.0,7117866.0
22-05-2020 16:30,zVJPv84UY57bAof,2250.875,220.7,6985.5,7172108.5
13-06-2020 19:30,WRmjgnKYAwPKWDb,0.0,0.0,8399.0,7247179.0
12-06-2020 23:45,ZnxXDlPa8U1GXgE,0.0,0.0,5883.0,6735785.0
21-05-2020 17:30,ZnxXDlPa8U1GXgE,593.5714286,57.44285714,7794.714286,6571839.714
19-05-2020 15:30,zBIq5rxdHJRwDNY,6591.571429,645.6857143,6045.571429,6371092.571
04-06-2020 23:00,sjndEbLyjtCKgGv,0.0,0.0,0.0,7171518.0
19-05-2020 02:00,ZnxXDlPa8U1GXgE,0.0,0.0,0.0,6548162.0
13-06-2020 00:45,ZnxXDlPa8U1GXgE,0.0,0.0,0.0,6735785.0
25-05-2020 10:00,YxYtjZvoooNbGkE,10624.71429,1038.557143,1918.142857,7254569.143
08-06-2020 21:15,1BY6WEcLGh8j5v7,0.0,0.0,7864.0,6431614.0
08-06-2020 00:00,bvBOhCH3iADSZry,0.0,0.0,0.0,6478293.0
15-06-2020 05:30,ZoEaEvLYb1n2sOq,0.0,0.0,0.0,7323052.0
14-06-2020 23:15,bvBOhCH3iADSZry,0.0,0.0,3958.0,6521600.0
22-05-2020 04:30,z9Y9gH1T5YWrNuG,0.0,0.0,0.0,7057147.0
03-06-2020 04:30,bvBOhCH3iADSZry,0.0,0.0,0.0,6445487.0
31-05-2020 08:15,1BY6WEcLGh8j5v7,3402.375,334.2125,312.375,6372440.375
11-06-2020 23:30,3PZuoBAID5Wc2HD,0.0,0.0,5717.0,7196186.0
23-05-2020 01:00,ZoEaEvLYb1n2sOq,0.0,0.0,0.0,7153713.0
30-05-2020 06:15,sjndEbLyjtCKgGv,315.125,30.425,3.625,7129032.625
10-06-2020 21:00,McdE0feGgRqW7Ca,0.0,0.0,6606.0,7361623.0
17-05-2020 19:15,1BY6WEcLGh8j5v7,0.0,0.0,7045.0,6278650.0
26-05-2020 11:00,bvBOhCH3iADSZry,11895.125,1160.1,2815.125,6395151.125
31-05-2020 14:30,rGa61gmuvPhdLxV,2417.625,237.125,5138.5,7235576.5
23-05-2020 03:30,iCRJl6heRkivqQ3,0.0,0.0,0.0,7234593.0
02-06-2020 14:30,WRmjgnKYAwPKWDb,8317.75,813.4125,5719.875,7165419.875
16-05-2020 07:30,McdE0feGgRqW7Ca,2504.875,245.625,169.5,7165604.5
23-05-2020 21:00,1BY6WEcLGh8j5v7,0.0,0.0,7966.0,6320403.0
15-06-2020 09:45,adLQvlD726eNBSB,8821.125,862.675,1844.25,6506930.25
27-05-2020 22:45,1IF53ai7Xc0U56Y,0.0,0.0,6824.0,6281462.0
01-06-2020 11:00,ZoEaEvLYb1n2sOq,13059.85714,1273.328571,2809.714286,7225453.714
31-05-2020 11:30,bvBOhCH3iADSZry,12579.5,1226.4875,2639.0,6430320.0
11-06-2020 14:45,wCURE6d3bPkepu2,6005.428571,588.5,4316.571429,6986719.571
17-05-2020 22:00,7JYdWkrLSPkdwr4,0.0,0.0,7526.0,7623063.0
08-06-2020 11:15,adLQvlD726eNBSB,11218.0,1094.642857,3442.285714,6456826.286
29-05-2020 21:00,zBIq5rxdHJRwDNY,0.0,0.0,0.0,6449905.0
26-05-2020 05:15,zVJPv84UY57bAof,0.0,0.0,0.0,7197609.0
31-05-2020 09:00,1BY6WEcLGh8j5v7,5717.571429,560.3285714,686.8571429,6372814.857
18-05-2020 19:00,rGa61gmuvPhdLxV,0.0,0.0,5365.0,7136902.0
04-06-2020 09:00,ZnxXDlPa8U1GXgE,7724.0,755.9571429,946.7142857,6671830.714
12-06-2020 08:00,wCURE6d3bPkepu2,1818.25,178.0125,151.75,6988205.75
20-05-2020 09:00,zVJPv84UY57bAof,7908.571429,774.1285714,1032.571429,7149369.571
03-06-2020 16:30,YxYtjZvoooNbGkE,2602.75,255.2375,7374.25,7326303.25
25-05-2020 12:30,3PZuoBAID5Wc2HD,12819.5,1249.9125,5025.75,7066593.75
26-05-2020 22:45,zBIq5rxdHJRwDNY,0.0,0.0,0.0,6427702.0
09-06-2020 10:30,z9Y9gH1T5YWrNuG,12449.14286,1214.128571,1982.142857,7193406.143
09-06-2020 13:30,zBIq5rxdHJRwDNY,9273.625,905.9875,5458.25,6528727.25
17-06-2020 08:15,VHMLBKoKgIrUVDU,3922.75,385.4375,397.125,7450598.125
03-06-2020 16:00,VHMLBKoKgIrUVDU,5757.0,564.1142857,7305.0,7355049.0
20-05-2020 21:00,iCRJl6heRkivqQ3,0.0,0.0,8887.0,7219605.0
01-06-2020 09:30,z9Y9gH1T5YWrNuG,6027.375,590.5625,1372.875,7135269.875
19-05-2020 01:45,adLQvlD726eNBSB,0.0,0.0,0.0,6297816.0
28-05-2020 20:45,3PZuoBAID5Wc2HD,0.0,0.0,8528.0,7093979.0
11-06-2020 18:00,zBIq5rxdHJRwDNY,627.625,60.775,5632.0,6543535.0
27-05-2020 10:00,rGa61gmuvPhdLxV,6072.6,595.04,1760.0,7201629.0
28-05-2020 19:45,zVJPv84UY57bAof,0.0,0.0,8391.0,7220473.0
12-06-2020 02:00,ih0vzX44oOqAx2f,0.0,0.0,0.0,6386553.0
04-06-2020 05:00,adLQvlD726eNBSB,0.0,0.0,0.0,6422267.0
29-05-2020 17:15,7JYdWkrLSPkdwr4,2327.428571,228.2,7914.714286,7714742.714
15-06-2020 02:15,rGa61gmuvPhdLxV,0.0,0.0,0.0,7337972.0
21-05-2020 09:30,zBIq5rxdHJRwDNY,9872.125,965.35,1414.5,6382276.5
05-06-2020 17:30,z9Y9gH1T5YWrNuG,3745.625,368.125,7591.5,7170853.5
28-05-2020 02:30,sjndEbLyjtCKgGv,0.0,0.0,0.0,7112565.0
07-06-2020 14:00,ZoEaEvLYb1n2sOq,8678.0,848.55,5854.875,7271222.875
09-06-2020 22:15,ih0vzX44oOqAx2f,0.0,0.0,7846.0,6374755.0
15-06-2020 01:30,7JYdWkrLSPkdwr4,0.0,0.0,0.0,7828158.0
09-06-2020 01:00,7JYdWkrLSPkdwr4,0.0,0.0,0.0,7786793.0
12-06-2020 04:30,YxYtjZvoooNbGkE,0.0,0.0,0.0,7385279.0
10-06-2020 21:15,z9Y9gH1T5YWrNuG,0.0,0.0,6412.0,7205465.0
22-05-2020 09:15,ih0vzX44oOqAx2f,5108.142857,500.7428571,984.4285714,6234527.429
17-06-2020 14:15,3PZuoBAID5Wc2HD,6049.142857,592.7142857,4940.285714,7236313.286
24-05-2020 03:45,uHbuxQJl8lW7ozc,0.0,0.0,0.0,7103746.0
15-05-2020 11:45,wCURE6d3bPkepu2,8761.428571,855.9,2567.142857,6785165.143
16-05-2020 19:00,z9Y9gH1T5YWrNuG,0.0,0.0,6488.0,7020740.0
18-05-2020 03:30,ZoEaEvLYb1n2sOq,0.0,0.0,0.0,7118208.0
05-06-2020 02:30,zBIq5rxdHJRwDNY,0.0,0.0,0.0,6492579.0
17-05-2020 00:30,zVJPv84UY57bAof,0.0,0.0,0.0,7128535.0
26-05-2020 03:45,3PZuoBAID5Wc2HD,0.0,0.0,0.0,7070636.0
24-05-2020 03:30,1BY6WEcLGh8j5v7,0.0,0.0,0.0,6320403.0
01-06-2020 08:15,ZoEaEvLYb1n2sOq,5704.125,559.0875,626.0,7223270.0
05-06-2020 01:30,VHMLBKoKgIrUVDU,0.0,0.0,0.0,7363821.0
27-05-2020 22:30,z9Y9gH1T5YWrNuG,0.0,0.0,0.0,7103885.0
24-05-2020 09:30,7JYdWkrLSPkdwr4,8625.625,843.825,1362.75,7668582.75
01-06-2020 08:30,rGa61gmuvPhdLxV,5529.875,542.1625,771.875,7237103.875
19-05-2020 08:15,sjndEbLyjtCKgGv,2819.375,276.6125,370.875,7042775.875
29-05-2020 08:15,1BY6WEcLGh8j5v7,4160.571429,408.6428571,397.7142857,6358207.714
27-05-2020 16:45,VHMLBKoKgIrUVDU,2892.285714,283.8,6570.285714,7304185.286
19-05-2020 04:30,adLQvlD726eNBSB,0.0,0.0,0.0,6297816.0
31-05-2020 18:00,3PZuoBAID5Wc2HD,674.2857143,65.34285714,5801.714286,7115289.714
05-06-2020 19:15,rGa61gmuvPhdLxV,0.0,0.0,7741.0,7273090.0
17-06-2020 09:30,zVJPv84UY57bAof,7105.857143,695.8142857,969.5714286,7358331.571
24-05-2020 20:45,ZoEaEvLYb1n2sOq,0.0,0.0,7985.0,7170169.0
24-05-2020 13:15,sjndEbLyjtCKgGv,12059.14286,1175.757143,5126.142857,7086575.143
20-05-2020 07:15,wCURE6d3bPkepu2,2439.125,239.175,118.75,6815467.75
11-06-2020 17:45,VHMLBKoKgIrUVDU,993.1428571,96.47142857,5680.857143,7414975.857
28-05-2020 20:30,7JYdWkrLSPkdwr4,0.0,0.0,8278.0,7706828.0
05-06-2020 02:30,z9Y9gH1T5YWrNuG,0.0,0.0,0.0,7163262.0
17-06-2020 16:00,VHMLBKoKgIrUVDU,3239.857143,318.3,5639.857143,7455840.857
31-05-2020 04:15,sjndEbLyjtCKgGv,0.0,0.0,0.0,7136255.0
16-06-2020 08:45,3PZuoBAID5Wc2HD,6075.0,595.2375,774.375,7225816.375
07-06-2020 03:30,bvBOhCH3iADSZry,0.0,0.0,0.0,6473124.0
05-06-2020 17:00,7JYdWkrLSPkdwr4,4102.142857,402.7285714,7196.142857,7763817.143
17-05-2020 21:00,bvBOhCH3iADSZry,0.0,0.0,6928.0,6335576.0
08-06-2020 16:15,rGa61gmuvPhdLxV,3431.5,336.7,7716.0,7295389.0
25-05-2020 03:45,uHbuxQJl8lW7ozc,0.0,0.0,0.0,7111852.0
07-06-2020 22:45,iCRJl6heRkivqQ3,0.0,0.0,8277.0,7356511.0
07-06-2020 01:45,YxYtjZvoooNbGkE,0.0,0.0,0.0,7348812.0
11-06-2020 10:00,VHMLBKoKgIrUVDU,5214.142857,511.1285714,945.7142857,7410240.714
24-05-2020 08:45,McdE0feGgRqW7Ca,4980.625,488.475,826.625,7225462.625
09-06-2020 16:15,wCURE6d3bPkepu2,5691.285714,557.7714286,7439.428571,6975409.429
27-05-2020 05:30,pkci93gMrogZuBj,0.0,0.0,0.0,7258294.0
22-05-2020 09:15,ZnxXDlPa8U1GXgE,5327.714286,522.2285714,1019.857143,6572883.857
24-05-2020 00:15,ih0vzX44oOqAx2f,0.0,0.0,0.0,6248938.0
17-05-2020 08:00,zVJPv84UY57bAof,4855.571429,476.2,361.4285714,7128896.429
30-05-2020 17:30,wCURE6d3bPkepu2,1864.0,182.7,7205.428571,6903085.429
30-05-2020 00:45,WRmjgnKYAwPKWDb,0.0,0.0,0.0,7140899.0
03-06-2020 00:45,zVJPv84UY57bAof,0.0,0.0,0.0,7255217.0
06-06-2020 10:00,ZnxXDlPa8U1GXgE,9947.375,971.4875,1755.25,6688454.25
08-06-2020 10:00,7JYdWkrLSPkdwr4,12046.75,1174.875,1882.625,7780392.625
07-06-2020 17:00,uHbuxQJl8lW7ozc,3510.142857,344.8142857,8053.428571,7216908.429
10-06-2020 18:45,WRmjgnKYAwPKWDb,0.0,0.0,6389.0,7227367.0
17-05-2020 08:30,uHbuxQJl8lW7ozc,5774.285714,565.8714286,608.2857143,7051947.286
17-05-2020 04:00,McdE0feGgRqW7Ca,0.0,0.0,0.0,7172021.0
13-06-2020 11:45,3PZuoBAID5Wc2HD,11505.71429,1122.842857,4026.428571,7206112.429
31-05-2020 13:30,7JYdWkrLSPkdwr4,5272.0,515.9375,4362.75,7726340.75
10-06-2020 03:00,zVJPv84UY57bAof,0.0,0.0,0.0,7310456.0
02-06-2020 19:00,1BY6WEcLGh8j5v7,0.0,0.0,7029.0,6390468.0
14-06-2020 15:15,ZoEaEvLYb1n2sOq,9886.75,965.6875,6362.5,7322125.5
24-05-2020 16:15,rGa61gmuvPhdLxV,3143.5,308.5875,7503.875,7182796.875
20-05-2020 10:45,McdE0feGgRqW7Ca,11256.71429,1099.271429,2750.714286,7194848.714
26-05-2020 18:15,iCRJl6heRkivqQ3,0.0,0.0,7866.0,7267996.0
07-06-2020 02:45,uHbuxQJl8lW7ozc,0.0,0.0,0.0,7208855.0
31-05-2020 19:15,pkci93gMrogZuBj,0.0,0.0,5915.0,7294791.0
16-06-2020 23:00,1IF53ai7Xc0U56Y,0.0,0.0,6318.0,6427532.0
06-06-2020 19:30,bvBOhCH3iADSZry,0.0,0.0,5873.0,6473124.0
23-05-2020 13:45,1BY6WEcLGh8j5v7,12066.85714,1176.528571,5567.857143,6318004.857
17-06-2020 07:30,z9Y9gH1T5YWrNuG,3185.571429,313.0142857,119.0,7245504.0
21-05-2020 13:00,iCRJl6heRkivqQ3,10816.0,1055.8,4907.285714,7224512.286
20-05-2020 00:00,7JYdWkrLSPkdwr4,0.0,0.0,1709.0,7635208.0
31-05-2020 21:00,7JYdWkrLSPkdwr4,0.0,0.0,5843.0,7727821.0
08-06-2020 05:00,adLQvlD726eNBSB,0.0,0.0,0.0,6453384.0
19-05-2020 06:45,uHbuxQJl8lW7ozc,674.8571429,65.52857143,11.0,7064212.0
23-05-2020 21:30,7JYdWkrLSPkdwr4,0.0,0.0,8450.0,7667220.0
25-05-2020 10:45,1IF53ai7Xc0U56Y,12007.5,1170.7375,2875.625,6260355.625
16-06-2020 04:15,zBIq5rxdHJRwDNY,0.0,0.0,0.0,6571833.0
14-06-2020 20:45,7JYdWkrLSPkdwr4,0.0,0.0,7306.0,7828158.0
15-06-2020 15:30,uHbuxQJl8lW7ozc,5846.25,572.8,6164.25,7274001.25
10-06-2020 04:00,zVJPv84UY57bAof,0.0,0.0,0.0,7310456.0
15-05-2020 06:15,ih0vzX44oOqAx2f,300.0,28.95714286,3.142857143,6185187.667
03-06-2020 04:00,pkci93gMrogZuBj,0.0,0.0,0.0,7307650.0
27-05-2020 00:15,zVJPv84UY57bAof,0.0,0.0,0.0,7205383.0
17-05-2020 17:15,zBIq5rxdHJRwDNY,1697.428571,166.3428571,7420.0,6359570.0
26-05-2020 13:15,WRmjgnKYAwPKWDb,9619.714286,939.1285714,5247.285714,7115243.286
04-06-2020 03:15,rGa61gmuvPhdLxV,0.0,0.0,0.0,7257137.0
11-06-2020 06:15,adLQvlD726eNBSB,172.2857143,16.62857143,2.0,6476946.0
31-05-2020 04:00,VHMLBKoKgIrUVDU,0.0,0.0,0.0,7328329.0
11-06-2020 00:45,McdE0feGgRqW7Ca,0.0,0.0,0.0,7361623.0
03-06-2020 01:30,ZoEaEvLYb1n2sOq,0.0,0.0,0.0,7235727.0
02-06-2020 11:00,uHbuxQJl8lW7ozc,9293.5,908.7125,2739.125,7173681.125
29-05-2020 11:30,wCURE6d3bPkepu2,7886.875,771.5125,3227.75,6890936.75
03-06-2020 15:00,1IF53ai7Xc0U56Y,11352.71429,1108.085714,6468.714286,6331252.714
01-06-2020 03:15,zVJPv84UY57bAof,0.0,0.0,0.0,7242024.0
12-06-2020 12:45,uHbuxQJl8lW7ozc,8174.142857,800.0428571,3224.285714,7249430.286
17-06-2020 00:00,1IF53ai7Xc0U56Y,0.0,0.0,0.0,6427532.0
29-05-2020 16:15,sjndEbLyjtCKgGv,6464.857143,633.3142857,7647.428571,7128550.429
09-06-2020 17:45,iCRJl6heRkivqQ3,1443.428571,140.8428571,8215.857143,7373170.857
18-05-2020 04:45,sjndEbLyjtCKgGv,0.0,0.0,0.0,7037054.0
11-06-2020 02:45,z9Y9gH1T5YWrNuG,0.0,0.0,0.0,7205465.0
20-05-2020 00:45,7JYdWkrLSPkdwr4,0.0,0.0,0.0,7635208.0
14-06-2020 15:00,ZoEaEvLYb1n2sOq,8571.142857,838.2428571,6113.857143,7321876.857
27-05-2020 00:00,sjndEbLyjtCKgGv,0.0,0.0,0.0,7105889.0
16-05-2020 17:45,adLQvlD726eNBSB,777.5,75.4125,6683.0,6284421.0
18-05-2020 07:30,3PZuoBAID5Wc2HD,3508.75,344.6875,212.375,7008695.375
12-06-2020 21:30,z9Y9gH1T5YWrNuG,0.0,0.0,5803.0,7216867.0
21-05-2020 12:30,bvBOhCH3iADSZry,6214.857143,608.8857143,4037.428571,6359075.429
04-06-2020 17:00,7JYdWkrLSPkdwr4,3909.857143,384.1857143,7713.571429,7756335.571
05-06-2020 02:00,zBIq5rxdHJRwDNY,0.0,0.0,0.0,6492579.0
17-06-2020 11:00,1BY6WEcLGh8j5v7,6260.571429,613.0857143,1787.857143,6481585.857
16-06-2020 09:45,adLQvlD726eNBSB,9107.714286,890.9,1475.714286,6513477.714
01-06-2020 14:45,1BY6WEcLGh8j5v7,2753.5,270.2625,5030.75,6382961.75
24-05-2020 08:00,7JYdWkrLSPkdwr4,4748.571429,465.5285714,410.7142857,7667630.714
17-06-2020 07:15,pkci93gMrogZuBj,2108.428571,206.8285714,57.85714286,7409535.857
02-06-2020 14:30,McdE0feGgRqW7Ca,8948.714286,874.6285714,5938.142857,7298690.143
29-05-2020 23:45,VHMLBKoKgIrUVDU,0.0,0.0,8172.0,7321059.0
03-06-2020 13:15,iCRJl6heRkivqQ3,10422.5,1018.15,4613.75,7322426.75
04-06-2020 10:45,rGa61gmuvPhdLxV,13270.14286,1293.842857,2306.857143,7259443.857
24-05-2020 15:15,7JYdWkrLSPkdwr4,6725.625,658.5625,7117.375,7674337.375
20-05-2020 02:30,ZoEaEvLYb1n2sOq,0.0,0.0,0.0,7130332.0
15-06-2020 11:00,adLQvlD726eNBSB,12283.0,1198.2875,3082.25,6508168.25
22-05-2020 18:15,zVJPv84UY57bAof,107.8571429,10.4,7170.428571,7172293.429
20-05-2020 07:45,ZnxXDlPa8U1GXgE,4365.875,428.5875,281.5,6555417.5
15-06-2020 23:45,McdE0feGgRqW7Ca,0.0,0.0,6872.0,7396230.0
01-06-2020 06:30,zBIq5rxdHJRwDNY,976.375,94.825,23.125,6463262.125
16-06-2020 14:30,WRmjgnKYAwPKWDb,9260.285714,904.6571429,4953.571429,7266268.571
23-05-2020 22:30,zVJPv84UY57bAof,0.0,0.0,8544.0,7180838.0
19-05-2020 12:45,rGa61gmuvPhdLxV,11380.5,1110.95,3726.75,7140628.75
22-05-2020 16:30,VHMLBKoKgIrUVDU,2272.428571,222.8142857,7169.857143,7263530.857
12-06-2020 08:45,pkci93gMrogZuBj,4149.5,407.5625,371.75,7375327.75
24-05-2020 06:30,7JYdWkrLSPkdwr4,774.7142857,75.14285714,21.57142857,7667241.571
02-06-2020 14:00,1IF53ai7Xc0U56Y,6817.625,667.7375,5449.625,6322893.625
13-06-2020 22:00,uHbuxQJl8lW7ozc,0.0,0.0,8437.0,7260531.0
15-05-2020 14:45,1BY6WEcLGh8j5v7,6742.25,659.875,4528.5,6264087.5
25-05-2020 21:00,adLQvlD726eNBSB,0.0,0.0,9163.0,6355294.0
21-05-2020 11:15,ZnxXDlPa8U1GXgE,13596.28571,1325.614286,3070.0,6567115.0
14-06-2020 23:30,ih0vzX44oOqAx2f,0.0,0.0,7165.0,6407683.0
12-06-2020 07:00,WRmjgnKYAwPKWDb,913.125,88.6875,41.125,7233027.125
14-06-2020 14:45,adLQvlD726eNBSB,6492.875,636.025,6220.875,6503716.875
14-06-2020 23:45,1IF53ai7Xc0U56Y,0.0,0.0,7487.0,6414368.0
21-05-2020 18:15,VHMLBKoKgIrUVDU,0.0,0.0,7837.0,7256361.0
03-06-2020 14:45,zBIq5rxdHJRwDNY,9913.142857,968.6571429,6138.714286,6482592.714
31-05-2020 17:45,1IF53ai7Xc0U56Y,1062.875,103.325,5852.25,6311395.25
30-05-2020 01:15,1IF53ai7Xc0U56Y,0.0,0.0,0.0,6298211.0
23-05-2020 08:45,pkci93gMrogZuBj,7537.428571,737.9857143,812.8571429,7226012.857
13-06-2020 08:00,z9Y9gH1T5YWrNuG,5110.428571,501.0,399.8571429,7217266.857
20-05-2020 04:00,WRmjgnKYAwPKWDb,0.0,0.0,0.0,7060932.0
11-06-2020 02:15,rGa61gmuvPhdLxV,0.0,0.0,0.0,7310769.0
03-06-2020 03:15,zBIq5rxdHJRwDNY,0.0,0.0,0.0,6476454.0
12-06-2020 20:30,1BY6WEcLGh8j5v7,0.0,0.0,5441.0,6455679.0
20-05-2020 04:00,1BY6WEcLGh8j5v7,0.0,0.0,0.0,6290097.0
05-06-2020 06:15,z9Y9gH1T5YWrNuG,303.25,29.2875,4.75,7163266.75
06-06-2020 12:15,7JYdWkrLSPkdwr4,7898.875,771.8625,3705.25,7767845.25
10-06-2020 09:45,3PZuoBAID5Wc2HD,5948.0,582.825,1504.875,7185423.875
05-06-2020 23:45,zBIq5rxdHJRwDNY,0.0,0.0,7723.0,6500302.0
11-06-2020 19:45,7JYdWkrLSPkdwr4,0.0,0.0,5573.0,7806664.0
14-06-2020 17:15,iCRJl6heRkivqQ3,1687.571429,165.3285714,7290.714286,7407145.714
09-06-2020 15:15,z9Y9gH1T5YWrNuG,8089.285714,791.7428571,6345.0,7197769.0
23-05-2020 02:00,uHbuxQJl8lW7ozc,0.0,0.0,0.0,7095253.0
27-05-2020 09:15,pkci93gMrogZuBj,8905.5,871.2375,1198.125,7259492.125
08-06-2020 17:15,McdE0feGgRqW7Ca,2337.625,229.0375,8434.625,7346636.625
16-06-2020 22:30,McdE0feGgRqW7Ca,0.0,0.0,6365.0,7402595.0
10-06-2020 02:45,bvBOhCH3iADSZry,0.0,0.0,0.0,6493347.0
17-05-2020 16:45,ZoEaEvLYb1n2sOq,3618.625,355.425,7267.5,7118011.5
11-06-2020 21:00,3PZuoBAID5Wc2HD,0.0,0.0,5717.0,7196186.0
08-06-2020 07:00,ih0vzX44oOqAx2f,1546.375,151.0125,77.5,6358769.5
15-06-2020 19:45,bvBOhCH3iADSZry,0.0,0.0,6192.0,6527792.0
16-05-2020 06:30,pkci93gMrogZuBj,692.0,67.05714286,16.57142857,7175493.571
22-05-2020 16:45,7JYdWkrLSPkdwr4,1933.625,189.5375,7000.0,7658635.0
13-06-2020 01:15,VHMLBKoKgIrUVDU,0.0,0.0,0.0,7420914.0
30-05-2020 22:30,McdE0feGgRqW7Ca,0.0,0.0,7352.0,7280565.0
16-05-2020 17:30,wCURE6d3bPkepu2,1180.25,114.775,6498.75,6795425.75
16-06-2020 02:15,uHbuxQJl8lW7ozc,0.0,0.0,0.0,7274743.0
12-06-2020 03:45,3PZuoBAID5Wc2HD,0.0,0.0,0.0,7196186.0
28-05-2020 04:30,pkci93gMrogZuBj,0.0,0.0,0.0,7264985.0
17-06-2020 10:00,zVJPv84UY57bAof,6358.142857,622.8714286,1272.0,7358634.0
05-06-2020 07:45,WRmjgnKYAwPKWDb,2467.857143,241.9857143,226.7142857,7182891.714
07-06-2020 07:45,3PZuoBAID5Wc2HD,2508.285714,245.9714286,237.4285714,7159219.429
15-06-2020 06:15,z9Y9gH1T5YWrNuG,463.375,44.825,6.75,7232474.75
14-06-2020 20:00,WRmjgnKYAwPKWDb,0.0,0.0,7405.0,7254584.0
15-05-2020 00:15,zVJPv84UY57bAof,0.0,0.0,0.0,7116151.0
09-06-2020 15:15,1BY6WEcLGh8j5v7,7637.0,747.6428571,6272.142857,6437886.143
31-05-2020 20:30,ZoEaEvLYb1n2sOq,0.0,0.0,5796.0,7222644.0
24-05-2020 18:00,uHbuxQJl8lW7ozc,629.5714286,60.95714286,8086.285714,7111832.286
25-05-2020 00:15,ZnxXDlPa8U1GXgE,0.0,0.0,0.0,6595756.0
30-05-2020 04:45,3PZuoBAID5Wc2HD,0.0,0.0,0.0,7102189.0
27-05-2020 11:45,sjndEbLyjtCKgGv,11029.71429,1076.185714,3345.857143,7109234.857
11-06-2020 11:45,3PZuoBAID5Wc2HD,8476.857143,829.5285714,2107.0,7192576.0
11-06-2020 00:15,bvBOhCH3iADSZry,0.0,0.0,0.0,6499210.0
16-05-2020 06:30,WRmjgnKYAwPKWDb,720.875,69.875,15.75,7034830.75
31-05-2020 06:45,adLQvlD726eNBSB,1076.428571,104.6,48.0,6394819.0
15-06-2020 02:45,WRmjgnKYAwPKWDb,0.0,0.0,0.0,7254584.0
08-06-2020 11:30,adLQvlD726eNBSB,10991.0,1072.3875,3719.0,6457103.0
03-06-2020 17:15,1IF53ai7Xc0U56Y,2745.25,269.5,7747.0,6332531.0
11-06-2020 12:30,1BY6WEcLGh8j5v7,7434.857143,727.9428571,2538.714286,6447519.714
05-06-2020 05:45,3PZuoBAID5Wc2HD,0.0,0.0,0.0,7144703.0
16-06-2020 02:30,uHbuxQJl8lW7ozc,0.0,0.0,0.0,7274743.0
23-05-2020 09:30,1IF53ai7Xc0U56Y,9079.75,888.175,1527.375,6242061.375
23-05-2020 00:15,ZnxXDlPa8U1GXgE,0.0,0.0,0.0,6579139.0
06-06-2020 20:45,uHbuxQJl8lW7ozc,0.0,0.0,0.0,7208855.0
14-06-2020 16:15,McdE0feGgRqW7Ca,4331.857143,425.3,7115.142857,7389038.143
02-06-2020 15:15,adLQvlD726eNBSB,5436.857143,532.9142857,6461.857143,6413292.857
11-06-2020 21:45,adLQvlD726eNBSB,0.0,0.0,5790.0,6482734.0
06-06-2020 03:15,1IF53ai7Xc0U56Y,0.0,0.0,0.0,6348557.0
16-05-2020 23:15,iCRJl6heRkivqQ3,0.0,0.0,6438.0,7190848.0
11-06-2020 15:45,7JYdWkrLSPkdwr4,6119.285714,599.5142857,4923.142857,7806014.143
27-05-2020 22:45,rGa61gmuvPhdLxV,0.0,0.0,0.0,7206549.0
28-05-2020 14:15,WRmjgnKYAwPKWDb,4649.428571,456.2571429,6560.857143,7131098.857
17-05-2020 23:15,zVJPv84UY57bAof,0.0,0.0,7480.0,7136015.0
30-05-2020 04:30,ZnxXDlPa8U1GXgE,0.0,0.0,0.0,6636066.0
20-05-2020 13:15,3PZuoBAID5Wc2HD,12424.2,1211.38,5837.6,7026349.6
26-05-2020 07:30,ZnxXDlPa8U1GXgE,3370.714286,331.2857143,193.0,6604859.0
26-05-2020 18:15,adLQvlD726eNBSB,164.5,15.9,8222.0,6363516.0
26-05-2020 21:45,ZnxXDlPa8U1GXgE,0.0,0.0,0.0,6612649.0
27-05-2020 10:15,zBIq5rxdHJRwDNY,5369.285714,526.2428571,1857.0,6429559.0
11-06-2020 17:45,pkci93gMrogZuBj,1003.714286,97.54285714,5625.428571,7374919.429
16-05-2020 08:00,adLQvlD726eNBSB,4440.142857,436.0,348.1428571,6278086.143
01-06-2020 12:00,iCRJl6heRkivqQ3,5567.625,545.65,3572.25,7308139.25
24-05-2020 13:00,uHbuxQJl8lW7ozc,12129.375,1182.9375,4819.25,7108565.25
14-06-2020 01:30,iCRJl6heRkivqQ3,0.0,0.0,0.0,7399855.0
16-06-2020 18:00,YxYtjZvoooNbGkE,694.875,67.35,6202.625,7419537.625
08-06-2020 04:30,wCURE6d3bPkepu2,0.0,0.0,0.0,6959527.0
03-06-2020 06:30,ih0vzX44oOqAx2f,602.7142857,58.34285714,15.42857143,6321326.429
14-06-2020 13:00,rGa61gmuvPhdLxV,8760.714286,857.1428571,4118.428571,7334788.429
10-06-2020 04:15,7JYdWkrLSPkdwr4,0.0,0.0,0.0,7794729.0
17-05-2020 04:15,YxYtjZvoooNbGkE,0.0,0.0,0.0,7192732.0
18-05-2020 16:45,adLQvlD726eNBSB,2916.714286,286.2,5309.857143,6297619.857
15-05-2020 15:15,McdE0feGgRqW7Ca,5285.285714,518.0857143,5483.0,7164447.0
01-06-2020 11:30,uHbuxQJl8lW7ozc,8479.428571,828.7,3097.142857,7168450.143
24-05-2020 14:45,WRmjgnKYAwPKWDb,8671.428571,848.1285714,6775.142857,7099801.143
26-05-2020 21:00,WRmjgnKYAwPKWDb,0.0,0.0,0.0,7117880.0
28-05-2020 02:15,adLQvlD726eNBSB,0.0,0.0,0.0,6370373.0
11-06-2020 23:15,adLQvlD726eNBSB,0.0,0.0,5790.0,6482734.0
15-06-2020 00:15,zBIq5rxdHJRwDNY,0.0,0.0,0.0,6565137.0
15-05-2020 15:00,3PZuoBAID5Wc2HD,5306.0,520.2,5119.5,6992878.5
25-05-2020 08:15,7JYdWkrLSPkdwr4,6099.0,597.575,485.0,7675726.0
01-06-2020 18:15,1BY6WEcLGh8j5v7,240.7142857,23.25714286,5505.142857,6383436.143
05-06-2020 17:00,3PZuoBAID5Wc2HD,4363.857143,428.5428571,7461.857143,7152164.857
27-05-2020 20:45,7JYdWkrLSPkdwr4,0.0,0.0,6638.0,7698550.0
09-06-2020 20:30,bvBOhCH3iADSZry,0.0,0.0,7361.0,6493347.0
18-05-2020 13:00,1BY6WEcLGh8j5v7,7234.0,708.325,2270.375,6280920.375
13-06-2020 18:00,VHMLBKoKgIrUVDU,591.4285714,57.24285714,8636.857143,7429550.857
12-06-2020 17:15,z9Y9gH1T5YWrNuG,1794.714286,175.8714286,5660.0,7216724.0
27-05-2020 02:30,WRmjgnKYAwPKWDb,0.0,0.0,0.0,7117880.0
07-06-2020 01:30,zVJPv84UY57bAof,0.0,0.0,0.0,7285530.0
16-05-2020 23:15,pkci93gMrogZuBj,0.0,0.0,6173.0,7181650.0
14-06-2020 08:45,ih0vzX44oOqAx2f,5102.285714,500.3,713.7142857,6401231.714
08-06-2020 23:00,ih0vzX44oOqAx2f,0.0,0.0,8217.0,6366909.0
14-06-2020 06:00,uHbuxQJl8lW7ozc,40.0,3.871428571,0.285714286,7260531.286
09-06-2020 16:30,z9Y9gH1T5YWrNuG,5196.857143,509.4285714,7189.857143,7198613.857
07-06-2020 00:45,7JYdWkrLSPkdwr4,0.0,0.0,0.0,7770457.0
15-05-2020 01:30,zVJPv84UY57bAof,0.0,0.0,0.0,7116151.0
27-05-2020 20:00,ih0vzX44oOqAx2f,0.0,0.0,6564.0,6278855.0
02-06-2020 11:45,sjndEbLyjtCKgGv,6209.142857,608.3285714,3252.571429,7151260.571
29-05-2020 22:45,1BY6WEcLGh8j5v7,0.0,0.0,7564.0,6365374.0
31-05-2020 19:45,pkci93gMrogZuBj,0.0,0.0,5915.0,7294791.0
27-05-2020 19:45,YxYtjZvoooNbGkE,0.0,0.0,0.0,7276029.0
03-06-2020 03:15,ZoEaEvLYb1n2sOq,0.0,0.0,0.0,7235727.0
06-06-2020 06:00,bvBOhCH3iADSZry,134.2857143,12.95714286,0.714285714,6467251.714
23-05-2020 17:15,zVJPv84UY57bAof,2921.571429,286.7285714,8371.714286,7180665.714
16-06-2020 14:15,zBIq5rxdHJRwDNY,4099.142857,402.6142857,4255.857143,6576088.857
15-06-2020 02:30,bvBOhCH3iADSZry,0.0,0.0,0.0,6521600.0
09-06-2020 18:30,bvBOhCH3iADSZry,82.42857143,7.942857143,7360.0,6493346.0
16-06-2020 06:45,adLQvlD726eNBSB,1043.857143,101.4428571,34.85714286,6512036.857
08-06-2020 18:45,wCURE6d3bPkepu2,0.0,0.0,8443.0,6967970.0
04-06-2020 20:45,ZoEaEvLYb1n2sOq,0.0,0.0,0.0,7251540.0
01-06-2020 17:15,YxYtjZvoooNbGkE,988.2857143,96.01428571,5711.0,7311450.0
21-05-2020 12:00,iCRJl6heRkivqQ3,10861.0,1060.528571,3870.714286,7223475.714
28-05-2020 10:30,pkci93gMrogZuBj,8602.857143,840.4428571,2422.0,7267407.0
13-06-2020 11:45,uHbuxQJl8lW7ozc,13295.375,1296.2875,3796.25,7255890.25
05-06-2020 09:30,7JYdWkrLSPkdwr4,9656.0,943.6428571,1292.714286,7757913.714
15-06-2020 16:45,1IF53ai7Xc0U56Y,3999.25,392.9625,6579.875,6420947.875
23-05-2020 19:00,zVJPv84UY57bAof,0.0,0.0,8544.0,7180838.0
18-05-2020 12:15,1IF53ai7Xc0U56Y,8893.5,870.0625,1881.375,6206234.375
05-06-2020 02:30,YxYtjZvoooNbGkE,0.0,0.0,0.0,7334886.0
31-05-2020 22:00,adLQvlD726eNBSB,0.0,0.0,5933.0,6400704.0
22-05-2020 13:15,ih0vzX44oOqAx2f,11148.125,1088.05,4505.0,6238048.0
07-06-2020 19:45,ZnxXDlPa8U1GXgE,0.0,0.0,8209.0,6701263.0
16-06-2020 10:00,zBIq5rxdHJRwDNY,11644.28571,1136.414286,1635.857143,6573468.857
23-05-2020 12:45,iCRJl6heRkivqQ3,9029.75,883.375,4952.25,7239545.25
09-06-2020 11:00,1IF53ai7Xc0U56Y,11558.0,1127.628571,3060.714286,6374893.714
25-05-2020 17:30,rGa61gmuvPhdLxV,686.4285714,66.51428571,8771.428571,7192066.429
31-05-2020 23:45,rGa61gmuvPhdLxV,0.0,0.0,5894.0,7236332.0
01-06-2020 00:15,1BY6WEcLGh8j5v7,0.0,0.0,0.0,6377931.0
03-06-2020 20:00,YxYtjZvoooNbGkE,0.0,0.0,7827.0,7326756.0
15-06-2020 19:00,pkci93gMrogZuBj,0.0,0.0,6795.0,7403217.0
03-06-2020 10:15,rGa61gmuvPhdLxV,6084.875,596.1625,1530.375,7250860.375
30-05-2020 18:15,zBIq5rxdHJRwDNY,274.8571429,26.55714286,7392.714286,6457297.714
08-06-2020 19:00,YxYtjZvoooNbGkE,0.0,0.0,8343.0,7365310.0
08-06-2020 18:00,zVJPv84UY57bAof,841.1428571,81.61428571,8353.285714,7302143.286
11-06-2020 19:45,bvBOhCH3iADSZry,0.0,0.0,5197.0,6504407.0
01-06-2020 21:30,adLQvlD726eNBSB,0.0,0.0,6127.0,6406831.0
19-05-2020 15:30,adLQvlD726eNBSB,6836.857143,669.6142857,6195.142857,6304011.143
10-06-2020 18:00,WRmjgnKYAwPKWDb,558.5714286,54.07142857,6380.142857,7227358.143
14-06-2020 09:45,McdE0feGgRqW7Ca,8413.875,823.375,1463.0,7383386.0
28-05-2020 17:30,YxYtjZvoooNbGkE,1132.571429,110.1428571,8326.571429,7284355.571
15-06-2020 17:30,WRmjgnKYAwPKWDb,1464.625,142.8375,6664.0,7261248.0
09-06-2020 11:30,ZnxXDlPa8U1GXgE,8777.0,858.2285714,3409.0,6713107.0
17-06-2020 23:30,zVJPv84UY57bAof,0.0,0.0,5910.0,7363272.0
20-05-2020 19:00,ih0vzX44oOqAx2f,0.0,0.0,8664.0,6225941.0
04-06-2020 13:15,7JYdWkrLSPkdwr4,13412.14286,1307.671429,4839.714286,7753461.714
06-06-2020 14:15,McdE0feGgRqW7Ca,12369.71429,1206.814286,5516.428571,7330197.429
08-06-2020 13:00,ih0vzX44oOqAx2f,9358.0,914.2625,4914.5,6363606.5
31-05-2020 20:00,bvBOhCH3iADSZry,0.0,0.0,5586.0,6433267.0
31-05-2020 12:30,1BY6WEcLGh8j5v7,6080.625,595.7375,3781.75,6375909.75
18-05-2020 00:45,WRmjgnKYAwPKWDb,0.0,0.0,0.0,7049104.0
19-05-2020 16:15,McdE0feGgRqW7Ca,5537.857143,542.8142857,6571.142857,7191662.143
29-05-2020 07:30,1BY6WEcLGh8j5v7,2100.75,205.975,180.25,6357990.25
12-06-2020 16:00,ih0vzX44oOqAx2f,2832.857143,278.0571429,5270.142857,6391823.143
01-06-2020 05:45,ZoEaEvLYb1n2sOq,0.0,0.0,0.0,7222644.0
25-05-2020 11:45,McdE0feGgRqW7Ca,12837.28571,1251.614286,3985.714286,7236676.714
08-06-2020 00:15,bvBOhCH3iADSZry,0.0,0.0,0.0,6478293.0
01-06-2020 13:15,1IF53ai7Xc0U56Y,9464.75,924.6625,4653.75,6316085.75
02-06-2020 04:15,7JYdWkrLSPkdwr4,0.0,0.0,0.0,7733624.0
27-05-2020 20:00,1IF53ai7Xc0U56Y,0.0,0.0,6824.0,6281462.0
25-05-2020 07:00,uHbuxQJl8lW7ozc,1670.0,163.4142857,71.0,7111923.0
05-06-2020 23:45,ZnxXDlPa8U1GXgE,0.0,0.0,0.0,6686699.0
13-06-2020 11:15,rGa61gmuvPhdLxV,12840.875,1251.9875,3137.25,7325418.25
11-06-2020 03:30,1BY6WEcLGh8j5v7,0.0,0.0,0.0,6444981.0
17-06-2020 17:15,rGa61gmuvPhdLxV,1579.25,154.55,5847.75,7356794.75
20-05-2020 22:30,zVJPv84UY57bAof,0.0,0.0,8842.0,7157179.0
25-05-2020 09:15,pkci93gMrogZuBj,8834.125,864.35,1166.0,7242873.0
08-06-2020 04:15,zBIq5rxdHJRwDNY,0.0,0.0,0.0,6514911.0
13-06-2020 11:15,VHMLBKoKgIrUVDU,13252.14286,1292.085714,3373.285714,7424287.286
24-05-2020 00:45,sjndEbLyjtCKgGv,0.0,0.0,0.0,7081449.0
30-05-2020 12:15,1IF53ai7Xc0U56Y,10570.14286,1031.885714,2943.857143,6301154.857
04-06-2020 02:30,YxYtjZvoooNbGkE,0.0,0.0,0.0,7326756.0
30-05-2020 16:30,1IF53ai7Xc0U56Y,4266.428571,418.6857143,6954.428571,6305165.429
12-06-2020 13:15,ZnxXDlPa8U1GXgE,8004.125,783.4625,3617.0,6733519.0
06-06-2020 01:15,McdE0feGgRqW7Ca,0.0,0.0,0.0,7324681.0
12-06-2020 09:45,WRmjgnKYAwPKWDb,6468.25,633.625,903.375,7233889.375
31-05-2020 04:00,ZnxXDlPa8U1GXgE,0.0,0.0,0.0,6643383.0
04-06-2020 15:00,sjndEbLyjtCKgGv,11256.625,1098.175,6486.5,7169779.5
20-05-2020 22:15,1BY6WEcLGh8j5v7,0.0,0.0,8249.0,6298346.0
02-06-2020 17:30,z9Y9gH1T5YWrNuG,950.625,92.3,7402.625,7147230.625
15-06-2020 15:00,sjndEbLyjtCKgGv,6612.285714,647.6428571,5704.857143,7248515.857
31-05-2020 06:00,ZnxXDlPa8U1GXgE,104.125,10.0375,0.75,6643383.75
13-06-2020 03:30,3PZuoBAID5Wc2HD,0.0,0.0,0.0,7202086.0
17-06-2020 21:30,iCRJl6heRkivqQ3,0.0,0.0,5957.0,7426263.0
27-05-2020 08:45,WRmjgnKYAwPKWDb,7581.857143,742.3,865.8571429,7118745.857
18-05-2020 20:00,iCRJl6heRkivqQ3,0.0,0.0,5400.0,7203767.0
15-06-2020 04:15,zBIq5rxdHJRwDNY,0.0,0.0,0.0,6565137.0
17-05-2020 15:00,7JYdWkrLSPkdwr4,9075.875,887.7375,6332.5,7621869.5
18-05-2020 04:00,VHMLBKoKgIrUVDU,0.0,0.0,0.0,7227097.0
17-05-2020 16:45,bvBOhCH3iADSZry,3442.375,338.2,6741.625,6335389.625
19-05-2020 04:00,rGa61gmuvPhdLxV,0.0,0.0,0.0,7136902.0
26-05-2020 03:30,3PZuoBAID5Wc2HD,0.0,0.0,0.0,7070636.0
22-05-2020 08:15,ZnxXDlPa8U1GXgE,4780.857143,468.7857143,606.7142857,6572470.714
14-06-2020 06:45,McdE0feGgRqW7Ca,1095.285714,106.4428571,37.85714286,7381960.857
14-06-2020 00:00,YxYtjZvoooNbGkE,0.0,0.0,1047.5,7399439.0
12-06-2020 11:15,pkci93gMrogZuBj,7939.571429,777.1571429,1909.285714,7376865.286
21-05-2020 16:30,1IF53ai7Xc0U56Y,4351.75,427.2625,7619.625,6233046.625
14-06-2020 20:00,ZnxXDlPa8U1GXgE,0.0,0.0,7404.0,6751747.0
12-06-2020 19:00,7JYdWkrLSPkdwr4,0.0,0.0,5753.0,7812417.0
01-06-2020 07:00,YxYtjZvoooNbGkE,2060.285714,201.9714286,95.71428571,7305834.714
30-05-2020 22:00,1BY6WEcLGh8j5v7,0.0,0.0,6754.0,6372128.0
17-05-2020 04:00,7JYdWkrLSPkdwr4,0.0,0.0,0.0,7615537.0
12-06-2020 12:00,McdE0feGgRqW7Ca,10693.42857,1044.214286,2679.428571,7370052.429
15-05-2020 07:30,1BY6WEcLGh8j5v7,1842.285714,180.5857143,162.4285714,6259721.429
10-06-2020 00:45,pkci93gMrogZuBj,0.0,0.0,0.0,7362716.0
31-05-2020 05:00,z9Y9gH1T5YWrNuG,0.0,0.0,0.0,7127597.0
11-06-2020 02:30,z9Y9gH1T5YWrNuG,0.0,0.0,0.0,7205465.0
05-06-2020 08:30,1BY6WEcLGh8j5v7,6095.375,597.025,499.25,6405879.25
19-05-2020 03:45,ih0vzX44oOqAx2f,0.0,0.0,0.0,6210487.0
19-05-2020 09:00,McdE0feGgRqW7Ca,5265.428571,516.1571429,679.7142857,7185770.714
04-06-2020 18:00,ZoEaEvLYb1n2sOq,875.75,85.025,8021.0,7251522.0
16-05-2020 19:30,1IF53ai7Xc0U56Y,0.0,0.0,6592.0,6196594.0
18-05-2020 17:00,zVJPv84UY57bAof,2228.714286,218.5142857,5261.857143,7141276.857
30-05-2020 08:30,1BY6WEcLGh8j5v7,3374.875,331.8125,452.0,6365826.0
04-06-2020 01:15,z9Y9gH1T5YWrNuG,0.0,0.0,0.0,7155113.0
17-06-2020 11:30,bvBOhCH3iADSZry,6996.428571,685.1857143,2135.571429,6535684.571
07-06-2020 11:15,pkci93gMrogZuBj,13720.0,1337.714286,2723.857143,7340641.857
04-06-2020 11:45,adLQvlD726eNBSB,10971.875,1071.55,3442.75,6425709.75
17-06-2020 13:15,ZoEaEvLYb1n2sOq,8219.857143,804.4428571,4034.714286,7339916.714
01-06-2020 00:45,YxYtjZvoooNbGkE,0.0,0.0,0.0,7305739.0
17-06-2020 04:15,ZnxXDlPa8U1GXgE,0.0,0.0,0.0,6764808.0
10-06-2020 05:30,pkci93gMrogZuBj,0.0,0.0,0.0,7362716.0
29-05-2020 15:15,1BY6WEcLGh8j5v7,7373.857143,722.0,6476.714286,6364286.714
01-06-2020 15:45,rGa61gmuvPhdLxV,1476.625,144.0875,5332.5,7241664.5
28-05-2020 08:00,sjndEbLyjtCKgGv,4920.25,482.475,410.875,7112975.875
16-05-2020 03:30,VHMLBKoKgIrUVDU,0.0,0.0,0.0,7212666.0
03-06-2020 15:30,iCRJl6heRkivqQ3,7209.125,705.7625,6924.5,7324737.5
11-06-2020 23:15,zVJPv84UY57bAof,0.0,0.0,5671.0,7322687.0
03-06-2020 07:45,rGa61gmuvPhdLxV,3302.857143,324.7428571,241.2857143,7249571.286
17-06-2020 23:30,bvBOhCH3iADSZry,0.0,0.0,5460.0,6539009.0
15-05-2020 00:00,WRmjgnKYAwPKWDb,0.0,0.0,0.0,7028673.0
08-06-2020 16:00,McdE0feGgRqW7Ca,5062.0,495.3571429,7924.142857,7346126.143
15-06-2020 05:00,z9Y9gH1T5YWrNuG,0.0,0.0,0.0,7232468.0
07-06-2020 10:00,ih0vzX44oOqAx2f,6484.571429,635.2428571,1475.285714,6352148.286
23-05-2020 12:45,bvBOhCH3iADSZry,8297.875,812.0625,4509.875,6373417.875
23-05-2020 13:30,ZnxXDlPa8U1GXgE,11632.42857,1134.585714,5697.571429,6584836.571
12-06-2020 17:45,z9Y9gH1T5YWrNuG,1539.142857,150.2,5754.714286,7216818.714
16-05-2020 04:15,1BY6WEcLGh8j5v7,0.0,0.0,0.0,6265313.0
17-05-2020 13:30,pkci93gMrogZuBj,12090.42857,1179.4,5047.857143,7186697.857
03-06-2020 07:00,pkci93gMrogZuBj,1433.875,139.8375,60.875,7307710.875
12-06-2020 20:15,sjndEbLyjtCKgGv,0.0,0.0,5847.0,7227101.0
15-06-2020 05:45,z9Y9gH1T5YWrNuG,0.0,0.0,0.0,7232468.0
10-06-2020 04:15,VHMLBKoKgIrUVDU,0.0,0.0,0.0,7402816.0
07-06-2020 22:00,McdE0feGgRqW7Ca,0.0,0.0,7042.0,7338202.0
09-06-2020 23:00,ZoEaEvLYb1n2sOq,0.0,0.0,7955.0,7289679.0
03-06-2020 05:00,1BY6WEcLGh8j5v7,0.0,0.0,0.0,6390468.0
11-06-2020 11:00,ZnxXDlPa8U1GXgE,7253.285714,710.2285714,1509.142857,6725719.143
13-06-2020 17:30,McdE0feGgRqW7Ca,1252.142857,122.1,8534.142857,7381862.143
17-06-2020 08:30,VHMLBKoKgIrUVDU,4175.285714,410.1714286,499.2857143,7450700.286
11-06-2020 02:00,z9Y9gH1T5YWrNuG,0.0,0.0,0.0,7205465.0
26-05-2020 15:15,VHMLBKoKgIrUVDU,4107.0,403.1714286,6901.0,7296426.0
20-05-2020 08:30,McdE0feGgRqW7Ca,6830.375,668.9875,696.125,7192794.125
18-05-2020 06:15,ZnxXDlPa8U1GXgE,402.0,38.87142857,6.285714286,6542744.286
04-06-2020 23:45,iCRJl6heRkivqQ3,0.0,0.0,0.0,7334000.0
13-06-2020 03:45,zVJPv84UY57bAof,0.0,0.0,0.0,7328550.0
08-06-2020 16:00,iCRJl6heRkivqQ3,5006.857143,489.9571429,7779.142857,7364290.143
04-06-2020 21:15,zVJPv84UY57bAof,0.0,0.0,0.0,7271273.0
11-06-2020 16:15,zBIq5rxdHJRwDNY,4516.142857,443.2428571,5236.285714,6543139.286
28-05-2020 13:15,1BY6WEcLGh8j5v7,9341.875,911.9,5487.375,6355320.375
11-06-2020 04:15,VHMLBKoKgIrUVDU,0.0,0.0,0.0,7409295.0
23-05-2020 11:45,uHbuxQJl8lW7ozc,12081.71429,1178.414286,3715.0,7098968.0
30-05-2020 02:30,3PZuoBAID5Wc2HD,0.0,0.0,0.0,7102189.0
19-05-2020 15:00,1BY6WEcLGh8j5v7,6554.0,641.9125,5354.75,6289002.75
17-06-2020 01:00,WRmjgnKYAwPKWDb,0.0,0.0,0.0,7267579.0
30-05-2020 16:00,VHMLBKoKgIrUVDU,6691.428571,655.4,6633.571429,7327692.571
11-06-2020 15:45,1BY6WEcLGh8j5v7,5787.428571,567.2285714,4650.142857,6449631.143
03-06-2020 04:00,YxYtjZvoooNbGkE,0.0,0.0,0.0,7318929.0
16-05-2020 10:30,zVJPv84UY57bAof,8549.125,836.4125,1855.0,7123971.0
16-05-2020 22:15,WRmjgnKYAwPKWDb,0.0,0.0,6615.0,7041430.0
18-05-2020 02:30,bvBOhCH3iADSZry,0.0,0.0,0.0,6335576.0
03-06-2020 07:00,VHMLBKoKgIrUVDU,1477.0,144.0857143,63.0,7347807.0
22-05-2020 12:00,zBIq5rxdHJRwDNY,12931.0,1261.142857,3250.571429,6391849.571
03-06-2020 05:15,uHbuxQJl8lW7ozc,0.0,0.0,0.0,7178405.0
01-06-2020 09:15,iCRJl6heRkivqQ3,5820.625,570.5,1250.625,7305817.625
22-05-2020 07:30,z9Y9gH1T5YWrNuG,4389.375,431.15,248.5,7057395.5
13-06-2020 21:45,McdE0feGgRqW7Ca,0.0,0.0,8595.0,7381923.0
22-05-2020 14:15,WRmjgnKYAwPKWDb,9954.142857,971.3714286,5630.857143,7082988.857
15-05-2020 07:00,ZnxXDlPa8U1GXgE,1904.571429,186.7,81.0,6522253.0
26-05-2020 21:00,z9Y9gH1T5YWrNuG,0.0,0.0,0.0,7097183.0
26-05-2020 10:00,pkci93gMrogZuBj,10639.28571,1039.942857,1939.857143,7252458.857
15-05-2020 13:30,ih0vzX44oOqAx2f,7921.5,775.375,3882.5,6189058.857
01-06-2020 17:00,YxYtjZvoooNbGkE,1311.428571,127.5857143,5684.285714,7311423.286
06-06-2020 18:30,ZnxXDlPa8U1GXgE,0.0,0.0,6355.0,6693054.0
13-06-2020 22:30,ih0vzX44oOqAx2f,0.0,0.0,8255.0,6400518.0
25-05-2020 11:45,sjndEbLyjtCKgGv,12518.57143,1220.557143,3881.571429,7093232.571
01-06-2020 17:00,z9Y9gH1T5YWrNuG,1293.571429,125.8571429,5840.0,7139737.0
22-05-2020 12:00,WRmjgnKYAwPKWDb,12776.5,1246.0125,3342.375,7080700.375
05-06-2020 00:30,sjndEbLyjtCKgGv,0.0,0.0,0.0,7171518.0
15-06-2020 14:15,WRmjgnKYAwPKWDb,6278.625,614.625,5125.75,7259709.75
17-05-2020 10:00,iCRJl6heRkivqQ3,9923.5,970.275,1795.375,7192643.375
21-05-2020 17:15,ZoEaEvLYb1n2sOq,752.625,72.9875,7572.25,7146640.25
10-06-2020 21:45,iCRJl6heRkivqQ3,0.0,0.0,6559.0,7379779.0
28-05-2020 18:30,1IF53ai7Xc0U56Y,74.5,7.1875,8495.5,6289957.5
15-06-2020 08:00,zBIq5rxdHJRwDNY,6383.0,625.3285714,378.5714286,6565515.571
24-05-2020 09:30,VHMLBKoKgIrUVDU,9140.375,893.9375,1415.0,7273747.0
09-06-2020 01:45,z9Y9gH1T5YWrNuG,0.0,0.0,0.0,7191424.0
21-05-2020 17:30,zVJPv84UY57bAof,593.1428571,57.4,7915.0,7165094.0
06-06-2020 21:45,1IF53ai7Xc0U56Y,0.0,0.0,6542.0,6355099.0
23-05-2020 04:45,adLQvlD726eNBSB,0.0,0.0,0.0,6328951.0
02-06-2020 12:45,uHbuxQJl8lW7ozc,11014.57143,1075.828571,4156.0,7175098.0
25-05-2020 19:30,YxYtjZvoooNbGkE,0.0,0.0,8813.0,7261464.0
19-05-2020 07:30,iCRJl6heRkivqQ3,2732.857143,268.1571429,177.4285714,7203944.429
03-06-2020 19:15,1BY6WEcLGh8j5v7,0.0,0.0,7341.0,6397809.0
10-06-2020 03:45,YxYtjZvoooNbGkE,0.0,0.0,0.0,7373268.0
08-06-2020 08:15,ZnxXDlPa8U1GXgE,3355.857143,329.9285714,454.4285714,6701717.429
27-05-2020 16:00,ZnxXDlPa8U1GXgE,6815.285714,667.5142857,6163.857143,6618812.857
22-05-2020 03:45,3PZuoBAID5Wc2HD,0.0,0.0,0.0,7037301.0
08-06-2020 11:30,VHMLBKoKgIrUVDU,10768.125,1051.2375,3644.5,7389852.5
22-05-2020 13:30,ZoEaEvLYb1n2sOq,10354.625,1010.6125,4759.25,7151444.25
09-06-2020 06:30,WRmjgnKYAwPKWDb,895.2857143,86.94285714,24.85714286,7213025.857
07-06-2020 08:30,adLQvlD726eNBSB,3756.571429,369.1714286,500.7142857,6445531.714
09-06-2020 05:45,iCRJl6heRkivqQ3,0.0,0.0,0.0,7364955.0
16-06-2020 21:30,WRmjgnKYAwPKWDb,0.0,0.0,6264.0,7267579.0
15-06-2020 18:15,WRmjgnKYAwPKWDb,231.1428571,22.32857143,6727.857143,7261311.857
08-06-2020 15:30,uHbuxQJl8lW7ozc,5998.285714,587.5142857,7456.285714,7224605.286
18-05-2020 02:30,z9Y9gH1T5YWrNuG,0.0,0.0,0.0,7028226.0
08-06-2020 10:15,WRmjgnKYAwPKWDb,10232.57143,998.4571429,2199.571429,7206881.571
10-06-2020 03:45,bvBOhCH3iADSZry,0.0,0.0,0.0,6493347.0
28-05-2020 14:15,zBIq5rxdHJRwDNY,6235.285714,610.4142857,6122.142857,6440205.143
06-06-2020 04:45,wCURE6d3bPkepu2,0.0,0.0,0.0,6946769.0
15-05-2020 01:45,McdE0feGgRqW7Ca,0.0,0.0,0.0,7158964.0
06-06-2020 10:15,zVJPv84UY57bAof,9142.5,892.95,2022.625,7281112.625
10-06-2020 16:45,z9Y9gH1T5YWrNuG,2812.714286,276.0142857,6178.0,7205231.0
12-06-2020 08:15,VHMLBKoKgIrUVDU,2843.571429,278.9,210.2857143,7415221.286
20-05-2020 05:30,WRmjgnKYAwPKWDb,0.0,0.0,0.0,7060932.0
23-05-2020 04:00,rGa61gmuvPhdLxV,0.0,0.0,0.0,7167141.0
20-05-2020 02:15,bvBOhCH3iADSZry,0.0,0.0,0.0,6346907.0
09-06-2020 10:15,ZoEaEvLYb1n2sOq,10480.71429,1023.014286,2043.428571,7283767.429
04-06-2020 05:15,ZoEaEvLYb1n2sOq,0.0,0.0,0.0,7243501.0
04-06-2020 20:30,rGa61gmuvPhdLxV,0.0,0.0,0.0,7265349.0
28-05-2020 15:30,uHbuxQJl8lW7ozc,8506.75,832.4375,7509.625,7142767.625
16-05-2020 14:15,VHMLBKoKgIrUVDU,8806.285714,861.5571429,5246.571429,7217912.571
21-05-2020 20:45,rGa61gmuvPhdLxV,0.0,0.0,7766.0,7160399.0
22-05-2020 00:00,ZnxXDlPa8U1GXgE,0.0,0.0,0.0,6571864.0
15-05-2020 14:30,1BY6WEcLGh8j5v7,5429.857143,532.2285714,4398.142857,6263957.143
03-06-2020 11:30,uHbuxQJl8lW7ozc,10980.85714,1072.642857,2709.285714,7181114.286
10-06-2020 17:00,WRmjgnKYAwPKWDb,2358.285714,231.2285714,6217.571429,7227195.571
27-05-2020 12:00,bvBOhCH3iADSZry,9487.625,926.825,3386.875,6403086.875
22-05-2020 04:15,ZnxXDlPa8U1GXgE,0.0,0.0,0.0,6571864.0
02-06-2020 13:15,z9Y9gH1T5YWrNuG,11597.0,1131.775,4661.25,7144489.25
01-06-2020 01:00,WRmjgnKYAwPKWDb,0.0,0.0,0.0,7153866.0
07-06-2020 13:30,1IF53ai7Xc0U56Y,10051.5,981.15,5576.25,6360675.25
24-05-2020 14:00,VHMLBKoKgIrUVDU,7146.142857,699.5857143,6230.714286,7278562.714
01-06-2020 13:45,7JYdWkrLSPkdwr4,5884.0,576.55,4884.0,7732705.0
02-06-2020 14:00,McdE0feGgRqW7Ca,6804.571429,666.4428571,5582.857143,7298334.857
14-06-2020 23:00,wCURE6d3bPkepu2,0.0,0.0,7329.0,7009698.0
11-06-2020 12:30,WRmjgnKYAwPKWDb,8017.875,784.8,2735.875,7230102.875
01-06-2020 11:45,wCURE6d3bPkepu2,7522.857143,735.6571429,3608.857143,6913013.857
08-06-2020 23:45,VHMLBKoKgIrUVDU,0.0,0.0,8488.0,7394696.0
08-06-2020 06:15,pkci93gMrogZuBj,446.75,43.225,6.5,7346138.5
03-06-2020 19:30,zVJPv84UY57bAof,0.0,0.0,7836.0,7263053.0
26-05-2020 01:15,3PZuoBAID5Wc2HD,0.0,0.0,0.0,7070636.0
24-05-2020 11:45,pkci93gMrogZuBj,10562.14286,1030.628571,3304.0,7236979.0
28-05-2020 12:15,zVJPv84UY57bAof,13075.0,1275.25,4448.833333,7216530.833
02-06-2020 20:45,zBIq5rxdHJRwDNY,0.0,0.0,7421.0,6476454.0
10-06-2020 23:15,z9Y9gH1T5YWrNuG,0.0,0.0,6412.0,7205465.0
15-06-2020 09:00,pkci93gMrogZuBj,7296.857143,714.3857143,1071.571429,7397493.571
10-06-2020 17:15,iCRJl6heRkivqQ3,2532.857143,248.3857143,6447.857143,7379667.857
07-06-2020 23:00,rGa61gmuvPhdLxV,0.0,0.0,8172.0,7287673.0
17-05-2020 08:15,zBIq5rxdHJRwDNY,5089.285714,498.9285714,478.0,6352628.0
05-06-2020 14:00,pkci93gMrogZuBj,10713.875,1045.725,5207.75,7328898.75
19-05-2020 01:15,sjndEbLyjtCKgGv,0.0,0.0,0.0,7042405.0
03-06-2020 07:30,7JYdWkrLSPkdwr4,2803.285714,274.9571429,169.1428571,7741042.143
03-06-2020 00:30,adLQvlD726eNBSB,0.0,0.0,0.0,6414276.0
17-06-2020 05:45,wCURE6d3bPkepu2,0.0,0.0,0.0,7022718.0
23-05-2020 08:00,uHbuxQJl8lW7ozc,4528.857143,444.5285714,328.0,7095581.0
08-06-2020 19:30,uHbuxQJl8lW7ozc,0.0,0.0,8405.0,7225554.0
18-05-2020 21:45,WRmjgnKYAwPKWDb,0.0,0.0,5348.0,7054452.0
26-05-2020 20:00,ZnxXDlPa8U1GXgE,0.0,0.0,0.0,6612649.0
06-06-2020 08:15,ZoEaEvLYb1n2sOq,5377.375,527.1625,592.0,7259667.0
10-06-2020 18:30,ZnxXDlPa8U1GXgE,0.0,0.0,6438.0,6724210.0
20-05-2020 12:15,ZoEaEvLYb1n2sOq,12727.42857,1240.914286,4433.0,7134765.0
17-06-2020 08:30,adLQvlD726eNBSB,4253.142857,417.7857143,512.8571429,6518910.857
03-06-2020 20:00,1IF53ai7Xc0U56Y,0.0,0.0,7875.0,6332659.0
08-06-2020 19:30,7JYdWkrLSPkdwr4,0.0,0.0,8283.0,7786793.0
09-06-2020 13:00,z9Y9gH1T5YWrNuG,10550.625,1029.8,4521.25,7195945.25
30-05-2020 19:15,3PZuoBAID5Wc2HD,0.0,0.0,7299.0,7109488.0
09-06-2020 17:30,VHMLBKoKgIrUVDU,2075.571429,203.4714286,8026.714286,7402722.714
23-05-2020 03:15,McdE0feGgRqW7Ca,0.0,0.0,0.0,7215952.0
17-06-2020 21:15,McdE0feGgRqW7Ca,0.0,0.0,5992.0,7408587.0
15-05-2020 00:15,pkci93gMrogZuBj,0.0,0.0,0.0,7169102.0
11-06-2020 15:00,zBIq5rxdHJRwDNY,7452.428571,729.5285714,4468.571429,6542371.571
17-06-2020 20:15,YxYtjZvoooNbGkE,0.0,0.0,5886.0,7425442.0
28-05-2020 11:45,1BY6WEcLGh8j5v7,12244.25,1194.1375,3740.375,6353573.375
28-05-2020 07:45,zBIq5rxdHJRwDNY,3953.714286,388.5,286.4285714,6434369.429
11-06-2020 16:45,ih0vzX44oOqAx2f,3077.571429,302.2428571,5297.571429,6386329.571
12-06-2020 15:30,wCURE6d3bPkepu2,5845.142857,572.7857143,5188.142857,6993242.143
10-06-2020 18:00,1BY6WEcLGh8j5v7,517.2857143,50.07142857,5902.571429,6444972.571
26-05-2020 15:15,zVJPv84UY57bAof,5041.75,494.15,6630.25,7204239.25
15-05-2020 08:45,WRmjgnKYAwPKWDb,5739.714286,562.6428571,627.2857143,7029300.286
17-06-2020 10:00,bvBOhCH3iADSZry,5737.142857,562.2428571,1171.285714,6534720.286
26-05-2020 20:30,VHMLBKoKgIrUVDU,0.0,0.0,0.0,7297615.0
28-05-2020 12:00,bvBOhCH3iADSZry,11920.14286,1162.614286,3925.285714,6409758.286
31-05-2020 06:00,adLQvlD726eNBSB,128.25,12.375,0.625,6394771.625
04-06-2020 11:15,McdE0feGgRqW7Ca,9468.5,925.35,2941.5,7311310.5
01-06-2020 06:00,ZnxXDlPa8U1GXgE,86.71428571,8.371428571,0.714285714,6649525.714
27-05-2020 03:30,YxYtjZvoooNbGkE,0.0,0.0,0.0,7269333.0
23-05-2020 12:45,pkci93gMrogZuBj,9082.5,888.4875,4861.0,7230061.0
04-06-2020 08:45,uHbuxQJl8lW7ozc,4740.0,464.7,737.5714286,7186992.571
11-06-2020 04:30,ZnxXDlPa8U1GXgE,0.0,0.0,0.0,6724210.0
06-06-2020 00:15,3PZuoBAID5Wc2HD,0.0,0.0,0.0,7152486.0
21-05-2020 15:00,pkci93gMrogZuBj,8042.428571,786.8285714,6795.857143,7216993.857
01-06-2020 19:30,3PZuoBAID5Wc2HD,0.0,0.0,5965.0,7121269.0
04-06-2020 23:15,sjndEbLyjtCKgGv,0.0,0.0,0.0,7171518.0
15-06-2020 04:45,1BY6WEcLGh8j5v7,0.0,0.0,0.0,6467675.0
19-05-2020 20:00,z9Y9gH1T5YWrNuG,0.0,0.0,6892.0,7040465.0
09-06-2020 06:15,rGa61gmuvPhdLxV,471.1428571,45.54285714,9.428571429,7295973.429
07-06-2020 07:30,sjndEbLyjtCKgGv,2081.571429,204.0571429,180.0,7185836.0
16-06-2020 08:30,zVJPv84UY57bAof,5655.25,554.2625,586.875,7351686.875
12-06-2020 08:00,rGa61gmuvPhdLxV,1844.857143,180.6142857,151.8571429,7316583.857
01-06-2020 11:00,1IF53ai7Xc0U56Y,11808.0,1152.114286,2945.857143,6314377.857
20-05-2020 06:00,WRmjgnKYAwPKWDb,123.25,11.9125,0.25,7060932.25
07-06-2020 14:30,1IF53ai7Xc0U56Y,7881.428571,770.4428571,6468.142857,6361567.143
05-06-2020 23:00,ZnxXDlPa8U1GXgE,0.0,0.0,0.0,6686699.0
21-05-2020 15:30,ZoEaEvLYb1n2sOq,7732.875,756.95,6965.875,7146033.875
14-06-2020 22:15,sjndEbLyjtCKgGv,0.0,0.0,7307.0,7242811.0
10-06-2020 02:30,7JYdWkrLSPkdwr4,0.0,0.0,0.0,7794729.0
01-06-2020 20:30,3PZuoBAID5Wc2HD,0.0,0.0,5965.0,7121269.0
19-05-2020 14:15,ih0vzX44oOqAx2f,9786.125,956.9125,4924.625,6215411.625
03-06-2020 20:45,WRmjgnKYAwPKWDb,0.0,0.0,7710.0,7174627.0
07-06-2020 00:45,VHMLBKoKgIrUVDU,0.0,0.0,0.0,7377989.0
18-05-2020 10:00,iCRJl6heRkivqQ3,1745.125,171.05,625.875,7198992.875
15-05-2020 01:30,pkci93gMrogZuBj,0.0,0.0,0.0,7169102.0
23-05-2020 15:00,1BY6WEcLGh8j5v7,5902.125,578.4,6562.0,6318999.0
22-05-2020 00:00,ZoEaEvLYb1n2sOq,0.0,0.0,0.0,7146685.0
02-06-2020 13:00,7JYdWkrLSPkdwr4,12426.375,1211.9375,4300.75,7737924.75
16-05-2020 06:00,ZnxXDlPa8U1GXgE,67.125,6.4875,0.0,6528476.0
19-05-2020 04:45,YxYtjZvoooNbGkE,0.0,0.0,0.0,7205598.0
14-06-2020 22:30,1IF53ai7Xc0U56Y,0.0,0.0,7487.0,6414368.0
25-05-2020 20:15,3PZuoBAID5Wc2HD,0.0,0.0,9068.0,7070636.0
17-05-2020 06:45,3PZuoBAID5Wc2HD,942.8571429,91.57142857,24.28571429,7000713.286
09-06-2020 20:30,WRmjgnKYAwPKWDb,0.0,0.0,7977.0,7220978.0
16-05-2020 08:00,1IF53ai7Xc0U56Y,4387.0,430.7857143,342.8571429,6190344.857
14-06-2020 22:00,uHbuxQJl8lW7ozc,0.0,0.0,7306.0,7267837.0
12-06-2020 13:45,uHbuxQJl8lW7ozc,9472.428571,926.4142857,4039.857143,7250245.857
30-05-2020 12:45,3PZuoBAID5Wc2HD,10837.0,1057.928571,3511.142857,7105700.143
12-06-2020 13:15,YxYtjZvoooNbGkE,7790.285714,762.6142857,3563.428571,7388842.429
21-05-2020 17:00,VHMLBKoKgIrUVDU,1078.0,104.7875,7774.0,7256298.0
17-06-2020 09:00,pkci93gMrogZuBj,5045.142857,494.6428571,683.0,7410161.0
02-06-2020 11:00,WRmjgnKYAwPKWDb,9611.428571,939.6428571,2627.428571,7162327.429
23-05-2020 21:00,wCURE6d3bPkepu2,0.0,0.0,8605.0,6847830.0
05-06-2020 16:30,zBIq5rxdHJRwDNY,6549.428571,641.5285714,7122.428571,6499701.429
21-05-2020 10:15,bvBOhCH3iADSZry,5717.285714,560.0142857,1846.428571,6356884.429
14-06-2020 03:15,3PZuoBAID5Wc2HD,0.0,0.0,0.0,7210719.0
04-06-2020 12:30,ih0vzX44oOqAx2f,9128.625,891.4625,4025.75,6333035.75
06-06-2020 13:00,pkci93gMrogZuBj,12199.71429,1189.9,4404.428571,7335891.429
06-06-2020 02:00,7JYdWkrLSPkdwr4,0.0,0.0,0.0,7764140.0
24-05-2020 16:00,wCURE6d3bPkepu2,3072.875,301.5,7367.125,6855197.125
11-06-2020 02:15,WRmjgnKYAwPKWDb,0.0,0.0,0.0,7227367.0
31-05-2020 04:30,bvBOhCH3iADSZry,0.0,0.0,0.0,6427681.0
15-06-2020 13:45,uHbuxQJl8lW7ozc,3809.428571,374.3857143,5040.571429,7272877.571
18-05-2020 00:30,rGa61gmuvPhdLxV,0.0,0.0,0.0,7131537.0
28-05-2020 20:30,zBIq5rxdHJRwDNY,0.0,0.0,7911.0,6441994.0
09-06-2020 03:15,VHMLBKoKgIrUVDU,0.0,0.0,0.0,7394696.0
31-05-2020 23:15,bvBOhCH3iADSZry,0.0,0.0,5586.0,6433267.0
11-06-2020 04:00,wCURE6d3bPkepu2,0.0,0.0,0.0,6982403.0
15-06-2020 23:15,VHMLBKoKgIrUVDU,0.0,0.0,6814.0,7443869.0
21-05-2020 08:45,VHMLBKoKgIrUVDU,7882.571429,771.6285714,846.7142857,7249370.714
31-05-2020 18:15,3PZuoBAID5Wc2HD,261.625,25.275,5812.5,7115300.5
04-06-2020 15:30,iCRJl6heRkivqQ3,8758.285714,856.8428571,6996.142857,7332692.143
01-06-2020 20:15,wCURE6d3bPkepu2,0.0,0.0,5939.0,6915344.0
14-06-2020 14:00,adLQvlD726eNBSB,14416.14286,1405.585714,5471.285714,6502967.286
08-06-2020 04:30,ZoEaEvLYb1n2sOq,0.0,0.0,0.0,7273453.0
10-06-2020 00:15,7JYdWkrLSPkdwr4,0.0,0.0,0.0,7794729.0
31-05-2020 01:15,WRmjgnKYAwPKWDb,0.0,0.0,0.0,7148029.0
03-06-2020 06:30,adLQvlD726eNBSB,638.5714286,61.81428571,16.0,6414292.0
22-05-2020 09:30,3PZuoBAID5Wc2HD,6131.285714,600.7857143,1211.571429,7038512.571
22-05-2020 05:45,VHMLBKoKgIrUVDU,0.0,0.0,0.0,7256361.0
29-05-2020 18:15,ZnxXDlPa8U1GXgE,128.7142857,12.42857143,8149.142857,6636065.143
02-06-2020 20:30,VHMLBKoKgIrUVDU,0.0,0.0,0.0,7347744.0
04-06-2020 17:30,bvBOhCH3iADSZry,2786.428571,273.5714286,7359.571429,6460083.571
27-05-2020 06:15,WRmjgnKYAwPKWDb,387.375,37.4625,7.0,7117887.0
17-05-2020 23:45,ZnxXDlPa8U1GXgE,0.0,0.0,7586.0,6542738.0
18-05-2020 19:30,adLQvlD726eNBSB,0.0,0.0,5506.0,6297816.0
28-05-2020 03:45,uHbuxQJl8lW7ozc,0.0,0.0,0.0,7135258.0
16-06-2020 16:00,pkci93gMrogZuBj,5086.571429,498.7571429,5808.285714,7409025.286
10-06-2020 08:00,ZoEaEvLYb1n2sOq,4314.285714,423.3,401.5714286,7290080.571
08-06-2020 02:00,1BY6WEcLGh8j5v7,0.0,0.0,0.0,6423750.0
10-06-2020 05:00,rGa61gmuvPhdLxV,0.0,0.0,0.0,7304204.0
07-06-2020 19:30,1BY6WEcLGh8j5v7,0.0,0.0,5268.0,6423750.0
09-06-2020 19:15,zBIq5rxdHJRwDNY,0.0,0.0,8136.0,6531405.0
16-06-2020 12:45,adLQvlD726eNBSB,8103.125,792.175,3936.75,6515938.75
28-05-2020 16:00,1IF53ai7Xc0U56Y,2989.5,293.4,7939.0,6289401.0
11-06-2020 20:30,McdE0feGgRqW7Ca,0.0,0.0,5750.0,7367373.0
26-05-2020 14:45,rGa61gmuvPhdLxV,4273.25,419.6125,6337.75,7198439.75
01-06-2020 17:00,WRmjgnKYAwPKWDb,1324.714286,128.9142857,5742.571429,7159608.571
13-06-2020 01:15,wCURE6d3bPkepu2,0.0,0.0,0.0,6993908.0
07-06-2020 07:15,WRmjgnKYAwPKWDb,1860.75,182.4125,135.625,7196746.625
05-06-2020 11:30,ZoEaEvLYb1n2sOq,13248.75,1291.7625,3030.125,7254570.125
31-05-2020 21:30,zBIq5rxdHJRwDNY,0.0,0.0,0.0,6463239.0
16-05-2020 21:45,YxYtjZvoooNbGkE,0.0,0.0,6475.0,7192732.0
17-05-2020 06:00,VHMLBKoKgIrUVDU,0.0,0.0,0.0,7219380.0
04-06-2020 17:15,zVJPv84UY57bAof,3906.375,383.85,8016.125,7271069.125
11-06-2020 15:30,7JYdWkrLSPkdwr4,7061.5,691.5625,4757.375,7805848.375
21-05-2020 23:15,1IF53ai7Xc0U56Y,0.0,0.0,0.0,6233247.0
09-06-2020 07:00,ZoEaEvLYb1n2sOq,2152.375,211.0,92.5,7281816.5
03-06-2020 07:00,ZnxXDlPa8U1GXgE,1452.857143,141.7142857,61.57142857,6663029.571
01-06-2020 11:45,z9Y9gH1T5YWrNuG,8061.0,787.7142857,3585.0,7137482.0
19-05-2020 06:45,YxYtjZvoooNbGkE,727.1428571,70.62857143,12.14285714,7205610.143
08-06-2020 04:00,ih0vzX44oOqAx2f,0.0,0.0,0.0,6358692.0
20-05-2020 09:15,adLQvlD726eNBSB,8803.0,861.3,1336.75,6305849.75
05-06-2020 01:00,iCRJl6heRkivqQ3,0.0,0.0,0.0,7334000.0
08-06-2020 01:45,ih0vzX44oOqAx2f,0.0,0.0,0.0,6358692.0
16-05-2020 11:45,rGa61gmuvPhdLxV,8220.285714,804.3857143,2781.0,7120647.0
04-06-2020 09:00,VHMLBKoKgIrUVDU,7704.142857,754.0428571,973.8571429,7356634.857
06-06-2020 01:30,zBIq5rxdHJRwDNY,0.0,0.0,0.0,6500302.0
23-05-2020 01:00,adLQvlD726eNBSB,0.0,0.0,0.0,6328951.0
13-06-2020 07:30,ZnxXDlPa8U1GXgE,3369.714286,331.3142857,199.5714286,6735984.571
23-05-2020 15:15,3PZuoBAID5Wc2HD,7658.875,749.7625,7365.875,7051981.875
12-06-2020 22:45,z9Y9gH1T5YWrNuG,0.0,0.0,5803.0,7216867.0
13-06-2020 06:15,7JYdWkrLSPkdwr4,379.4285714,36.64285714,6.571428571,7812423.571
11-06-2020 04:45,adLQvlD726eNBSB,0.0,0.0,0.0,6476944.0
07-06-2020 07:45,ZnxXDlPa8U1GXgE,2481.875,243.3625,233.625,6693287.625
09-06-2020 02:45,ZoEaEvLYb1n2sOq,0.0,0.0,0.0,7281724.0
06-06-2020 06:45,pkci93gMrogZuBj,1329.285714,129.6142857,43.85714286,7331530.857
22-05-2020 12:00,3PZuoBAID5Wc2HD,13163.5,1283.5875,3360.875,7040661.875
09-06-2020 20:00,bvBOhCH3iADSZry,0.0,0.0,7361.0,6493347.0
14-06-2020 14:30,ZnxXDlPa8U1GXgE,8068.0,789.2,5845.857143,6750188.857
16-06-2020 22:45,ZoEaEvLYb1n2sOq,0.0,0.0,6191.0,7335882.0
04-06-2020 21:30,adLQvlD726eNBSB,0.0,0.0,8314.0,6430581.0
20-05-2020 00:15,WRmjgnKYAwPKWDb,0.0,0.0,0.0,7060932.0
20-05-2020 20:00,VHMLBKoKgIrUVDU,0.0,0.0,8982.0,7248524.0
30-05-2020 11:45,iCRJl6heRkivqQ3,8824.125,862.9625,2305.75,7293558.75
14-06-2020 04:45,adLQvlD726eNBSB,0.0,0.0,0.0,6497496.0
09-06-2020 07:00,bvBOhCH3iADSZry,2077.125,203.6375,90.25,6486076.25
08-06-2020 22:00,VHMLBKoKgIrUVDU,0.0,0.0,8488.0,7394696.0
21-05-2020 22:45,1BY6WEcLGh8j5v7,0.0,0.0,7243.0,6305589.0
26-05-2020 09:00,zBIq5rxdHJRwDNY,7787.25,762.325,1000.75,6421201.75
23-05-2020 04:00,uHbuxQJl8lW7ozc,0.0,0.0,0.0,7095253.0
05-06-2020 07:30,sjndEbLyjtCKgGv,2134.5,209.275,162.0,7171680.0
16-06-2020 00:30,7JYdWkrLSPkdwr4,0.0,0.0,0.0,7834799.0
12-06-2020 01:15,zBIq5rxdHJRwDNY,0.0,0.0,0.0,6543550.0
22-05-2020 11:15,pkci93gMrogZuBj,7581.875,741.625,2411.875,7220387.875
16-05-2020 19:30,z9Y9gH1T5YWrNuG,0.0,0.0,6488.0,7020740.0
02-06-2020 01:15,ih0vzX44oOqAx2f,0.0,0.0,0.0,6313983.0
21-05-2020 20:15,iCRJl6heRkivqQ3,0.0,0.0,7837.0,7227442.0
17-05-2020 23:00,ZoEaEvLYb1n2sOq,0.0,0.0,7464.0,7118208.0
17-06-2020 04:30,1BY6WEcLGh8j5v7,0.0,0.0,0.0,6479798.0
16-06-2020 23:30,adLQvlD726eNBSB,0.0,0.0,6396.0,6518398.0
04-06-2020 04:00,McdE0feGgRqW7Ca,0.0,0.0,0.0,7308369.0
08-06-2020 13:15,ih0vzX44oOqAx2f,9809.428571,957.5857143,5168.428571,6363860.429
04-06-2020 16:00,sjndEbLyjtCKgGv,7963.125,779.4375,7353.375,7170646.375
28-05-2020 04:30,ZoEaEvLYb1n2sOq,0.0,0.0,0.0,7193291.0
10-06-2020 20:15,zBIq5rxdHJRwDNY,0.0,0.0,6498.0,6537903.0
17-06-2020 23:30,7JYdWkrLSPkdwr4,0.0,0.0,5856.0,7846821.0
25-05-2020 07:00,McdE0feGgRqW7Ca,1718.0,168.2714286,74.0,7232765.0
01-06-2020 09:45,iCRJl6heRkivqQ3,7641.0,747.45,1557.75,7306124.75
11-06-2020 13:30,pkci93gMrogZuBj,4921.428571,482.7428571,3371.714286,7372665.714
17-05-2020 22:00,ZnxXDlPa8U1GXgE,0.0,0.0,7586.0,6542738.0
22-05-2020 18:15,wCURE6d3bPkepu2,120.25,11.6125,7168.5,6839223.5
26-05-2020 22:15,adLQvlD726eNBSB,0.0,0.0,0.0,6363516.0
09-06-2020 05:30,1IF53ai7Xc0U56Y,0.0,0.0,0.0,6371833.0
01-06-2020 11:15,ZnxXDlPa8U1GXgE,12631.14286,1231.971429,3078.0,6652603.0
26-05-2020 20:30,ZnxXDlPa8U1GXgE,0.0,0.0,0.0,6612649.0
08-06-2020 17:45,rGa61gmuvPhdLxV,1304.125,127.2,8242.75,7295915.75
16-05-2020 08:15,WRmjgnKYAwPKWDb,4961.25,486.4,450.0,7035265.0
22-05-2020 10:45,z9Y9gH1T5YWrNuG,8654.5,845.725,1975.875,7059122.875
19-05-2020 16:30,7JYdWkrLSPkdwr4,4571.5,448.6,6538.5,7634910.5
22-05-2020 03:15,wCURE6d3bPkepu2,0.0,0.0,0.0,6832055.0
23-05-2020 03:30,adLQvlD726eNBSB,0.0,0.0,0.0,6328951.0
15-05-2020 01:00,1IF53ai7Xc0U56Y,0.0,0.0,0.0,6183645.0
17-06-2020 09:30,z9Y9gH1T5YWrNuG,6939.571429,679.5571429,961.4285714,7246346.429
12-06-2020 14:00,bvBOhCH3iADSZry,8093.428571,792.1428571,3898.428571,6508305.429
01-06-2020 06:00,iCRJl6heRkivqQ3,72.625,7.0,0.625,7304567.625
28-05-2020 16:15,adLQvlD726eNBSB,4704.142857,460.9714286,8172.857143,6378545.857
02-06-2020 06:30,sjndEbLyjtCKgGv,475.8571429,46.0,17.28571429,7148025.286
30-05-2020 18:30,McdE0feGgRqW7Ca,39.0,3.7625,7351.75,7280564.75
24-05-2020 04:00,bvBOhCH3iADSZry,0.0,0.0,0.0,6376772.0
27-05-2020 22:00,VHMLBKoKgIrUVDU,0.0,0.0,6763.0,7304378.0
08-06-2020 14:00,sjndEbLyjtCKgGv,8236.714286,805.2142857,5927.142857,7198481.143
16-06-2020 17:15,ZoEaEvLYb1n2sOq,1738.571429,170.4,6081.428571,7335772.429
17-05-2020 17:00,VHMLBKoKgIrUVDU,2049.875,200.9625,7585.0,7226965.0
01-06-2020 21:00,sjndEbLyjtCKgGv,0.0,0.0,5766.0,7148008.0
13-06-2020 23:15,z9Y9gH1T5YWrNuG,0.0,0.0,8363.0,7225230.0
16-05-2020 03:30,pkci93gMrogZuBj,0.0,0.0,0.0,7175477.0
06-06-2020 07:30,z9Y9gH1T5YWrNuG,3751.857143,368.7571429,250.5714286,7171251.571
30-05-2020 11:00,pkci93gMrogZuBj,6745.571429,660.7,1659.857143,7283194.857
30-05-2020 08:45,1BY6WEcLGh8j5v7,3208.857143,315.3,533.2857143,6365907.286
05-06-2020 21:00,rGa61gmuvPhdLxV,0.0,0.0,7741.0,7273090.0
06-06-2020 06:00,WRmjgnKYAwPKWDb,144.75,13.975,0.5,7190270.5
28-05-2020 13:15,ZoEaEvLYb1n2sOq,10912.14286,1064.757143,5554.142857,7198845.143
25-05-2020 13:30,z9Y9gH1T5YWrNuG,11493.625,1122.1125,6045.25,7086683.25
17-06-2020 04:30,VHMLBKoKgIrUVDU,0.0,0.0,0.0,7450201.0
20-05-2020 12:30,WRmjgnKYAwPKWDb,12582.625,1227.1,4859.125,7065791.125
23-05-2020 13:30,7JYdWkrLSPkdwr4,11966.85714,1167.157143,5674.285714,7664444.286
13-06-2020 01:00,uHbuxQJl8lW7ozc,0.0,0.0,0.0,7252094.0
08-06-2020 05:30,ZnxXDlPa8U1GXgE,0.0,0.0,0.0,6701263.0
09-06-2020 21:15,zVJPv84UY57bAof,0.0,0.0,8289.0,7310456.0
03-06-2020 14:30,McdE0feGgRqW7Ca,9602.75,938.5125,6021.625,7306380.625
10-06-2020 04:45,ih0vzX44oOqAx2f,0.0,0.0,0.0,6374755.0
17-06-2020 07:15,sjndEbLyjtCKgGv,2074.5,203.4875,54.125,7255848.125
15-05-2020 20:15,uHbuxQJl8lW7ozc,0.0,0.0,6387.0,7045068.0
09-06-2020 11:45,1IF53ai7Xc0U56Y,12066.625,1177.575,3855.875,6375688.875
19-05-2020 13:15,zBIq5rxdHJRwDNY,7647.5,748.6125,4153.875,6369200.875
16-06-2020 02:15,YxYtjZvoooNbGkE,0.0,0.0,0.0,7413335.0
18-05-2020 11:15,uHbuxQJl8lW7ozc,7279.142857,712.7428571,1165.0,7059958.0
18-05-2020 19:00,ZoEaEvLYb1n2sOq,0.0,0.0,5319.0,7123527.0
28-05-2020 06:00,7JYdWkrLSPkdwr4,146.4285714,14.15714286,0.857142857,7698550.857
28-05-2020 14:15,uHbuxQJl8lW7ozc,5081.571429,498.3571429,6455.857143,7141713.857
09-06-2020 17:45,adLQvlD726eNBSB,1459.125,142.45,8221.125,6470225.125
24-05-2020 16:30,wCURE6d3bPkepu2,3792.0,371.8428571,7557.571429,6855387.571
06-06-2020 14:15,pkci93gMrogZuBj,12490.71429,1218.614286,5442.571429,7336929.571
31-05-2020 20:45,iCRJl6heRkivqQ3,0.0,0.0,5969.0,7304567.0
04-06-2020 16:30,wCURE6d3bPkepu2,6016.0,589.4625,7724.5,6938500.5
08-06-2020 02:30,zBIq5rxdHJRwDNY,0.0,0.0,0.0,6514911.0
15-05-2020 21:45,wCURE6d3bPkepu2,0.0,0.0,6329.0,6788927.0
27-05-2020 01:15,ZoEaEvLYb1n2sOq,0.0,0.0,0.0,7186690.0
10-06-2020 16:15,uHbuxQJl8lW7ozc,5291.714286,518.7,6211.571429,7240074.571
19-05-2020 14:45,WRmjgnKYAwPKWDb,9803.875,958.675,5469.625,7059921.625
31-05-2020 03:45,3PZuoBAID5Wc2HD,0.0,0.0,0.0,7109488.0
29-05-2020 08:00,YxYtjZvoooNbGkE,3329.625,327.15,323.375,7284727.375
09-06-2020 19:30,YxYtjZvoooNbGkE,0.0,0.0,7958.0,7373268.0
20-05-2020 05:45,ZoEaEvLYb1n2sOq,0.0,0.0,0.0,7130332.0
20-05-2020 10:30,rGa61gmuvPhdLxV,10900.375,1065.3125,2408.0,7146220.0
01-06-2020 16:00,z9Y9gH1T5YWrNuG,1675.857143,163.9857143,5671.714286,7139568.714
30-05-2020 17:15,iCRJl6heRkivqQ3,2722.857143,267.0571429,7217.285714,7298470.286
15-05-2020 10:15,ih0vzX44oOqAx2f,8989.0,878.55,1529.5,6186695.25
13-06-2020 14:45,VHMLBKoKgIrUVDU,10534.85714,1029.771429,7126.285714,7428040.286
07-06-2020 20:00,3PZuoBAID5Wc2HD,0.0,0.0,8242.0,7167224.0
26-05-2020 23:45,bvBOhCH3iADSZry,0.0,0.0,0.0,6399700.0
24-05-2020 02:30,1BY6WEcLGh8j5v7,0.0,0.0,0.0,6320403.0
13-06-2020 03:15,bvBOhCH3iADSZry,0.0,0.0,0.0,6509779.0
09-06-2020 17:45,sjndEbLyjtCKgGv,1463.875,142.8875,8118.875,7209043.875
23-05-2020 22:00,3PZuoBAID5Wc2HD,0.0,0.0,8652.0,7053268.0
24-05-2020 00:30,YxYtjZvoooNbGkE,0.0,0.0,0.0,7244680.0
14-06-2020 16:30,uHbuxQJl8lW7ozc,2884.0,283.0857143,7075.857143,7267606.857
30-05-2020 22:15,iCRJl6heRkivqQ3,0.0,0.0,7345.0,7298598.0
04-06-2020 17:00,zVJPv84UY57bAof,4209.857143,413.5428571,7913.571429,7270966.571
17-06-2020 23:00,ZnxXDlPa8U1GXgE,0.0,0.0,5929.0,6770737.0
17-05-2020 15:45,1IF53ai7Xc0U56Y,4531.142857,444.4857143,7058.428571,6203652.429
31-05-2020 01:45,3PZuoBAID5Wc2HD,0.0,0.0,0.0,7109488.0
14-06-2020 21:15,zVJPv84UY57bAof,0.0,0.0,7320.0,7344280.0
03-06-2020 00:00,McdE0feGgRqW7Ca,0.0,0.0,0.0,7300359.0
04-06-2020 10:15,pkci93gMrogZuBj,7956.428571,778.1285714,1804.142857,7317240.143
18-05-2020 08:15,ZoEaEvLYb1n2sOq,1364.75,133.0,334.5,7118542.5
24-05-2020 03:30,1IF53ai7Xc0U56Y,0.0,0.0,0.0,6249207.0
19-05-2020 03:45,ZoEaEvLYb1n2sOq,0.0,0.0,0.0,7123527.0
03-06-2020 09:30,iCRJl6heRkivqQ3,5756.285714,564.1428571,1104.285714,7318917.286
19-05-2020 09:30,iCRJl6heRkivqQ3,8663.285714,847.5,1000.0,7204767.0
05-06-2020 00:15,YxYtjZvoooNbGkE,0.0,0.0,0.0,7334886.0
28-05-2020 16:15,McdE0feGgRqW7Ca,4482.428571,439.3142857,8106.0,7264495.0
31-05-2020 15:00,VHMLBKoKgIrUVDU,2318.375,227.3125,5445.75,7333774.75
30-05-2020 10:15,zVJPv84UY57bAof,4394.428571,431.4428571,1264.571429,7229951.571
01-06-2020 22:45,adLQvlD726eNBSB,0.0,0.0,6127.0,6406831.0
31-05-2020 11:45,zVJPv84UY57bAof,7815.5,764.475,3147.625,7239124.625
21-05-2020 11:00,WRmjgnKYAwPKWDb,12091.14286,1179.742857,2748.142857,7072473.143
29-05-2020 22:30,1IF53ai7Xc0U56Y,0.0,0.0,8253.0,6298211.0
08-06-2020 17:30,bvBOhCH3iADSZry,1795.285714,175.8571429,7609.857143,6485902.857
10-06-2020 02:45,iCRJl6heRkivqQ3,0.0,0.0,0.0,7373220.0
19-05-2020 19:00,bvBOhCH3iADSZry,0.0,0.0,6369.0,6346907.0
11-06-2020 07:45,VHMLBKoKgIrUVDU,2051.428571,201.0857143,135.2857143,7409430.286
22-05-2020 21:00,adLQvlD726eNBSB,0.0,0.0,7378.0,6328951.0
15-06-2020 13:30,3PZuoBAID5Wc2HD,3279.714286,321.9714286,4911.428571,7223134.429
17-05-2020 11:00,YxYtjZvoooNbGkE,11214.42857,1093.8,2765.0,7195497.0
17-06-2020 10:30,zBIq5rxdHJRwDNY,7096.714286,694.9857143,1565.714286,6579117.714
05-06-2020 03:45,1BY6WEcLGh8j5v7,0.0,0.0,0.0,6405380.0
03-06-2020 04:00,z9Y9gH1T5YWrNuG,0.0,0.0,0.0,7147274.0
30-05-2020 20:00,zVJPv84UY57bAof,0.0,0.0,7290.0,7235977.0
03-06-2020 11:45,rGa61gmuvPhdLxV,12524.75,1221.85,2998.625,7252328.625
04-06-2020 12:00,WRmjgnKYAwPKWDb,12342.625,1203.7375,3634.0,7178261.0
15-06-2020 23:30,WRmjgnKYAwPKWDb,0.0,0.0,6731.0,7261315.0
13-06-2020 14:00,bvBOhCH3iADSZry,10903.125,1064.4625,5741.875,6515520.875
25-05-2020 17:30,7JYdWkrLSPkdwr4,708.0,68.62857143,8741.857143,7683982.857
05-06-2020 00:45,7JYdWkrLSPkdwr4,0.0,0.0,0.0,7756621.0
20-05-2020 04:00,zBIq5rxdHJRwDNY,0.0,0.0,0.0,6371971.0
17-05-2020 01:30,rGa61gmuvPhdLxV,0.0,0.0,0.0,7124099.0
08-06-2020 20:30,ih0vzX44oOqAx2f,0.0,0.0,8217.0,6366909.0
27-05-2020 13:45,1BY6WEcLGh8j5v7,4691.142857,460.1857143,4478.857143,6348147.857
06-06-2020 02:30,ZoEaEvLYb1n2sOq,0.0,0.0,0.0,7259075.0
17-05-2020 15:45,3PZuoBAID5Wc2HD,4026.857143,395.3714286,7101.428571,7007790.429
08-06-2020 06:45,ZoEaEvLYb1n2sOq,1097.571429,106.7,46.28571429,7273499.286
16-05-2020 16:30,zBIq5rxdHJRwDNY,2634.0,258.3,6138.0,6351914.0
15-05-2020 02:15,ZnxXDlPa8U1GXgE,0.0,0.0,0.0,6522172.0
03-06-2020 01:00,pkci93gMrogZuBj,0.0,0.0,0.0,7307650.0
11-06-2020 20:15,1IF53ai7Xc0U56Y,0.0,0.0,5704.0,6392324.0
31-05-2020 17:30,iCRJl6heRkivqQ3,1418.625,138.5125,5904.0,7304502.0
31-05-2020 21:45,zVJPv84UY57bAof,0.0,0.0,6047.0,7242024.0
22-05-2020 16:00,pkci93gMrogZuBj,3174.625,312.175,6903.75,7224879.75
08-06-2020 01:45,iCRJl6heRkivqQ3,0.0,0.0,0.0,7356511.0
03-06-2020 05:00,z9Y9gH1T5YWrNuG,0.0,0.0,0.0,7147274.0
18-05-2020 14:15,adLQvlD726eNBSB,5077.285714,497.7285714,3777.571429,6296087.571
24-05-2020 02:45,z9Y9gH1T5YWrNuG,0.0,0.0,0.0,7072762.0
15-06-2020 15:15,ih0vzX44oOqAx2f,6085.25,596.175,5715.875,6413398.875
11-06-2020 06:00,pkci93gMrogZuBj,0.0,0.0,0.0,7369294.0
09-06-2020 13:15,uHbuxQJl8lW7ozc,11174.0,1091.042857,5316.714286,7230870.714
10-06-2020 04:15,z9Y9gH1T5YWrNuG,0.0,0.0,0.0,7199053.0
17-05-2020 09:15,McdE0feGgRqW7Ca,6657.142857,652.0285714,1144.857143,7173165.857
13-06-2020 11:45,zBIq5rxdHJRwDNY,13587.125,1324.7375,3782.0,6553169.0
21-05-2020 16:15,z9Y9gH1T5YWrNuG,3439.285714,338.1,7595.571429,7056856.571
13-06-2020 19:30,sjndEbLyjtCKgGv,0.0,0.0,8403.0,7235504.0
13-06-2020 16:00,ZoEaEvLYb1n2sOq,7315.75,716.175,7915.125,7315300.125
25-05-2020 07:45,sjndEbLyjtCKgGv,3616.375,354.95,260.375,7089611.375
04-06-2020 03:15,1BY6WEcLGh8j5v7,0.0,0.0,0.0,6397809.0
16-05-2020 05:00,uHbuxQJl8lW7ozc,0.0,0.0,0.0,7045068.0
14-06-2020 04:00,uHbuxQJl8lW7ozc,0.0,0.0,0.0,7260531.0
31-05-2020 12:45,VHMLBKoKgIrUVDU,13596.85714,1325.7,3934.0,7332263.0
26-05-2020 15:00,ZoEaEvLYb1n2sOq,4510.285714,442.7,6493.857143,7185407.857
01-06-2020 22:30,iCRJl6heRkivqQ3,0.0,0.0,5781.0,7310348.0
09-06-2020 22:15,zVJPv84UY57bAof,0.0,0.0,8289.0,7310456.0
27-05-2020 08:00,zVJPv84UY57bAof,4946.25,485.0,392.375,7205775.375
08-06-2020 15:15,VHMLBKoKgIrUVDU,9694.625,948.0375,7282.625,7393490.625
15-06-2020 21:30,ih0vzX44oOqAx2f,0.0,0.0,6564.0,6414247.0
02-06-2020 23:30,VHMLBKoKgIrUVDU,0.0,0.0,0.0,7347744.0
27-05-2020 11:30,McdE0feGgRqW7Ca,12292.25,1198.875,3142.375,7252702.375
17-05-2020 11:30,pkci93gMrogZuBj,12708.125,1239.3375,3356.25,7185006.25
05-06-2020 05:15,WRmjgnKYAwPKWDb,0.0,0.0,0.0,7182665.0
31-05-2020 10:00,rGa61gmuvPhdLxV,6256.142857,612.8428571,1415.428571,7231853.429
16-05-2020 11:45,McdE0feGgRqW7Ca,9172.875,897.2125,2883.25,7168318.25
28-05-2020 15:45,1BY6WEcLGh8j5v7,7180.571429,703.1571429,7346.0,6357179.0
26-05-2020 12:00,3PZuoBAID5Wc2HD,12036.14286,1173.971429,4218.285714,7074854.286
12-06-2020 16:00,ZoEaEvLYb1n2sOq,2858.571429,280.6285714,5307.285714,7306939.286
25-05-2020 08:15,uHbuxQJl8lW7ozc,5903.875,578.5125,457.0,7112309.0
06-06-2020 21:00,WRmjgnKYAwPKWDb,0.0,0.0,6341.0,7196611.0
10-06-2020 05:45,zVJPv84UY57bAof,0.0,0.0,0.0,7310456.0
19-05-2020 04:00,ih0vzX44oOqAx2f,0.0,0.0,0.0,6210487.0
07-06-2020 10:45,ZnxXDlPa8U1GXgE,13113.5,1278.5625,2178.375,6695232.375
18-05-2020 11:45,WRmjgnKYAwPKWDb,6227.0,610.0625,1459.75,7050563.75
25-05-2020 02:00,VHMLBKoKgIrUVDU,0.0,0.0,0.0,7280512.0
08-06-2020 01:30,zVJPv84UY57bAof,0.0,0.0,0.0,7293790.0
14-06-2020 19:15,z9Y9gH1T5YWrNuG,0.0,0.0,7238.0,7232468.0
05-06-2020 10:30,McdE0feGgRqW7Ca,10659.375,1040.8125,2143.25,7318904.25
07-06-2020 15:00,rGa61gmuvPhdLxV,9642.142857,941.5428571,6672.571429,7286173.571
18-05-2020 19:15,3PZuoBAID5Wc2HD,0.0,0.0,5435.0,7013918.0
04-06-2020 09:45,z9Y9gH1T5YWrNuG,6938.0,678.6125,1463.875,7156576.875
11-06-2020 03:30,wCURE6d3bPkepu2,0.0,0.0,0.0,6982403.0
17-05-2020 23:00,bvBOhCH3iADSZry,0.0,0.0,6928.0,6335576.0
03-06-2020 14:45,uHbuxQJl8lW7ozc,9719.0,950.0714286,6109.0,7184514.0
17-05-2020 23:00,ZnxXDlPa8U1GXgE,0.0,0.0,7586.0,6542738.0
22-05-2020 10:30,zVJPv84UY57bAof,5740.0,562.5285714,1827.571429,7166950.571
08-06-2020 21:30,3PZuoBAID5Wc2HD,0.0,0.0,8509.0,7175733.0
01-06-2020 21:15,wCURE6d3bPkepu2,0.0,0.0,5939.0,6915344.0
14-06-2020 05:30,wCURE6d3bPkepu2,0.0,0.0,0.0,7002369.0
28-05-2020 01:00,1BY6WEcLGh8j5v7,0.0,0.0,0.0,6349833.0
05-06-2020 23:00,zBIq5rxdHJRwDNY,0.0,0.0,7723.0,6500302.0
24-05-2020 13:00,ih0vzX44oOqAx2f,12043.85714,1174.271429,4826.714286,6253764.714
19-05-2020 22:30,wCURE6d3bPkepu2,0.0,0.0,6956.0,6815349.0
21-05-2020 21:00,VHMLBKoKgIrUVDU,0.0,0.0,0.0,7256361.0
11-06-2020 15:00,sjndEbLyjtCKgGv,7524.875,736.575,4468.875,7220068.875
30-05-2020 13:00,3PZuoBAID5Wc2HD,9342.142857,913.7142857,3723.285714,7105912.286
22-05-2020 09:15,pkci93gMrogZuBj,5902.0,578.2571429,971.7142857,7218947.714
16-06-2020 02:45,z9Y9gH1T5YWrNuG,0.0,0.0,0.0,7239184.0
03-06-2020 14:45,1BY6WEcLGh8j5v7,8804.0,860.9875,5742.75,6396210.75
29-05-2020 20:30,adLQvlD726eNBSB,0.0,0.0,8343.0,6387352.0
24-05-2020 23:15,z9Y9gH1T5YWrNuG,0.0,0.0,7876.0,7080638.0
21-05-2020 09:45,adLQvlD726eNBSB,10644.42857,1040.1,1781.285714,6315396.286
27-05-2020 07:15,uHbuxQJl8lW7ozc,1904.875,186.4625,133.625,7128671.625
15-05-2020 04:00,7JYdWkrLSPkdwr4,0.0,0.0,0.0,7602960.0
01-06-2020 16:00,pkci93gMrogZuBj,1675.714286,163.9857143,5244.714286,7300035.714
09-06-2020 18:30,uHbuxQJl8lW7ozc,88.14285714,8.514285714,8308.428571,7233862.429
17-05-2020 16:15,WRmjgnKYAwPKWDb,4881.142857,478.7571429,7263.285714,7048693.286
16-06-2020 13:15,z9Y9gH1T5YWrNuG,7248.285714,709.7285714,4065.285714,7243249.286
30-05-2020 03:15,3PZuoBAID5Wc2HD,0.0,0.0,0.0,7102189.0
17-06-2020 10:15,bvBOhCH3iADSZry,6215.0,608.9375,1318.75,6534867.75
22-05-2020 03:15,7JYdWkrLSPkdwr4,0.0,0.0,0.0,7651635.0
02-06-2020 16:15,rGa61gmuvPhdLxV,5059.375,496.2375,6951.75,7248920.75
01-06-2020 11:15,pkci93gMrogZuBj,6662.375,651.825,2943.625,7297734.625
17-06-2020 23:45,bvBOhCH3iADSZry,0.0,0.0,5460.0,6539009.0
31-05-2020 06:15,YxYtjZvoooNbGkE,459.125,44.4125,7.0,7299776.0
16-05-2020 08:15,rGa61gmuvPhdLxV,4699.571429,461.0285714,436.4285714,7118302.429
12-06-2020 11:15,iCRJl6heRkivqQ3,8165.142857,799.1,1929.571429,7387400.571
14-06-2020 03:30,3PZuoBAID5Wc2HD,0.0,0.0,0.0,7210719.0
29-05-2020 16:45,YxYtjZvoooNbGkE,3626.428571,356.4142857,7855.285714,7292259.286
22-05-2020 12:15,3PZuoBAID5Wc2HD,9636.142857,941.9857143,3639.428571,7040940.429
15-05-2020 22:00,YxYtjZvoooNbGkE,0.0,0.0,6291.0,7186257.0
03-06-2020 08:30,zVJPv84UY57bAof,4530.5,444.7625,553.5,7255770.5
15-06-2020 15:15,7JYdWkrLSPkdwr4,5934.75,581.475,5790.875,7833948.875
12-06-2020 13:00,bvBOhCH3iADSZry,7366.125,721.2625,3132.875,6507539.875
28-05-2020 17:45,wCURE6d3bPkepu2,699.25,67.725,8486.625,6887681.625
18-05-2020 15:00,rGa61gmuvPhdLxV,7950.714286,778.2142857,4138.428571,7135675.429
20-05-2020 10:45,1BY6WEcLGh8j5v7,10358.28571,1012.6,2560.142857,6292657.143
17-06-2020 13:00,3PZuoBAID5Wc2HD,7425.0,726.9875,3932.75,7235305.75
10-06-2020 19:00,1BY6WEcLGh8j5v7,0.0,0.0,5911.0,6444981.0
17-06-2020 00:15,iCRJl6heRkivqQ3,0.0,0.0,0.0,7420306.0
12-06-2020 10:15,ZoEaEvLYb1n2sOq,7609.125,744.9,1197.75,7302829.75
17-06-2020 17:00,zVJPv84UY57bAof,1322.714286,128.8428571,5770.714286,7363132.714
22-05-2020 17:00,rGa61gmuvPhdLxV,1442.0,140.5625,6662.5,7167061.5
12-06-2020 04:15,ih0vzX44oOqAx2f,0.0,0.0,0.0,6386553.0
17-06-2020 19:30,bvBOhCH3iADSZry,0.0,0.0,5460.0,6539009.0
19-05-2020 16:30,iCRJl6heRkivqQ3,4700.5,461.2625,6643.25,7210410.25
02-06-2020 06:30,rGa61gmuvPhdLxV,497.875,48.1375,16.875,7241985.875
24-05-2020 20:30,uHbuxQJl8lW7ozc,0.0,0.0,8106.0,7111852.0
13-06-2020 18:15,ih0vzX44oOqAx2f,291.125,28.125,8250.0,6400513.0
13-06-2020 04:00,pkci93gMrogZuBj,0.0,0.0,0.0,7380807.0
02-06-2020 01:15,pkci93gMrogZuBj,0.0,0.0,0.0,7300300.0
26-05-2020 22:45,YxYtjZvoooNbGkE,0.0,0.0,0.0,7269333.0
22-05-2020 06:30,7JYdWkrLSPkdwr4,898.5714286,87.24285714,27.71428571,7651662.714
31-05-2020 14:30,ih0vzX44oOqAx2f,2246.625,220.2625,5227.125,6307494.125
08-06-2020 06:45,iCRJl6heRkivqQ3,1102.5,107.175,45.5,7356556.5
29-05-2020 20:30,7JYdWkrLSPkdwr4,0.0,0.0,8007.0,7714835.0
26-05-2020 11:00,YxYtjZvoooNbGkE,11919.75,1162.9125,3076.375,7264540.375
08-06-2020 00:15,rGa61gmuvPhdLxV,0.0,0.0,0.0,7287673.0
20-05-2020 22:30,sjndEbLyjtCKgGv,0.0,0.0,8777.0,7058061.0
12-06-2020 01:00,rGa61gmuvPhdLxV,0.0,0.0,0.0,7316432.0
07-06-2020 00:30,1BY6WEcLGh8j5v7,0.0,0.0,0.0,6418482.0
16-06-2020 21:45,pkci93gMrogZuBj,0.0,0.0,6261.0,7409478.0
14-06-2020 19:00,sjndEbLyjtCKgGv,0.0,0.0,7307.0,7242811.0
05-06-2020 23:00,zVJPv84UY57bAof,0.0,0.0,7817.0,7279090.0
28-05-2020 18:15,z9Y9gH1T5YWrNuG,264.7142857,25.58571429,8474.0,7112359.0
14-06-2020 19:30,rGa61gmuvPhdLxV,0.0,0.0,7302.0,7337972.0
26-05-2020 11:00,rGa61gmuvPhdLxV,12278.75,1197.875,3009.375,7195111.375
16-06-2020 20:30,zBIq5rxdHJRwDNY,0.0,0.0,5719.0,6577552.0
06-06-2020 01:45,7JYdWkrLSPkdwr4,0.0,0.0,0.0,7764140.0
14-06-2020 13:45,zBIq5rxdHJRwDNY,11909.375,1162.575,4896.625,6562718.625
09-06-2020 00:00,McdE0feGgRqW7Ca,0.0,0.0,0.0,7346782.0
17-06-2020 15:00,wCURE6d3bPkepu2,5077.75,497.8,5343.75,7028061.75
09-06-2020 07:45,bvBOhCH3iADSZry,2368.857143,232.4,262.0,6486248.0
22-05-2020 18:30,YxYtjZvoooNbGkE,0.0,0.0,7087.0,7236121.0
02-06-2020 06:00,wCURE6d3bPkepu2,92.71428571,8.942857143,0.571428571,6915344.571
12-06-2020 19:30,ZoEaEvLYb1n2sOq,0.0,0.0,5753.0,7307385.0
09-06-2020 00:30,ZnxXDlPa8U1GXgE,0.0,0.0,0.0,6709698.0
12-06-2020 19:15,1BY6WEcLGh8j5v7,0.0,0.0,5441.0,6455679.0
03-06-2020 16:15,sjndEbLyjtCKgGv,4077.375,399.925,7303.0,7162750.0
09-06-2020 19:30,bvBOhCH3iADSZry,0.0,0.0,7361.0,6493347.0
25-05-2020 20:30,z9Y9gH1T5YWrNuG,0.0,0.0,8802.0,7089440.0
07-06-2020 04:00,3PZuoBAID5Wc2HD,0.0,0.0,0.0,7158982.0
15-06-2020 00:15,zVJPv84UY57bAof,0.0,0.0,0.0,7344280.0
25-05-2020 00:45,3PZuoBAID5Wc2HD,0.0,0.0,0.0,7061568.0
26-05-2020 17:45,ZoEaEvLYb1n2sOq,494.75,47.8625,7760.75,7186674.75
16-06-2020 15:30,adLQvlD726eNBSB,6467.857143,633.5857143,5679.714286,6517681.714
06-06-2020 23:45,zVJPv84UY57bAof,0.0,0.0,0.0,7285530.0
05-06-2020 23:45,wCURE6d3bPkepu2,0.0,0.0,3874.0,6946769.0
08-06-2020 10:45,WRmjgnKYAwPKWDb,11490.28571,1121.142857,2761.142857,7207443.143
15-05-2020 12:30,adLQvlD726eNBSB,10091.71429,985.2142857,3178.142857,6274533.143
04-06-2020 04:00,sjndEbLyjtCKgGv,0.0,0.0,0.0,7163293.0
04-06-2020 18:45,7JYdWkrLSPkdwr4,0.0,0.0,7999.0,7756621.0
15-06-2020 07:15,YxYtjZvoooNbGkE,2106.571429,206.4285714,151.2857143,7406853.286
17-05-2020 16:30,wCURE6d3bPkepu2,4061.75,398.575,7228.25,6802698.25
19-05-2020 01:30,zBIq5rxdHJRwDNY,0.0,0.0,0.0,6365047.0
24-05-2020 04:45,zVJPv84UY57bAof,0.0,0.0,0.0,7180838.0
07-06-2020 00:00,YxYtjZvoooNbGkE,0.0,0.0,0.0,7348812.0
29-05-2020 07:45,1IF53ai7Xc0U56Y,2811.857143,275.9,256.2857143,6290214.286
02-06-2020 09:45,ih0vzX44oOqAx2f,9622.571429,941.0142857,1686.714286,6315669.714
17-05-2020 04:30,1IF53ai7Xc0U56Y,0.0,0.0,0.0,6196594.0
14-06-2020 07:00,ih0vzX44oOqAx2f,1861.375,182.2375,69.25,6400587.25
13-06-2020 19:45,sjndEbLyjtCKgGv,0.0,0.0,8403.0,7235504.0
15-05-2020 17:00,YxYtjZvoooNbGkE,2377.625,233.225,6157.25,7186123.25
27-05-2020 08:30,bvBOhCH3iADSZry,4887.0,479.4142857,628.4285714,6400328.429
06-06-2020 02:00,bvBOhCH3iADSZry,0.0,0.0,0.0,6467251.0
27-05-2020 00:30,rGa61gmuvPhdLxV,0.0,0.0,0.0,7199869.0
12-06-2020 09:30,rGa61gmuvPhdLxV,5379.285714,527.2571429,764.5714286,7317196.571
14-06-2020 18:45,3PZuoBAID5Wc2HD,0.0,0.0,7504.0,7218223.0
27-05-2020 01:30,wCURE6d3bPkepu2,0.0,0.0,0.0,6872485.0
12-06-2020 01:45,wCURE6d3bPkepu2,0.0,0.0,0.0,6988054.0
16-06-2020 10:00,ZoEaEvLYb1n2sOq,11288.375,1102.0875,1633.25,7331324.25
05-06-2020 08:45,WRmjgnKYAwPKWDb,7819.857143,765.1428571,773.7142857,7183438.714
31-05-2020 03:00,7JYdWkrLSPkdwr4,0.0,0.0,0.0,7721978.0
13-06-2020 01:45,ZoEaEvLYb1n2sOq,0.0,0.0,0.0,7307385.0
09-06-2020 19:45,zVJPv84UY57bAof,0.0,0.0,8289.0,7310456.0
22-05-2020 04:45,z9Y9gH1T5YWrNuG,0.0,0.0,0.0,7057147.0
22-05-2020 00:15,YxYtjZvoooNbGkE,0.0,0.0,0.0,7229034.0
05-06-2020 17:00,ZnxXDlPa8U1GXgE,4009.857143,393.4,7299.0,6686361.0
19-05-2020 03:15,ZnxXDlPa8U1GXgE,0.0,0.0,0.0,6548162.0
23-05-2020 10:30,zVJPv84UY57bAof,9363.125,915.325,2320.25,7174614.25
19-05-2020 22:00,sjndEbLyjtCKgGv,0.0,0.0,6879.0,7049284.0
18-05-2020 17:15,3PZuoBAID5Wc2HD,1668.0,163.2142857,5354.142857,7013837.143
31-05-2020 17:15,sjndEbLyjtCKgGv,1790.5,175.5,5881.75,7142136.75
25-05-2020 13:15,zBIq5rxdHJRwDNY,11526.83333,1124.633333,5476.333333,6417234.333
17-06-2020 00:15,ZnxXDlPa8U1GXgE,0.0,0.0,0.0,6764808.0
03-06-2020 19:45,bvBOhCH3iADSZry,0.0,0.0,7237.0,6452724.0
08-06-2020 13:15,pkci93gMrogZuBj,8984.857143,877.6857143,5249.857143,7351381.857
05-06-2020 02:30,1BY6WEcLGh8j5v7,0.0,0.0,0.0,6405380.0
15-06-2020 16:30,uHbuxQJl8lW7ozc,3499.875,344.0375,6549.0,7274386.0
22-05-2020 09:00,rGa61gmuvPhdLxV,4814.6,472.28,838.0,7161237.0
31-05-2020 15:30,wCURE6d3bPkepu2,3348.5,328.9875,5740.0,6908898.0
17-05-2020 09:30,VHMLBKoKgIrUVDU,8633.25,844.7,1373.375,7220753.375
09-06-2020 01:45,3PZuoBAID5Wc2HD,0.0,0.0,0.0,7175733.0
22-05-2020 09:00,WRmjgnKYAwPKWDb,4839.285714,474.5571429,903.4285714,7078261.429
27-05-2020 09:00,ZoEaEvLYb1n2sOq,7891.428571,772.4285714,993.4285714,7187683.429
28-05-2020 02:00,zBIq5rxdHJRwDNY,0.0,0.0,0.0,6434083.0
08-06-2020 06:15,zVJPv84UY57bAof,454.4285714,43.92857143,6.142857143,7293796.143
13-06-2020 16:45,sjndEbLyjtCKgGv,2123.125,208.025,8217.75,7235318.75
02-06-2020 07:15,3PZuoBAID5Wc2HD,1727.571429,169.0428571,106.7142857,7121375.714
20-05-2020 08:00,ZoEaEvLYb1n2sOq,5110.714286,501.1,392.5714286,7130724.571
02-06-2020 12:30,ZoEaEvLYb1n2sOq,8711.5,851.9125,3752.375,7232192.375
23-05-2020 19:15,wCURE6d3bPkepu2,0.0,0.0,8605.0,6847830.0
22-05-2020 21:45,adLQvlD726eNBSB,0.0,0.0,7378.0,6328951.0
14-06-2020 14:30,1BY6WEcLGh8j5v7,7387.142857,723.2142857,2561.428571,6466224.429
15-06-2020 21:15,7JYdWkrLSPkdwr4,0.0,0.0,6641.0,7834799.0
30-05-2020 20:00,McdE0feGgRqW7Ca,0.0,0.0,7352.0,7280565.0
03-06-2020 10:30,rGa61gmuvPhdLxV,9038.142857,884.1285714,1708.714286,7251038.714
01-06-2020 17:00,McdE0feGgRqW7Ca,1345.625,130.9625,5895.5,7292655.5
15-05-2020 02:00,7JYdWkrLSPkdwr4,0.0,0.0,0.0,7602960.0
03-06-2020 19:30,bvBOhCH3iADSZry,0.0,0.0,7237.0,6452724.0
07-06-2020 10:00,uHbuxQJl8lW7ozc,6715.375,657.775,1475.25,7210330.25
12-06-2020 01:30,ZoEaEvLYb1n2sOq,0.0,0.0,0.0,7301632.0
12-06-2020 01:45,WRmjgnKYAwPKWDb,0.0,0.0,0.0,7232986.0
30-05-2020 18:15,3PZuoBAID5Wc2HD,290.5714286,28.08571429,7295.571429,7109484.571
20-05-2020 03:30,zBIq5rxdHJRwDNY,0.0,0.0,0.0,6371971.0
28-05-2020 14:45,YxYtjZvoooNbGkE,7674.857143,751.0714286,6832.0,7282861.0
03-06-2020 00:00,ZnxXDlPa8U1GXgE,0.0,0.0,0.0,6662968.0
20-05-2020 20:45,zVJPv84UY57bAof,0.0,0.0,8842.0,7157179.0
06-06-2020 10:15,uHbuxQJl8lW7ozc,8708.875,850.3625,2036.75,7204409.75
04-06-2020 13:15,wCURE6d3bPkepu2,12499.28571,1219.557143,4895.285714,6935671.286
02-06-2020 03:30,bvBOhCH3iADSZry,0.0,0.0,0.0,6438645.0
27-05-2020 05:45,1BY6WEcLGh8j5v7,0.0,0.0,0.0,6343669.0
10-06-2020 20:45,z9Y9gH1T5YWrNuG,0.0,0.0,6412.0,7205465.0
11-06-2020 03:45,YxYtjZvoooNbGkE,0.0,0.0,0.0,7379687.0
27-05-2020 06:30,1BY6WEcLGh8j5v7,792.0,76.82857143,19.0,6343688.0
11-06-2020 10:30,7JYdWkrLSPkdwr4,5683.285714,557.0,1191.857143,7802282.857
16-05-2020 15:45,WRmjgnKYAwPKWDb,3861.75,379.5125,6147.25,7040962.25
14-06-2020 01:00,zVJPv84UY57bAof,0.0,0.0,0.0,7336960.0
21-05-2020 09:15,McdE0feGgRqW7Ca,9075.428571,887.7857143,1206.428571,7202268.429
30-05-2020 00:00,ZoEaEvLYb1n2sOq,0.0,0.0,0.0,7209600.0
31-05-2020 09:45,zBIq5rxdHJRwDNY,6155.142857,602.9857143,1264.0,6458565.0
25-05-2020 02:30,adLQvlD726eNBSB,0.0,0.0,0.0,6346131.0
20-05-2020 07:45,YxYtjZvoooNbGkE,4256.75,418.1,286.625,7212762.625
14-06-2020 07:15,zBIq5rxdHJRwDNY,3147.142857,309.2428571,132.8571429,6557954.857
24-05-2020 11:30,1BY6WEcLGh8j5v7,12591.75,1227.7125,3125.75,6323528.75
22-05-2020 14:45,3PZuoBAID5Wc2HD,10507.71429,1027.128571,6218.428571,7043519.429
31-05-2020 02:30,3PZuoBAID5Wc2HD,0.0,0.0,0.0,7109488.0
28-05-2020 18:00,zVJPv84UY57bAof,486.125,47.0,8378.0,7220460.0
30-05-2020 19:15,WRmjgnKYAwPKWDb,0.0,0.0,7130.0,7148029.0
18-05-2020 15:00,ZnxXDlPa8U1GXgE,7872.5,770.6125,4203.25,6546941.25
06-06-2020 07:15,z9Y9gH1T5YWrNuG,3304.625,324.6875,162.625,7171163.625
10-06-2020 04:45,ZoEaEvLYb1n2sOq,0.0,0.0,0.0,7289679.0
27-05-2020 06:15,z9Y9gH1T5YWrNuG,376.25,36.35,6.5,7097189.5
06-06-2020 17:30,ZnxXDlPa8U1GXgE,451.4285714,43.64285714,6333.142857,6693032.143
27-05-2020 15:30,ih0vzX44oOqAx2f,8959.428571,876.4428571,5670.0,6277961.0
20-05-2020 03:00,pkci93gMrogZuBj,0.0,0.0,0.0,7201349.0
20-05-2020 06:00,ZoEaEvLYb1n2sOq,96.71428571,9.342857143,0.428571429,7130332.429
21-05-2020 21:45,zBIq5rxdHJRwDNY,0.0,0.0,7737.0,6388599.0
17-05-2020 16:45,ZnxXDlPa8U1GXgE,3781.714286,371.4142857,7385.285714,6542537.286
18-05-2020 18:45,1BY6WEcLGh8j5v7,0.0,0.0,4998.0,6283648.0
18-05-2020 22:15,bvBOhCH3iADSZry,0.0,0.0,4962.0,6340538.0
22-05-2020 10:45,sjndEbLyjtCKgGv,8294.625,810.6,1959.875,7067845.875
22-05-2020 10:15,uHbuxQJl8lW7ozc,8372.125,819.2,1676.75,7089652.75
17-06-2020 13:30,1IF53ai7Xc0U56Y,9940.125,971.35,4385.25,6431917.25
22-05-2020 10:30,bvBOhCH3iADSZry,6874.571429,672.7428571,1750.142857,6363898.143
01-06-2020 04:15,bvBOhCH3iADSZry,0.0,0.0,0.0,6433267.0
22-05-2020 08:45,7JYdWkrLSPkdwr4,3877.75,380.8125,770.75,7652405.75
17-06-2020 20:30,iCRJl6heRkivqQ3,0.0,0.0,5957.0,7426263.0
31-05-2020 11:00,ZnxXDlPa8U1GXgE,7174.714286,702.0,2347.428571,6645730.429
07-06-2020 11:30,wCURE6d3bPkepu2,11830.125,1154.675,3100.375,6956194.375
06-06-2020 18:00,VHMLBKoKgIrUVDU,236.375,22.8125,6429.0,7377983.0
15-05-2020 07:45,wCURE6d3bPkepu2,2043.5,200.325,222.5,6782820.5
19-05-2020 13:00,rGa61gmuvPhdLxV,9075.714286,887.6,3937.714286,7140839.714
20-05-2020 19:45,ih0vzX44oOqAx2f,0.0,0.0,8664.0,6225941.0
25-05-2020 10:45,3PZuoBAID5Wc2HD,11998.125,1169.8,2885.375,7064453.375
26-05-2020 03:45,7JYdWkrLSPkdwr4,0.0,0.0,0.0,7684020.0
15-06-2020 07:15,iCRJl6heRkivqQ3,2143.25,209.975,151.75,7407375.75
14-06-2020 04:15,WRmjgnKYAwPKWDb,0.0,0.0,0.0,7247179.0
02-06-2020 23:30,iCRJl6heRkivqQ3,0.0,0.0,7465.0,7317813.0
09-06-2020 12:45,zBIq5rxdHJRwDNY,9451.375,923.275,4692.75,6527961.75
13-06-2020 08:45,ZoEaEvLYb1n2sOq,6877.142857,673.3285714,858.7142857,7308243.714
02-06-2020 02:45,uHbuxQJl8lW7ozc,0.0,0.0,0.0,7170942.0
12-06-2020 23:45,adLQvlD726eNBSB,0.0,0.0,5132.571429,6488722.0
07-06-2020 02:00,1IF53ai7Xc0U56Y,0.0,0.0,0.0,6355099.0
25-05-2020 04:15,1BY6WEcLGh8j5v7,0.0,0.0,0.0,6327940.0
17-06-2020 03:00,zBIq5rxdHJRwDNY,0.0,0.0,0.0,6577552.0
29-05-2020 09:15,z9Y9gH1T5YWrNuG,8980.857143,878.5285714,1016.428571,7113378.429
24-05-2020 18:45,uHbuxQJl8lW7ozc,0.0,0.0,8106.0,7111852.0
13-06-2020 17:45,wCURE6d3bPkepu2,926.5,89.9625,8427.125,7002335.125
22-05-2020 10:00,zBIq5rxdHJRwDNY,7977.571429,779.9857143,1462.0,6390061.0
28-05-2020 04:15,uHbuxQJl8lW7ozc,0.0,0.0,0.0,7135258.0
08-06-2020 07:45,ZnxXDlPa8U1GXgE,4066.285714,399.3285714,261.0,6701524.0
23-05-2020 18:45,rGa61gmuvPhdLxV,0.0,0.0,8152.0,7175293.0
13-06-2020 16:15,bvBOhCH3iADSZry,2711.142857,266.0857143,7539.571429,6517318.571
03-06-2020 20:30,7JYdWkrLSPkdwr4,0.0,0.0,7749.0,7748622.0
30-05-2020 20:45,YxYtjZvoooNbGkE,0.0,0.0,7266.0,7299769.0
04-06-2020 21:30,sjndEbLyjtCKgGv,0.0,0.0,0.0,7171518.0
09-06-2020 17:00,pkci93gMrogZuBj,3330.714286,327.4714286,8006.285714,7362482.286
24-05-2020 14:00,YxYtjZvoooNbGkE,9418.0,920.3125,6014.5,7250694.5
21-05-2020 13:15,3PZuoBAID5Wc2HD,13309.875,1297.7125,5226.5,7034720.5
31-05-2020 15:45,iCRJl6heRkivqQ3,3089.0,303.4875,5539.125,7304137.125
02-06-2020 16:00,rGa61gmuvPhdLxV,6818.857143,667.8,6793.857143,7248762.857
01-06-2020 20:00,z9Y9gH1T5YWrNuG,0.0,0.0,5931.0,7139828.0
07-06-2020 10:30,zVJPv84UY57bAof,9446.0,923.8142857,1881.142857,7287411.143
12-06-2020 02:00,uHbuxQJl8lW7ozc,0.0,0.0,0.0,7246206.0
20-05-2020 06:00,sjndEbLyjtCKgGv,99.14285714,9.585714286,0.428571429,7049284.429
09-06-2020 11:15,sjndEbLyjtCKgGv,12624.71429,1231.485714,3291.285714,7204216.286
04-06-2020 00:00,ZoEaEvLYb1n2sOq,0.0,0.0,0.0,7243501.0
27-05-2020 16:15,zBIq5rxdHJRwDNY,4900.5,480.225,5978.125,6433680.125
03-06-2020 22:00,McdE0feGgRqW7Ca,0.0,0.0,8010.0,7308369.0
30-05-2020 07:45,rGa61gmuvPhdLxV,2339.75,229.4125,227.875,7223301.875
23-05-2020 15:45,YxYtjZvoooNbGkE,7791.857143,762.7714286,7613.142857,7243734.143
16-05-2020 08:45,adLQvlD726eNBSB,6839.125,669.8125,764.0,6278502.0
19-05-2020 13:30,1BY6WEcLGh8j5v7,7291.428571,713.9142857,4062.142857,6287710.143
07-06-2020 04:30,z9Y9gH1T5YWrNuG,0.0,0.0,0.0,7177289.0
06-06-2020 09:30,zBIq5rxdHJRwDNY,8558.0,836.9714286,1306.857143,6501608.857
01-06-2020 09:15,zBIq5rxdHJRwDNY,5917.375,579.95,1252.625,6464491.625
31-05-2020 23:30,zBIq5rxdHJRwDNY,0.0,0.0,0.0,6463239.0
17-05-2020 01:45,WRmjgnKYAwPKWDb,0.0,0.0,0.0,7041430.0
28-05-2020 03:15,rGa61gmuvPhdLxV,0.0,0.0,0.0,7206549.0
02-06-2020 07:00,sjndEbLyjtCKgGv,1711.714286,167.4857143,60.28571429,7148068.286
24-05-2020 08:00,iCRJl6heRkivqQ3,4865.125,477.1625,387.625,7243607.625
27-05-2020 22:15,rGa61gmuvPhdLxV,0.0,0.0,0.0,7206549.0
16-05-2020 03:45,McdE0feGgRqW7Ca,0.0,0.0,0.0,7165435.0
15-05-2020 07:30,bvBOhCH3iADSZry,1865.142857,182.8,162.8571429,6316965.857
23-05-2020 04:30,z9Y9gH1T5YWrNuG,0.0,0.0,0.0,7064219.0
05-06-2020 00:15,uHbuxQJl8lW7ozc,0.0,0.0,0.0,7194535.0
13-06-2020 01:45,pkci93gMrogZuBj,0.0,0.0,0.0,7380807.0
01-06-2020 07:00,uHbuxQJl8lW7ozc,2111.125,207.0,98.875,7165451.875
13-06-2020 23:00,pkci93gMrogZuBj,0.0,0.0,8354.0,7389161.0
20-05-2020 00:30,1IF53ai7Xc0U56Y,0.0,0.0,0.0,6216430.0
31-05-2020 09:45,adLQvlD726eNBSB,6649.625,651.1875,1217.625,6395988.625
25-05-2020 14:30,sjndEbLyjtCKgGv,10647.85714,1040.785714,7080.142857,7096431.143
16-06-2020 19:30,McdE0feGgRqW7Ca,0.0,0.0,6365.0,7402595.0
16-06-2020 10:30,rGa61gmuvPhdLxV,8414.875,823.4625,2137.0,7346841.0
09-06-2020 21:00,uHbuxQJl8lW7ozc,0.0,0.0,8309.0,7233863.0
26-05-2020 00:30,YxYtjZvoooNbGkE,0.0,0.0,0.0,7261464.0
01-06-2020 00:45,ih0vzX44oOqAx2f,0.0,0.0,0.0,6308232.0
28-05-2020 21:15,3PZuoBAID5Wc2HD,0.0,0.0,8528.0,7093979.0
02-06-2020 06:45,zVJPv84UY57bAof,820.5714286,79.62857143,31.71428571,7247797.714
14-06-2020 14:15,ZnxXDlPa8U1GXgE,11710.625,1142.875,5602.125,6749945.125
16-06-2020 14:15,uHbuxQJl8lW7ozc,4756.625,466.625,4774.25,7279517.25
08-06-2020 23:45,1BY6WEcLGh8j5v7,0.0,0.0,7864.0,6431614.0
27-05-2020 20:00,adLQvlD726eNBSB,0.0,0.0,6857.0,6370373.0
07-06-2020 01:30,rGa61gmuvPhdLxV,0.0,0.0,0.0,7279501.0
06-06-2020 21:00,ih0vzX44oOqAx2f,0.0,0.0,6197.0,6350673.0
18-05-2020 02:45,zBIq5rxdHJRwDNY,0.0,0.0,0.0,6359657.0
19-05-2020 07:30,1IF53ai7Xc0U56Y,2711.142857,265.9285714,188.8571429,6209994.857
18-05-2020 23:30,YxYtjZvoooNbGkE,0.0,0.0,5369.0,7205598.0
28-05-2020 08:15,WRmjgnKYAwPKWDb,6104.125,598.1125,591.0,7125129.0
21-05-2020 20:30,pkci93gMrogZuBj,0.0,0.0,7778.0,7217976.0
05-06-2020 05:45,7JYdWkrLSPkdwr4,0.0,0.0,0.0,7756621.0
02-06-2020 22:00,pkci93gMrogZuBj,0.0,0.0,7350.0,7307650.0
13-06-2020 11:30,pkci93gMrogZuBj,13125.28571,1279.7,3415.714286,7384222.714
25-05-2020 16:45,ZnxXDlPa8U1GXgE,1341.125,130.5,8796.25,6604552.25
15-06-2020 12:30,ZoEaEvLYb1n2sOq,5858.142857,574.0714286,4093.571429,7327145.571
04-06-2020 04:15,1IF53ai7Xc0U56Y,0.0,0.0,0.0,6332659.0
28-05-2020 16:45,sjndEbLyjtCKgGv,3904.714286,383.4857143,8074.142857,7120639.143
28-05-2020 03:15,ZnxXDlPa8U1GXgE,0.0,0.0,0.0,6619376.0
17-05-2020 10:15,rGa61gmuvPhdLxV,9486.428571,927.8,2014.285714,7126113.286
03-06-2020 19:45,wCURE6d3bPkepu2,0.0,0.0,7907.0,6930776.0
13-06-2020 13:15,VHMLBKoKgIrUVDU,9266.571429,905.5285714,5696.285714,7426610.286
25-05-2020 05:00,adLQvlD726eNBSB,0.0,0.0,0.0,6346131.0
03-06-2020 02:30,ZnxXDlPa8U1GXgE,0.0,0.0,0.0,6662968.0
21-05-2020 15:00,ZoEaEvLYb1n2sOq,10241.625,1000.8875,6623.5,7145691.5
15-05-2020 19:15,bvBOhCH3iADSZry,0.0,0.0,5707.0,6322510.0
31-05-2020 08:00,sjndEbLyjtCKgGv,2754.571429,270.3142857,253.2857143,7136508.286
26-05-2020 04:00,uHbuxQJl8lW7ozc,0.0,0.0,0.0,7120696.0
09-06-2020 01:15,pkci93gMrogZuBj,0.0,0.0,0.0,7354476.0
24-05-2020 23:45,WRmjgnKYAwPKWDb,0.0,0.0,8091.0,7101117.0
01-06-2020 22:30,sjndEbLyjtCKgGv,0.0,0.0,5766.0,7148008.0
22-05-2020 09:15,7JYdWkrLSPkdwr4,5459.0,535.05,1018.875,7652653.875
25-05-2020 21:30,McdE0feGgRqW7Ca,0.0,0.0,8958.0,7241649.0
05-06-2020 12:45,zVJPv84UY57bAof,5317.285714,521.3714286,4029.285714,7275302.286
24-05-2020 02:30,WRmjgnKYAwPKWDb,0.0,0.0,0.0,7093026.0
25-05-2020 21:30,zBIq5rxdHJRwDNY,0.0,0.0,8443.0,6420201.0
02-06-2020 00:00,1IF53ai7Xc0U56Y,0.0,0.0,0.0,6317444.0
17-05-2020 21:30,McdE0feGgRqW7Ca,0.0,0.0,7606.0,7179627.0
04-06-2020 10:00,z9Y9gH1T5YWrNuG,10364.71429,1011.842857,1668.285714,7156781.286
10-06-2020 07:45,VHMLBKoKgIrUVDU,4396.285714,431.6,326.4285714,7403142.429
24-05-2020 15:45,1BY6WEcLGh8j5v7,3352.0,328.5375,6880.625,6327283.625
09-06-2020 01:45,YxYtjZvoooNbGkE,0.0,0.0,0.0,7365310.0
